{
  "kl": {
    "alpha": 0.5404694835680751,
    "std_alpha": 0.15848365426063538
  },
  "reverse_kl": {
    "alpha": 0.5300092336103417,
    "std_alpha": 0.16110879182815552
  },
  "js": {
    "alpha": 0.5508788598574822,
    "std_alpha": 0.15169893205165863
  },
  "tv": {
    "alpha": 0.5468366383380547,
    "std_alpha": 0.1587960422039032
  },
  "token_match": {
    "alpha": 0.5487422876127195,
    "std_alpha": 0.15005473792552948
  }
}