{
  "alpha": 0.29024390243902437,
  "alpha_std": 0.06068174168467522,
  "mean_accepted_length": 1.451219512195122,
  "per_position_alpha": [
    0.4826219512195122,
    0.7334175615919141,
    0.7450473729543498,
    0.7583815028901734,
    0.7545731707317073
  ],
  "per_prompt_alpha": [
    0.24594594594594596,
    0.26285714285714284,
    0.35714285714285715,
    0.24,
    0.36140350877192984,
    0.24324324324324326,
    0.2953846153846154,
    0.2074074074074074,
    0.296875,
    0.3423728813559322,
    0.24383561643835616,
    0.35517241379310344,
    0.42745098039215684,
    0.3482758620689655,
    0.2735294117647059,
    0.24722222222222223,
    0.2076923076923077,
    0.32903225806451614,
    0.2535211267605634,
    0.34385964912280703,
    0.32459016393442625,
    0.21842105263157896,
    0.2823529411764706,
    0.4076923076923077,
    0.20759493670886076,
    0.2507042253521127,
    0.4,
    0.37454545454545457,
    0.24266666666666667,
    0.3,
    0.33559322033898303,
    0.30793650793650795,
    0.4,
    0.2563380281690141,
    0.2128205128205128,
    0.35172413793103446,
    0.2465753424657534,
    0.26285714285714284,
    0.37142857142857144,
    0.31475409836065577,
    0.428,
    0.2735294117647059,
    0.3333333333333333,
    0.27058823529411763,
    0.303125,
    0.2746268656716418,
    0.27575757575757576,
    0.22,
    0.2591549295774648,
    0.296875
  ],
  "num_prompts": 50,
  "total_tokens_generated": 6457,
  "draft_k": 5,
  "max_new_tokens": 128,
  "target_model": "Qwen/Qwen2.5-7B-Instruct",
  "draft_model": "Qwen/Qwen2.5-0.5B-Instruct",
  "adapter_path": "results/exp1/baseline_chat/final",
  "domain": "chat",
  "seed": 42
}