{
  "alpha": 0.2545608585145439,
  "alpha_std": 0.05742441117763519,
  "mean_accepted_length": 1.2728042925727197,
  "per_position_alpha": [
    0.4532617904546738,
    0.6990654205607477,
    0.7112299465240641,
    0.7117794486215538,
    0.7288732394366197
  ],
  "per_prompt_alpha": [
    0.22933333333333333,
    0.15869565217391304,
    0.22702702702702704,
    0.15824175824175823,
    0.3678571428571429,
    0.2735294117647059,
    0.2507042253521127,
    0.24166666666666667,
    0.27647058823529413,
    0.24788732394366197,
    0.15053763440860216,
    0.27246376811594203,
    0.3161290322580645,
    0.30793650793650795,
    0.20506329113924052,
    0.303125,
    0.21025641025641026,
    0.2611111111111111,
    0.18095238095238095,
    0.2074074074074074,
    0.22894736842105262,
    0.2,
    0.28307692307692306,
    0.31290322580645163,
    0.21794871794871795,
    0.23513513513513515,
    0.3586206896551724,
    0.23243243243243245,
    0.24324324324324326,
    0.26956521739130435,
    0.21298701298701297,
    0.3482758620689655,
    0.36140350877192984,
    0.26,
    0.1880952380952381,
    0.2563380281690141,
    0.263768115942029,
    0.2787878787878788,
    0.3225806451612903,
    0.303125,
    0.2984126984126984,
    0.4115384615384615,
    0.3161290322580645,
    0.2535211267605634,
    0.2153846153846154,
    0.2579710144927536,
    0.3161290322580645,
    0.32666666666666666,
    0.26285714285714284,
    0.20987654320987653
  ],
  "num_prompts": 50,
  "total_tokens_generated": 6443,
  "draft_k": 5,
  "max_new_tokens": 128,
  "target_model": "Qwen/Qwen2.5-7B-Instruct",
  "draft_model": "Qwen/Qwen2.5-0.5B-Instruct",
  "adapter_path": null,
  "domain": "chat",
  "seed": 42
}