{
  "alpha": 0.36338624338624337,
  "alpha_std": 0.14597170054912567,
  "mean_accepted_length": 1.8169312169312168,
  "per_position_alpha": [
    0.5340388007054674,
    0.7906208718626155,
    0.8045112781954887,
    0.8400830737279336,
    0.8257107540173053
  ],
  "per_prompt_alpha": [
    0.3781818181818182,
    0.28484848484848485,
    0.26857142857142857,
    0.5,
    0.2923076923076923,
    0.3,
    0.6210526315789474,
    0.2507042253521127,
    0.2,
    0.3448275862068966,
    0.28923076923076924,
    0.38181818181818183,
    0.5609756097560976,
    0.303125,
    0.34385964912280703,
    0.6102564102564103,
    0.31475409836065577,
    0.27058823529411763,
    0.84,
    0.37142857142857144,
    0.25142857142857145,
    0.48695652173913045,
    0.2563380281690141,
    0.5804878048780487,
    0.58,
    0.39622641509433965,
    0.28955223880597014,
    0.5476190476190477,
    0.35,
    0.2735294117647059,
    0.6421052631578947,
    0.2563380281690141,
    0.3161290322580645,
    0.41509433962264153,
    0.34,
    0.21794871794871795,
    0.7058823529411765,
    0.4076923076923077,
    0.2835820895522388,
    0.6777777777777778,
    0.34098360655737703,
    0.30158730158730157,
    0.44,
    0.45,
    0.32131147540983607,
    0.4808510638297872,
    0.33559322033898303,
    0.2909090909090909,
    0.49777777777777776,
    0.24383561643835616
  ],
  "num_prompts": 50,
  "total_tokens_generated": 6472,
  "draft_k": 5,
  "max_new_tokens": 128,
  "target_model": "Qwen/Qwen2.5-7B-Instruct",
  "draft_model": "Qwen/Qwen2.5-0.5B-Instruct",
  "adapter_path": "results/exp1/baseline_medical/final",
  "domain": "mixed",
  "seed": 42
}