{
  "alpha": 0.3588954910870325,
  "alpha_std": 0.14945493638515472,
  "mean_accepted_length": 1.7944774554351626,
  "per_position_alpha": [
    0.5372247465921006,
    0.7931034482758621,
    0.77850697292863,
    0.8229715489989463,
    0.8297055057618438
  ],
  "per_prompt_alpha": [
    0.37142857142857144,
    0.36428571428571427,
    0.2835820895522388,
    0.3586206896551724,
    0.2410958904109589,
    0.3423728813559322,
    0.6555555555555556,
    0.2356164383561644,
    0.2128205128205128,
    0.4037735849056604,
    0.2909090909090909,
    0.24864864864864866,
    0.436,
    0.36140350877192984,
    0.23243243243243245,
    0.6722222222222223,
    0.3543859649122807,
    0.41923076923076924,
    0.8,
    0.25217391304347825,
    0.2878787878787879,
    0.4808510638297872,
    0.303125,
    0.2591549295774648,
    0.5272727272727272,
    0.3508771929824561,
    0.27246376811594203,
    0.5523809523809524,
    0.34915254237288135,
    0.30793650793650795,
    0.6324324324324324,
    0.7935483870967742,
    0.25,
    0.46938775510204084,
    0.3620689655172414,
    0.315625,
    0.6722222222222223,
    0.26956521739130435,
    0.3423728813559322,
    0.58,
    0.37454545454545457,
    0.263768115942029,
    0.3821428571428571,
    0.38545454545454544,
    0.3233333333333333,
    0.49777777777777776,
    0.32459016393442625,
    0.2823529411764706,
    0.5571428571428572,
    0.21794871794871795
  ],
  "num_prompts": 50,
  "total_tokens_generated": 6458,
  "draft_k": 5,
  "max_new_tokens": 128,
  "target_model": "Qwen/Qwen2.5-7B-Instruct",
  "draft_model": "Qwen/Qwen2.5-0.5B-Instruct",
  "adapter_path": "results/exp1/baseline_chat/final",
  "domain": "mixed",
  "seed": 42
}