{
  "alpha": 0.5495016611295681,
  "alpha_std": 0.1526682823896408,
  "mean_accepted_length": 2.7475083056478407,
  "per_position_alpha": [
    0.6720455624110109,
    0.9046610169491526,
    0.8790007806401249,
    0.9174067495559503,
    0.9031945788964182
  ],
  "per_prompt_alpha": [
    0.6153846153846154,
    0.7294117647058823,
    0.595,
    0.8620689655172413,
    0.8689655172413793,
    0.6205128205128205,
    0.5066666666666667,
    0.605,
    0.631578947368421,
    0.428,
    0.8266666666666667,
    0.4153846153846154,
    0.6153846153846154,
    0.49777777777777776,
    0.6648648648648648,
    0.6888888888888889,
    0.6263157894736842,
    0.9071428571428571,
    0.58,
    0.5666666666666667,
    0.6210526315789474,
    0.49130434782608695,
    0.4076923076923077,
    0.6914285714285714,
    0.49333333333333335,
    0.8258064516129032,
    0.5658536585365853,
    0.6102564102564103,
    0.6432432432432432,
    0.3849056603773585,
    0.6555555555555556,
    1.0,
    0.5395348837209303,
    0.5181818181818182,
    0.32459016393442625,
    0.49777777777777776,
    0.41568627450980394,
    0.6666666666666666,
    0.41509433962264153,
    0.5666666666666667,
    0.46122448979591835,
    0.4448979591836735,
    0.4723404255319149,
    0.6594594594594595,
    0.5571428571428572,
    0.4235294117647059,
    0.3781818181818182,
    0.58,
    0.3389830508474576,
    0.3814814814814815
  ],
  "num_prompts": 50,
  "total_tokens_generated": 6480,
  "draft_k": 5,
  "max_new_tokens": 128,
  "target_model": "Qwen/Qwen2.5-7B-Instruct",
  "draft_model": "Qwen/Qwen2.5-0.5B-Instruct",
  "adapter_path": "results/exp1/baseline_code/final",
  "domain": "code",
  "seed": 42
}