{
  "alpha": 0.5145314622000905,
  "alpha_std": 0.15279191732406616,
  "mean_accepted_length": 2.5726573110004525,
  "per_position_alpha": [
    0.6459936622906293,
    0.8689558514365803,
    0.8887096774193548,
    0.9092558983666061,
    0.9101796407185628
  ],
  "per_prompt_alpha": [
    0.6157894736842106,
    0.5897435897435898,
    0.5523809523809524,
    0.7625,
    0.7352941176470589,
    0.5348837209302325,
    0.6914285714285714,
    0.6368421052631579,
    0.5302325581395348,
    0.6611111111111111,
    0.6594594594594595,
    0.27058823529411763,
    0.6378378378378379,
    0.4076923076923077,
    0.7575757575757576,
    0.78125,
    0.48695652173913045,
    0.5609756097560976,
    0.4,
    0.6594594594594595,
    0.509090909090909,
    0.86,
    0.5022222222222222,
    0.575,
    0.6722222222222223,
    0.8258064516129032,
    0.6210526315789474,
    0.5302325581395348,
    0.42,
    0.3709090909090909,
    0.631578947368421,
    0.9555555555555556,
    0.6102564102564103,
    0.4782608695652174,
    0.3389830508474576,
    0.46122448979591835,
    0.4196078431372549,
    0.45714285714285713,
    0.4,
    0.4625,
    0.436,
    0.31875,
    0.48695652173913045,
    0.4269230769230769,
    0.4583333333333333,
    0.2716417910447761,
    0.41568627450980394,
    0.585,
    0.45416666666666666,
    0.37142857142857144
  ],
  "num_prompts": 50,
  "total_tokens_generated": 6465,
  "draft_k": 5,
  "max_new_tokens": 128,
  "target_model": "Qwen/Qwen2.5-7B-Instruct",
  "draft_model": "Qwen/Qwen2.5-0.5B-Instruct",
  "adapter_path": "results/exp1/baseline_medical/final",
  "domain": "code",
  "seed": 42
}