{
  "alpha": 0.27593360995850624,
  "alpha_std": 0.062411196529865265,
  "mean_accepted_length": 1.379668049792531,
  "per_position_alpha": [
    0.46947243627741553,
    0.7171717171717171,
    0.7535211267605634,
    0.7242990654205608,
    0.7403225806451613
  ],
  "per_prompt_alpha": [
    0.28484848484848485,
    0.17471264367816092,
    0.2746268656716418,
    0.2542857142857143,
    0.3423728813559322,
    0.27246376811594203,
    0.23783783783783785,
    0.2753623188405797,
    0.2878787878787879,
    0.26666666666666666,
    0.195,
    0.248,
    0.3508771929824561,
    0.3413793103448276,
    0.24788732394366197,
    0.2735294117647059,
    0.16404494382022472,
    0.22597402597402597,
    0.1711111111111111,
    0.30793650793650795,
    0.2608695652173913,
    0.18313253012048192,
    0.31290322580645163,
    0.3064516129032258,
    0.2865671641791045,
    0.22077922077922077,
    0.4037735849056604,
    0.2923076923076923,
    0.21518987341772153,
    0.4625,
    0.2746268656716418,
    0.28307692307692306,
    0.40384615384615385,
    0.2923076923076923,
    0.16853932584269662,
    0.36428571428571427,
    0.24383561643835616,
    0.28484848484848485,
    0.3225806451612903,
    0.3377049180327869,
    0.2878787878787879,
    0.30625,
    0.2909090909090909,
    0.3032258064516129,
    0.2676470588235294,
    0.30158730158730157,
    0.37142857142857144,
    0.2953846153846154,
    0.33666666666666667,
    0.3389830508474576
  ],
  "num_prompts": 50,
  "total_tokens_generated": 6445,
  "draft_k": 5,
  "max_new_tokens": 128,
  "target_model": "Qwen/Qwen2.5-7B-Instruct",
  "draft_model": "Qwen/Qwen2.5-0.5B-Instruct",
  "adapter_path": "results/exp1/baseline_code/final",
  "domain": "chat",
  "seed": 42
}