{
  "alpha": 0.33046072257209147,
  "alpha_std": 0.14759637415409088,
  "mean_accepted_length": 1.6523036128604573,
  "per_position_alpha": [
    0.5127610208816705,
    0.768584356819651,
    0.7771236333052985,
    0.788961038961039,
    0.8175582990397805
  ],
  "per_prompt_alpha": [
    0.711764705882353,
    0.2787878787878788,
    0.3111111111111111,
    0.2465753424657534,
    0.263768115942029,
    0.29846153846153844,
    0.5707317073170731,
    0.28059701492537314,
    0.1565217391304348,
    0.432,
    0.28615384615384615,
    0.3535714285714286,
    0.42745098039215684,
    0.3258064516129032,
    0.2547945205479452,
    0.5534883720930233,
    0.3161290322580645,
    0.22597402597402597,
    0.84,
    0.3180327868852459,
    0.24054054054054055,
    0.45714285714285713,
    0.3593220338983051,
    0.26865671641791045,
    0.59,
    0.263768115942029,
    0.2410958904109589,
    0.5523809523809524,
    0.33559322033898303,
    0.3,
    0.6324324324324324,
    0.2128205128205128,
    0.2735294117647059,
    0.3466666666666667,
    0.33220338983050846,
    0.2410958904109589,
    0.5348837209302325,
    0.3193548387096774,
    0.232,
    0.6378378378378379,
    0.3535714285714286,
    0.24788732394366197,
    0.37142857142857144,
    0.4117647058823529,
    0.1431578947368421,
    0.5272727272727272,
    0.3,
    0.2676056338028169,
    0.38181818181818183,
    0.303125
  ],
  "num_prompts": 50,
  "total_tokens_generated": 6455,
  "draft_k": 5,
  "max_new_tokens": 128,
  "target_model": "Qwen/Qwen2.5-7B-Instruct",
  "draft_model": "Qwen/Qwen2.5-0.5B-Instruct",
  "adapter_path": null,
  "domain": "mixed",
  "seed": 42
}