{
  "alpha": 0.3242463958060288,
  "alpha_std": 0.09686913341283798,
  "mean_accepted_length": 1.6212319790301442,
  "per_position_alpha": [
    0.5039318479685452,
    0.7724317295188556,
    0.7912457912457912,
    0.7670212765957447,
    0.7780859916782247
  ],
  "per_prompt_alpha": [
    0.3607142857142857,
    0.27647058823529413,
    0.3047619047619048,
    0.36140350877192984,
    0.4076923076923077,
    0.3709090909090909,
    0.33559322033898303,
    0.3781818181818182,
    0.2716417910447761,
    0.32666666666666666,
    0.35172413793103446,
    0.4448979591836735,
    0.3466666666666667,
    0.30158730158730157,
    0.6051282051282051,
    0.4115384615384615,
    0.3525423728813559,
    0.19753086419753085,
    0.3333333333333333,
    0.35714285714285715,
    0.3064516129032258,
    0.2735294117647059,
    0.24324324324324326,
    0.4392156862745098,
    0.2704225352112676,
    0.3344262295081967,
    0.3508771929824561,
    0.23733333333333334,
    0.33114754098360655,
    0.25217391304347825,
    0.7352941176470589,
    0.21012658227848102,
    0.34915254237288135,
    0.2647058823529412,
    0.4448979591836735,
    0.2984126984126984,
    0.38545454545454544,
    0.36428571428571427,
    0.2953846153846154,
    0.28484848484848485,
    0.5428571428571428,
    0.34915254237288135,
    0.2909090909090909,
    0.2676470588235294,
    0.25205479452054796,
    0.3047619047619048,
    0.3423728813559322,
    0.21518987341772153,
    0.23243243243243245,
    0.3649122807017544
  ],
  "num_prompts": 50,
  "total_tokens_generated": 6462,
  "draft_k": 5,
  "max_new_tokens": 128,
  "target_model": "Qwen/Qwen2.5-7B-Instruct",
  "draft_model": "Qwen/Qwen2.5-0.5B-Instruct",
  "adapter_path": "results/exp1/baseline_code/final",
  "domain": "medical",
  "seed": 42
}