{
  "alpha": 0.31026374324753736,
  "alpha_std": 0.058722421526908875,
  "mean_accepted_length": 1.5513187162376867,
  "per_position_alpha": [
    0.4938036224976168,
    0.7644787644787645,
    0.7626262626262627,
    0.7682119205298014,
    0.7729885057471264
  ],
  "per_prompt_alpha": [
    0.3161290322580645,
    0.2823529411764706,
    0.36428571428571427,
    0.3888888888888889,
    0.34915254237288135,
    0.28615384615384615,
    0.3466666666666667,
    0.2835820895522388,
    0.3849056603773585,
    0.3927272727272727,
    0.32903225806451614,
    0.28955223880597014,
    0.3047619047619048,
    0.36140350877192984,
    0.32131147540983607,
    0.3649122807017544,
    0.3193548387096774,
    0.2175,
    0.35172413793103446,
    0.4765957446808511,
    0.30625,
    0.2608695652173913,
    0.2236842105263158,
    0.33559322033898303,
    0.3047619047619048,
    0.27761194029850744,
    0.35172413793103446,
    0.2878787878787879,
    0.3607142857142857,
    0.26176470588235295,
    0.23684210526315788,
    0.23783783783783785,
    0.27058823529411763,
    0.290625,
    0.3423728813559322,
    0.26857142857142857,
    0.37142857142857144,
    0.3649122807017544,
    0.3448275862068966,
    0.2356164383561644,
    0.4666666666666667,
    0.2493150684931507,
    0.25555555555555554,
    0.3225806451612903,
    0.23835616438356164,
    0.26865671641791045,
    0.4196078431372549,
    0.3238095238095238,
    0.28484848484848485,
    0.3482758620689655
  ],
  "num_prompts": 50,
  "total_tokens_generated": 6475,
  "draft_k": 5,
  "max_new_tokens": 128,
  "target_model": "Qwen/Qwen2.5-7B-Instruct",
  "draft_model": "Qwen/Qwen2.5-0.5B-Instruct",
  "adapter_path": null,
  "domain": "medical",
  "seed": 42
}