{
  "alpha": 0.3572923935799023,
  "alpha_std": 0.14250266551971436,
  "mean_accepted_length": 1.7864619678995115,
  "per_position_alpha": [
    0.5338450802512212,
    0.7849673202614379,
    0.8043297252289758,
    0.8033126293995859,
    0.8337628865979382
  ],
  "per_prompt_alpha": [
    0.7294117647058823,
    0.428,
    0.28484848484848485,
    0.5022222222222222,
    0.22894736842105262,
    0.35789473684210527,
    0.5302325581395348,
    0.3258064516129032,
    0.24,
    0.2787878787878788,
    0.3096774193548387,
    0.2410958904109589,
    0.4808510638297872,
    0.3258064516129032,
    0.2542857142857143,
    0.6833333333333333,
    0.3466666666666667,
    0.38181818181818183,
    0.78125,
    0.31290322580645163,
    0.23733333333333334,
    0.4037735849056604,
    0.2571428571428571,
    0.4074074074074074,
    0.5571428571428572,
    0.3193548387096774,
    0.22105263157894736,
    0.4808510638297872,
    0.33666666666666667,
    0.33559322033898303,
    0.6486486486486487,
    0.3233333333333333,
    0.28059701492537314,
    0.432,
    0.3111111111111111,
    0.24722222222222223,
    0.5714285714285714,
    0.27647058823529413,
    0.3076923076923077,
    0.6666666666666666,
    0.3508771929824561,
    0.26666666666666666,
    0.5318181818181819,
    0.3482758620689655,
    0.39615384615384613,
    0.5302325581395348,
    0.2787878787878788,
    0.2920634920634921,
    0.43673469387755104,
    0.23783783783783785
  ],
  "num_prompts": 50,
  "total_tokens_generated": 6456,
  "draft_k": 5,
  "max_new_tokens": 128,
  "target_model": "Qwen/Qwen2.5-7B-Instruct",
  "draft_model": "Qwen/Qwen2.5-0.5B-Instruct",
  "adapter_path": "results/exp1/baseline_code/final",
  "domain": "mixed",
  "seed": 42
}