{
  "alpha": 0.3259646827992152,
  "alpha_std": 0.10286730527877808,
  "mean_accepted_length": 1.6298234139960759,
  "per_position_alpha": [
    0.5081752779594506,
    0.749034749034749,
    0.7929553264604811,
    0.7984832069339112,
    0.8222523744911805
  ],
  "per_prompt_alpha": [
    0.33559322033898303,
    0.31076923076923074,
    0.5255813953488372,
    0.35789473684210527,
    0.32666666666666666,
    0.296875,
    0.33666666666666667,
    0.34,
    0.23783783783783785,
    0.2811594202898551,
    0.3161290322580645,
    0.2410958904109589,
    0.34915254237288135,
    0.605,
    0.5395348837209303,
    0.4583333333333333,
    0.2852941176470588,
    0.17906976744186046,
    0.2955223880597015,
    0.4625,
    0.2746268656716418,
    0.21794871794871795,
    0.2175,
    0.52,
    0.36140350877192984,
    0.23783783783783785,
    0.3508771929824561,
    0.3888888888888889,
    0.3678571428571429,
    0.36428571428571427,
    0.26857142857142857,
    0.2410958904109589,
    0.26857142857142857,
    0.24722222222222223,
    0.46956521739130436,
    0.26956521739130435,
    0.3821428571428571,
    0.5488372093023256,
    0.3180327868852459,
    0.25,
    0.4392156862745098,
    0.33,
    0.30153846153846153,
    0.4956521739130435,
    0.2493150684931507,
    0.32666666666666666,
    0.5523809523809524,
    0.30793650793650795,
    0.2923076923076923,
    0.24444444444444444
  ],
  "num_prompts": 50,
  "total_tokens_generated": 6488,
  "draft_k": 5,
  "max_new_tokens": 128,
  "target_model": "Qwen/Qwen2.5-7B-Instruct",
  "draft_model": "Qwen/Qwen2.5-0.5B-Instruct",
  "adapter_path": "results/exp1/baseline_medical/final",
  "domain": "medical",
  "seed": 42
}