{
  "alpha": 0.5235294117647059,
  "alpha_std": 0.14710350334644318,
  "mean_accepted_length": 2.6176470588235294,
  "per_position_alpha": [
    0.6465992647058824,
    0.8855721393034826,
    0.8956661316211878,
    0.9086021505376344,
    0.9003944773175543
  ],
  "per_prompt_alpha": [
    0.7085714285714285,
    0.8,
    0.5022222222222222,
    0.5756097560975609,
    0.6777777777777778,
    0.5428571428571428,
    0.6,
    0.7294117647058823,
    0.5948717948717949,
    0.3849056603773585,
    0.8266666666666667,
    0.35172413793103446,
    0.6210526315789474,
    0.5476190476190477,
    0.7028571428571428,
    0.59,
    0.5523809523809524,
    0.6,
    0.48695652173913045,
    0.6,
    0.5255813953488372,
    0.7515151515151515,
    0.7333333333333333,
    0.58,
    0.5523809523809524,
    0.8258064516129032,
    0.5948717948717949,
    0.5609756097560976,
    0.2716417910447761,
    0.30793650793650795,
    0.6378378378378379,
    1.0,
    0.49777777777777776,
    0.575,
    0.5181818181818182,
    0.41568627450980394,
    0.44081632653061226,
    0.4782608695652174,
    0.43137254901960786,
    0.4888888888888889,
    0.4448979591836735,
    0.428,
    0.4235294117647059,
    0.4392156862745098,
    0.5707317073170731,
    0.2542857142857143,
    0.4235294117647059,
    0.509090909090909,
    0.44,
    0.4765957446808511
  ],
  "num_prompts": 50,
  "total_tokens_generated": 6465,
  "draft_k": 5,
  "max_new_tokens": 128,
  "target_model": "Qwen/Qwen2.5-7B-Instruct",
  "draft_model": "Qwen/Qwen2.5-0.5B-Instruct",
  "adapter_path": "results/exp1/baseline_chat/final",
  "domain": "code",
  "seed": 42
}