{
  "alpha": 0.32606697307944843,
  "alpha_std": 0.11007373034954071,
  "mean_accepted_length": 1.6303348653972423,
  "per_position_alpha": [
    0.5085357846355877,
    0.7572627501613944,
    0.7894288150042625,
    0.7937365010799136,
    0.7931972789115647
  ],
  "per_prompt_alpha": [
    0.2878787878787879,
    0.38181818181818183,
    0.26285714285714284,
    0.3111111111111111,
    0.5227272727272727,
    0.21012658227848102,
    0.28923076923076924,
    0.3709090909090909,
    0.2878787878787879,
    0.38545454545454544,
    0.3433333333333333,
    0.36428571428571427,
    0.3466666666666667,
    0.3111111111111111,
    0.3233333333333333,
    0.4196078431372549,
    0.4117647058823529,
    0.26,
    0.3649122807017544,
    0.4723404255319149,
    0.27058823529411763,
    0.26285714285714284,
    0.32131147540983607,
    0.4076923076923077,
    0.26285714285714284,
    0.31290322580645163,
    0.34915254237288135,
    0.8258064516129032,
    0.23513513513513515,
    0.21025641025641026,
    0.40384615384615385,
    0.23783783783783785,
    0.4448979591836735,
    0.2716417910447761,
    0.35517241379310344,
    0.28484848484848485,
    0.4075471698113208,
    0.24788732394366197,
    0.2835820895522388,
    0.2676470588235294,
    0.18571428571428572,
    0.2676470588235294,
    0.25753424657534246,
    0.28923076923076924,
    0.4782608695652174,
    0.3925925925925926,
    0.3,
    0.46530612244897956,
    0.3586206896551724,
    0.6
  ],
  "num_prompts": 50,
  "total_tokens_generated": 6463,
  "draft_k": 5,
  "max_new_tokens": 128,
  "target_model": "Qwen/Qwen2.5-7B-Instruct",
  "draft_model": "Qwen/Qwen2.5-0.5B-Instruct",
  "adapter_path": "results/exp1/baseline_chat/final",
  "domain": "medical",
  "seed": 42
}