{
  "alpha": 0.28260609683203824,
  "alpha_std": 0.0659370943903923,
  "mean_accepted_length": 1.4130304841601913,
  "per_position_alpha": [
    0.47967722653915124,
    0.7289719626168224,
    0.7256410256410256,
    0.7502944640753828,
    0.7331240188383046
  ],
  "per_prompt_alpha": [
    0.2205128205128205,
    0.17333333333333334,
    0.33559322033898303,
    0.26857142857142857,
    0.43529411764705883,
    0.2507042253521127,
    0.2465753424657534,
    0.24722222222222223,
    0.28059701492537314,
    0.2923076923076923,
    0.21794871794871795,
    0.2923076923076923,
    0.37142857142857144,
    0.34576271186440677,
    0.23684210526315788,
    0.33,
    0.21,
    0.34915254237288135,
    0.19036144578313252,
    0.2535211267605634,
    0.2205128205128205,
    0.18823529411764706,
    0.3,
    0.28059701492537314,
    0.3111111111111111,
    0.2676470588235294,
    0.3649122807017544,
    0.309375,
    0.3333333333333333,
    0.4115384615384615,
    0.24444444444444444,
    0.3389830508474576,
    0.3888888888888889,
    0.24864864864864866,
    0.21794871794871795,
    0.34385964912280703,
    0.21818181818181817,
    0.30793650793650795,
    0.4235294117647059,
    0.35,
    0.3258064516129032,
    0.39622641509433965,
    0.32786885245901637,
    0.24054054054054055,
    0.3111111111111111,
    0.1839080459770115,
    0.3466666666666667,
    0.32131147540983607,
    0.28484848484848485,
    0.2356164383561644
  ],
  "num_prompts": 50,
  "total_tokens_generated": 6469,
  "draft_k": 5,
  "max_new_tokens": 128,
  "target_model": "Qwen/Qwen2.5-7B-Instruct",
  "draft_model": "Qwen/Qwen2.5-0.5B-Instruct",
  "adapter_path": "results/exp1/baseline_medical/final",
  "domain": "chat",
  "seed": 42
}