{
  "num_prompts": 50,
  "avg_seq_len": 44.32,
  "kl_mean": 0.6430078148841858,
  "kl_std": 0.21043655276298523,
  "kl_per_prompt": [
    0.96484375,
    0.60546875,
    0.875,
    0.458984375,
    0.5078125,
    0.5,
    0.408203125,
    0.48828125,
    0.90234375,
    0.51171875,
    0.59765625,
    0.69140625,
    0.462890625,
    0.318359375,
    0.734375,
    0.75390625,
    0.890625,
    0.4609375,
    0.6796875,
    0.56640625,
    0.6640625,
    0.59765625,
    0.33203125,
    0.7265625,
    0.47265625,
    0.76953125,
    0.9765625,
    0.26953125,
    0.58203125,
    1.40625,
    0.470703125,
    0.6015625,
    1.0859375,
    0.625,
    0.734375,
    0.88671875,
    0.54296875,
    0.498046875,
    0.58984375,
    0.609375,
    0.6875,
    0.64453125,
    0.341796875,
    0.57421875,
    0.54296875,
    0.62890625,
    0.60546875,
    0.921875,
    0.69140625,
    0.69140625
  ],
  "js_mean": 0.12482421845197678,
  "js_std": 0.031781066209077835,
  "js_per_prompt": [
    0.15234375,
    0.126953125,
    0.12890625,
    0.1005859375,
    0.11181640625,
    0.11083984375,
    0.08349609375,
    0.1044921875,
    0.1708984375,
    0.10693359375,
    0.11865234375,
    0.1396484375,
    0.09912109375,
    0.076171875,
    0.134765625,
    0.162109375,
    0.1435546875,
    0.10595703125,
    0.1103515625,
    0.09130859375,
    0.11669921875,
    0.12255859375,
    0.0810546875,
    0.1318359375,
    0.0947265625,
    0.15234375,
    0.189453125,
    0.0576171875,
    0.1171875,
    0.2158203125,
    0.10107421875,
    0.1220703125,
    0.1953125,
    0.1298828125,
    0.130859375,
    0.1708984375,
    0.09375,
    0.11181640625,
    0.107421875,
    0.12255859375,
    0.1455078125,
    0.126953125,
    0.07470703125,
    0.11328125,
    0.1171875,
    0.1376953125,
    0.1298828125,
    0.1748046875,
    0.150390625,
    0.126953125
  ],
  "tv_mean": 0.3180273473262787,
  "tv_std": 0.05846759304404259,
  "tv_per_prompt": [
    0.361328125,
    0.318359375,
    0.326171875,
    0.283203125,
    0.302734375,
    0.322265625,
    0.255859375,
    0.275390625,
    0.392578125,
    0.291015625,
    0.31640625,
    0.349609375,
    0.291015625,
    0.21484375,
    0.3203125,
    0.388671875,
    0.32421875,
    0.296875,
    0.29296875,
    0.232421875,
    0.3203125,
    0.341796875,
    0.2412109375,
    0.30859375,
    0.267578125,
    0.3515625,
    0.423828125,
    0.181640625,
    0.28515625,
    0.486328125,
    0.271484375,
    0.31640625,
    0.455078125,
    0.32421875,
    0.318359375,
    0.4140625,
    0.2431640625,
    0.3125,
    0.28515625,
    0.314453125,
    0.35546875,
    0.314453125,
    0.2373046875,
    0.29296875,
    0.326171875,
    0.337890625,
    0.333984375,
    0.400390625,
    0.37890625,
    0.3046875
  ],
  "target_model": "Qwen/Qwen2.5-7B-Instruct",
  "draft_model": "Qwen/Qwen2.5-0.5B-Instruct",
  "adapter_path": null,
  "domain": "mixed",
  "divergence_types": [
    "kl",
    "js",
    "tv"
  ],
  "max_seq_len": 512,
  "seed": 42
}