{
  "num_prompts": 50,
  "avg_seq_len": 52.88,
  "kl_mean": 0.6683202981948853,
  "kl_std": 0.26769569516181946,
  "kl_per_prompt": [
    0.328125,
    0.51953125,
    0.4375,
    0.703125,
    0.330078125,
    1.265625,
    0.27734375,
    0.365234375,
    0.490234375,
    0.373046875,
    0.54296875,
    0.546875,
    0.73046875,
    0.62109375,
    0.62890625,
    0.578125,
    0.408203125,
    1.046875,
    0.53515625,
    0.51171875,
    0.50390625,
    1.109375,
    0.5859375,
    0.59765625,
    0.310546875,
    0.51171875,
    0.64453125,
    0.578125,
    0.5234375,
    0.76953125,
    1.4765625,
    0.6796875,
    0.69140625,
    0.83203125,
    0.490234375,
    0.90234375,
    0.6015625,
    1.09375,
    1.4609375,
    0.7109375,
    0.5703125,
    0.765625,
    0.6875,
    0.5234375,
    0.8203125,
    0.5703125,
    0.953125,
    0.671875,
    0.7421875,
    0.796875
  ],
  "js_mean": 0.12500976026058197,
  "js_std": 0.03805689141154289,
  "js_per_prompt": [
    0.07373046875,
    0.08642578125,
    0.09375,
    0.146484375,
    0.07568359375,
    0.224609375,
    0.061279296875,
    0.061767578125,
    0.10791015625,
    0.078125,
    0.11474609375,
    0.11181640625,
    0.130859375,
    0.11767578125,
    0.1357421875,
    0.0927734375,
    0.07958984375,
    0.1826171875,
    0.1005859375,
    0.1162109375,
    0.08984375,
    0.19140625,
    0.12353515625,
    0.1298828125,
    0.06982421875,
    0.10107421875,
    0.12890625,
    0.11279296875,
    0.10595703125,
    0.1416015625,
    0.2041015625,
    0.142578125,
    0.1279296875,
    0.1328125,
    0.10400390625,
    0.1650390625,
    0.1123046875,
    0.1669921875,
    0.23046875,
    0.12890625,
    0.12060546875,
    0.1455078125,
    0.134765625,
    0.11572265625,
    0.1533203125,
    0.10888671875,
    0.1513671875,
    0.130859375,
    0.1435546875,
    0.1435546875
  ],
  "tv_mean": 0.3075195252895355,
  "tv_std": 0.06846726685762405,
  "tv_per_prompt": [
    0.208984375,
    0.244140625,
    0.251953125,
    0.3515625,
    0.21484375,
    0.486328125,
    0.1865234375,
    0.154296875,
    0.296875,
    0.2236328125,
    0.298828125,
    0.275390625,
    0.328125,
    0.28515625,
    0.34765625,
    0.240234375,
    0.23046875,
    0.400390625,
    0.275390625,
    0.30859375,
    0.2412109375,
    0.423828125,
    0.322265625,
    0.322265625,
    0.220703125,
    0.2734375,
    0.337890625,
    0.3046875,
    0.244140625,
    0.337890625,
    0.431640625,
    0.3515625,
    0.328125,
    0.30859375,
    0.271484375,
    0.38671875,
    0.26171875,
    0.37109375,
    0.48046875,
    0.310546875,
    0.30859375,
    0.349609375,
    0.318359375,
    0.287109375,
    0.34765625,
    0.291015625,
    0.333984375,
    0.32421875,
    0.33984375,
    0.3359375
  ],
  "target_model": "Qwen/Qwen2.5-7B-Instruct",
  "draft_model": "Qwen/Qwen2.5-0.5B-Instruct",
  "adapter_path": null,
  "domain": "medical",
  "divergence_types": [
    "kl",
    "js",
    "tv"
  ],
  "max_seq_len": 512,
  "seed": 42
}