{
  "num_prompts": 50,
  "avg_seq_len": 45.26,
  "kl_mean": 0.720507800579071,
  "kl_std": 0.1923302561044693,
  "kl_per_prompt": [
    1.078125,
    1.328125,
    0.546875,
    0.640625,
    0.55078125,
    0.9921875,
    0.6328125,
    0.703125,
    0.4296875,
    0.6953125,
    0.765625,
    0.62109375,
    0.71875,
    0.828125,
    0.73828125,
    0.498046875,
    0.5625,
    0.5,
    1.25,
    0.5625,
    0.70703125,
    0.8515625,
    1.0390625,
    0.7265625,
    0.63671875,
    0.67578125,
    0.490234375,
    0.53125,
    0.6484375,
    0.75,
    0.6328125,
    0.84765625,
    0.859375,
    0.73828125,
    0.69140625,
    0.51171875,
    0.7109375,
    0.58203125,
    0.5703125,
    0.462890625,
    0.734375,
    0.9609375,
    0.70703125,
    0.78515625,
    0.93359375,
    0.64453125,
    0.546875,
    0.63671875,
    0.9453125,
    0.82421875
  ],
  "js_mean": 0.13751953840255737,
  "js_std": 0.027346910908818245,
  "js_per_prompt": [
    0.1669921875,
    0.228515625,
    0.11376953125,
    0.1376953125,
    0.08544921875,
    0.1875,
    0.126953125,
    0.146484375,
    0.09228515625,
    0.1201171875,
    0.1455078125,
    0.126953125,
    0.158203125,
    0.15625,
    0.1416015625,
    0.11767578125,
    0.12255859375,
    0.1005859375,
    0.1708984375,
    0.11083984375,
    0.14453125,
    0.166015625,
    0.16015625,
    0.14453125,
    0.1318359375,
    0.1416015625,
    0.09912109375,
    0.10400390625,
    0.1298828125,
    0.1435546875,
    0.12255859375,
    0.15234375,
    0.16015625,
    0.146484375,
    0.1435546875,
    0.099609375,
    0.1484375,
    0.1171875,
    0.1083984375,
    0.0947265625,
    0.1533203125,
    0.162109375,
    0.14453125,
    0.1435546875,
    0.158203125,
    0.11669921875,
    0.109375,
    0.13671875,
    0.173828125,
    0.162109375
  ],
  "tv_mean": 0.34789061546325684,
  "tv_std": 0.049425773322582245,
  "tv_per_prompt": [
    0.408203125,
    0.4921875,
    0.310546875,
    0.361328125,
    0.23046875,
    0.408203125,
    0.328125,
    0.390625,
    0.255859375,
    0.32421875,
    0.3515625,
    0.33984375,
    0.40625,
    0.3828125,
    0.36328125,
    0.310546875,
    0.3359375,
    0.271484375,
    0.3984375,
    0.30078125,
    0.361328125,
    0.390625,
    0.373046875,
    0.375,
    0.34375,
    0.3671875,
    0.275390625,
    0.2890625,
    0.341796875,
    0.37109375,
    0.310546875,
    0.3515625,
    0.365234375,
    0.37109375,
    0.37109375,
    0.283203125,
    0.380859375,
    0.30859375,
    0.28515625,
    0.265625,
    0.400390625,
    0.3984375,
    0.359375,
    0.365234375,
    0.361328125,
    0.318359375,
    0.291015625,
    0.359375,
    0.3984375,
    0.390625
  ],
  "target_model": "Qwen/Qwen2.5-7B-Instruct",
  "draft_model": "Qwen/Qwen2.5-0.5B-Instruct",
  "adapter_path": null,
  "domain": "chat",
  "divergence_types": [
    "kl",
    "js",
    "tv"
  ],
  "max_seq_len": 512,
  "seed": 42
}