{
  "num_prompts": 50,
  "avg_seq_len": 44.32,
  "kl_mean": 0.9604687690734863,
  "kl_std": 0.2655471861362457,
  "kl_per_prompt": [
    1.5234375,
    1.140625,
    1.625,
    0.66015625,
    0.796875,
    1.1015625,
    0.8984375,
    0.921875,
    1.3125,
    0.70703125,
    0.8515625,
    1.0,
    0.6875,
    0.8515625,
    1.1875,
    1.046875,
    1.1328125,
    0.94921875,
    0.8984375,
    0.8359375,
    0.9296875,
    0.68359375,
    0.58984375,
    1.0703125,
    0.6015625,
    1.1640625,
    1.328125,
    0.46875,
    0.84765625,
    1.7265625,
    0.6640625,
    0.765625,
    1.3203125,
    0.91796875,
    0.87890625,
    1.3046875,
    0.9765625,
    0.6796875,
    1.078125,
    0.81640625,
    1.09375,
    0.921875,
    0.72265625,
    0.8203125,
    1.078125,
    0.64453125,
    0.8046875,
    1.09375,
    0.90234375,
    1.0
  ],
  "js_mean": 0.12607422471046448,
  "js_std": 0.028999239206314087,
  "js_per_prompt": [
    0.173828125,
    0.11669921875,
    0.142578125,
    0.099609375,
    0.1142578125,
    0.1064453125,
    0.1396484375,
    0.0966796875,
    0.169921875,
    0.10546875,
    0.09765625,
    0.125,
    0.0966796875,
    0.0771484375,
    0.1318359375,
    0.1767578125,
    0.142578125,
    0.10693359375,
    0.119140625,
    0.0859375,
    0.10791015625,
    0.125,
    0.0830078125,
    0.1328125,
    0.11279296875,
    0.1396484375,
    0.1875,
    0.0771484375,
    0.1142578125,
    0.2080078125,
    0.10302734375,
    0.11962890625,
    0.1767578125,
    0.154296875,
    0.10986328125,
    0.1630859375,
    0.125,
    0.10888671875,
    0.11181640625,
    0.1396484375,
    0.125,
    0.1259765625,
    0.126953125,
    0.1005859375,
    0.11083984375,
    0.1328125,
    0.12060546875,
    0.1533203125,
    0.1630859375,
    0.11962890625
  ],
  "tv_mean": 0.32126954197883606,
  "tv_std": 0.055053725838661194,
  "tv_per_prompt": [
    0.41015625,
    0.298828125,
    0.359375,
    0.27734375,
    0.30078125,
    0.3203125,
    0.3359375,
    0.265625,
    0.39453125,
    0.2890625,
    0.283203125,
    0.333984375,
    0.279296875,
    0.21484375,
    0.32421875,
    0.41015625,
    0.31640625,
    0.298828125,
    0.298828125,
    0.224609375,
    0.296875,
    0.337890625,
    0.2392578125,
    0.3203125,
    0.30078125,
    0.330078125,
    0.4296875,
    0.21484375,
    0.283203125,
    0.474609375,
    0.271484375,
    0.310546875,
    0.4296875,
    0.3671875,
    0.296875,
    0.396484375,
    0.287109375,
    0.298828125,
    0.302734375,
    0.34765625,
    0.318359375,
    0.328125,
    0.32421875,
    0.279296875,
    0.310546875,
    0.353515625,
    0.31640625,
    0.369140625,
    0.3984375,
    0.29296875
  ],
  "target_model": "Qwen/Qwen2.5-7B-Instruct",
  "draft_model": "Qwen/Qwen2.5-0.5B-Instruct",
  "adapter_path": "results/exp1/baseline_code/final",
  "domain": "mixed",
  "divergence_types": [
    "kl",
    "js",
    "tv"
  ],
  "max_seq_len": 512,
  "seed": 42
}