{
  "num_prompts": 50,
  "avg_seq_len": 52.88,
  "kl_mean": 0.9830468893051147,
  "kl_std": 0.27855274081230164,
  "kl_per_prompt": [
    0.7578125,
    1.15625,
    0.74609375,
    1.328125,
    0.90234375,
    1.6328125,
    1.1015625,
    0.8359375,
    0.7890625,
    1.1484375,
    1.125,
    1.2421875,
    1.2890625,
    1.03125,
    1.265625,
    1.109375,
    0.99609375,
    1.5546875,
    1.0234375,
    1.4140625,
    0.671875,
    1.25,
    0.8359375,
    0.8203125,
    0.53125,
    0.78125,
    0.8671875,
    0.7890625,
    0.75,
    0.96875,
    1.6328125,
    1.015625,
    0.93359375,
    1.0546875,
    0.71484375,
    1.1484375,
    0.734375,
    1.1953125,
    1.5859375,
    0.796875,
    0.59375,
    0.8359375,
    0.8515625,
    0.5703125,
    0.828125,
    0.65234375,
    0.90234375,
    0.73828125,
    0.75,
    0.90234375
  ],
  "js_mean": 0.11948242038488388,
  "js_std": 0.03152010589838028,
  "js_per_prompt": [
    0.07177734375,
    0.0908203125,
    0.1005859375,
    0.14453125,
    0.07470703125,
    0.2001953125,
    0.07177734375,
    0.0625,
    0.10400390625,
    0.087890625,
    0.11328125,
    0.1162109375,
    0.130859375,
    0.1298828125,
    0.12451171875,
    0.0947265625,
    0.07568359375,
    0.169921875,
    0.1171875,
    0.1162109375,
    0.0927734375,
    0.169921875,
    0.12255859375,
    0.11376953125,
    0.06787109375,
    0.091796875,
    0.1142578125,
    0.11376953125,
    0.1015625,
    0.1376953125,
    0.1865234375,
    0.1318359375,
    0.12451171875,
    0.1298828125,
    0.1083984375,
    0.154296875,
    0.10986328125,
    0.1513671875,
    0.203125,
    0.11767578125,
    0.10693359375,
    0.13671875,
    0.1318359375,
    0.10107421875,
    0.138671875,
    0.10009765625,
    0.12890625,
    0.12255859375,
    0.126953125,
    0.1396484375
  ],
  "tv_mean": 0.29636719822883606,
  "tv_std": 0.060905590653419495,
  "tv_per_prompt": [
    0.2001953125,
    0.24609375,
    0.255859375,
    0.361328125,
    0.2138671875,
    0.462890625,
    0.19140625,
    0.1630859375,
    0.279296875,
    0.234375,
    0.291015625,
    0.2734375,
    0.326171875,
    0.302734375,
    0.318359375,
    0.240234375,
    0.20703125,
    0.375,
    0.287109375,
    0.298828125,
    0.2431640625,
    0.396484375,
    0.3125,
    0.296875,
    0.20703125,
    0.2578125,
    0.314453125,
    0.294921875,
    0.236328125,
    0.322265625,
    0.404296875,
    0.330078125,
    0.318359375,
    0.30859375,
    0.275390625,
    0.361328125,
    0.2578125,
    0.3671875,
    0.435546875,
    0.2890625,
    0.2890625,
    0.333984375,
    0.31640625,
    0.263671875,
    0.330078125,
    0.2734375,
    0.302734375,
    0.310546875,
    0.3125,
    0.328125
  ],
  "target_model": "Qwen/Qwen2.5-7B-Instruct",
  "draft_model": "Qwen/Qwen2.5-0.5B-Instruct",
  "adapter_path": "results/exp1/baseline_code/final",
  "domain": "medical",
  "divergence_types": [
    "kl",
    "js",
    "tv"
  ],
  "max_seq_len": 512,
  "seed": 42
}