{
  "num_prompts": 50,
  "avg_seq_len": 45.26,
  "kl_mean": 0.8496484160423279,
  "kl_std": 0.271372526884079,
  "kl_per_prompt": [
    1.3828125,
    1.5,
    0.88671875,
    0.6875,
    1.078125,
    1.4140625,
    0.87109375,
    0.73828125,
    1.0859375,
    1.1796875,
    0.9765625,
    1.109375,
    0.7421875,
    1.375,
    1.0078125,
    0.74609375,
    1.1640625,
    0.515625,
    1.5390625,
    0.94921875,
    0.6484375,
    0.9140625,
    0.94140625,
    0.62890625,
    0.78515625,
    0.8125,
    0.431640625,
    0.68359375,
    0.5703125,
    0.90625,
    0.52734375,
    1.0,
    0.86328125,
    0.89453125,
    0.63671875,
    0.62109375,
    0.6328125,
    0.7421875,
    0.6953125,
    0.66015625,
    0.578125,
    0.8984375,
    0.5625,
    0.74609375,
    0.84765625,
    0.5078125,
    0.53515625,
    0.55859375,
    0.9453125,
    0.7578125
  ],
  "js_mean": 0.12200195342302322,
  "js_std": 0.02309958077967167,
  "js_per_prompt": [
    0.14453125,
    0.2001953125,
    0.1123046875,
    0.126953125,
    0.0888671875,
    0.1845703125,
    0.10888671875,
    0.13671875,
    0.11083984375,
    0.119140625,
    0.1328125,
    0.1357421875,
    0.146484375,
    0.1376953125,
    0.1162109375,
    0.1103515625,
    0.12353515625,
    0.08935546875,
    0.146484375,
    0.11767578125,
    0.11767578125,
    0.1396484375,
    0.1328125,
    0.115234375,
    0.10693359375,
    0.1220703125,
    0.0771484375,
    0.1015625,
    0.11328125,
    0.1328125,
    0.0947265625,
    0.1357421875,
    0.13671875,
    0.134765625,
    0.12158203125,
    0.08935546875,
    0.123046875,
    0.10791015625,
    0.10302734375,
    0.08984375,
    0.11572265625,
    0.1376953125,
    0.10986328125,
    0.1279296875,
    0.1337890625,
    0.0947265625,
    0.0908203125,
    0.1142578125,
    0.15234375,
    0.1376953125
  ],
  "tv_mean": 0.32570311427116394,
  "tv_std": 0.04247960448265076,
  "tv_per_prompt": [
    0.357421875,
    0.458984375,
    0.306640625,
    0.341796875,
    0.248046875,
    0.412109375,
    0.291015625,
    0.37109375,
    0.27734375,
    0.33203125,
    0.33203125,
    0.349609375,
    0.390625,
    0.349609375,
    0.310546875,
    0.294921875,
    0.326171875,
    0.265625,
    0.369140625,
    0.326171875,
    0.3203125,
    0.34765625,
    0.34375,
    0.326171875,
    0.30078125,
    0.33984375,
    0.240234375,
    0.291015625,
    0.318359375,
    0.36328125,
    0.28125,
    0.326171875,
    0.345703125,
    0.353515625,
    0.333984375,
    0.265625,
    0.34765625,
    0.2890625,
    0.279296875,
    0.259765625,
    0.341796875,
    0.3671875,
    0.30859375,
    0.353515625,
    0.326171875,
    0.28515625,
    0.265625,
    0.328125,
    0.3671875,
    0.357421875
  ],
  "target_model": "Qwen/Qwen2.5-7B-Instruct",
  "draft_model": "Qwen/Qwen2.5-0.5B-Instruct",
  "adapter_path": "results/exp1/baseline_chat/final",
  "domain": "chat",
  "divergence_types": [
    "kl",
    "js",
    "tv"
  ],
  "max_seq_len": 512,
  "seed": 42
}