{
  "num_prompts": 50,
  "avg_seq_len": 88.6,
  "kl_mean": 0.6279296875,
  "kl_std": 0.18882161378860474,
  "kl_per_prompt": [
    0.77734375,
    0.87890625,
    0.55078125,
    0.6953125,
    0.494140625,
    0.70703125,
    0.8671875,
    0.48828125,
    0.53125,
    0.625,
    0.57421875,
    0.5234375,
    0.76953125,
    0.51171875,
    0.6328125,
    0.5625,
    0.984375,
    0.59765625,
    0.7265625,
    0.59375,
    0.388671875,
    0.9296875,
    0.9140625,
    0.35546875,
    0.85546875,
    0.27734375,
    0.55078125,
    0.62890625,
    0.33984375,
    0.67578125,
    0.248046875,
    0.5859375,
    0.6796875,
    0.400390625,
    0.87109375,
    0.90234375,
    0.8359375,
    0.435546875,
    0.68359375,
    0.578125,
    0.6015625,
    0.4921875,
    0.61328125,
    0.46875,
    0.51953125,
    0.30078125,
    0.72265625,
    0.94921875,
    0.5859375,
    0.9140625
  ],
  "js_mean": 0.09542480111122131,
  "js_std": 0.03449324890971184,
  "js_per_prompt": [
    0.07568359375,
    0.10107421875,
    0.056884765625,
    0.07177734375,
    0.05517578125,
    0.1328125,
    0.09765625,
    0.06298828125,
    0.045654296875,
    0.060791015625,
    0.057861328125,
    0.09716796875,
    0.09326171875,
    0.06298828125,
    0.07275390625,
    0.056884765625,
    0.12890625,
    0.0625,
    0.11181640625,
    0.06298828125,
    0.05712890625,
    0.1435546875,
    0.162109375,
    0.05810546875,
    0.150390625,
    0.039794921875,
    0.0986328125,
    0.10693359375,
    0.06640625,
    0.10888671875,
    0.040283203125,
    0.08935546875,
    0.12890625,
    0.08544921875,
    0.142578125,
    0.126953125,
    0.1435546875,
    0.0810546875,
    0.12109375,
    0.1083984375,
    0.1123046875,
    0.09375,
    0.11376953125,
    0.09521484375,
    0.10400390625,
    0.05859375,
    0.1396484375,
    0.1611328125,
    0.1083984375,
    0.1572265625
  ],
  "tv_mean": 0.2537207007408142,
  "tv_std": 0.0738937109708786,
  "tv_per_prompt": [
    0.220703125,
    0.27734375,
    0.1630859375,
    0.2080078125,
    0.1708984375,
    0.330078125,
    0.259765625,
    0.1865234375,
    0.11767578125,
    0.181640625,
    0.1611328125,
    0.244140625,
    0.23828125,
    0.1806640625,
    0.220703125,
    0.1708984375,
    0.330078125,
    0.162109375,
    0.291015625,
    0.1923828125,
    0.1689453125,
    0.3515625,
    0.396484375,
    0.1845703125,
    0.361328125,
    0.1376953125,
    0.27734375,
    0.279296875,
    0.1953125,
    0.271484375,
    0.134765625,
    0.2333984375,
    0.345703125,
    0.23046875,
    0.328125,
    0.318359375,
    0.369140625,
    0.220703125,
    0.3203125,
    0.287109375,
    0.3125,
    0.26171875,
    0.302734375,
    0.263671875,
    0.283203125,
    0.177734375,
    0.353515625,
    0.361328125,
    0.283203125,
    0.3671875
  ],
  "target_model": "Qwen/Qwen2.5-7B-Instruct",
  "draft_model": "Qwen/Qwen2.5-0.5B-Instruct",
  "adapter_path": "results/exp1/baseline_code/final",
  "domain": "code",
  "divergence_types": [
    "kl",
    "js",
    "tv"
  ],
  "max_seq_len": 512,
  "seed": 42
}