{
  "num_prompts": 50,
  "avg_seq_len": 52.88,
  "kl_mean": 0.8106250166893005,
  "kl_std": 0.30766624212265015,
  "kl_per_prompt": [
    0.46875,
    1.015625,
    0.4296875,
    1.2265625,
    0.57421875,
    1.6640625,
    0.671875,
    0.76171875,
    0.498046875,
    0.6796875,
    1.140625,
    0.828125,
    1.1640625,
    0.65234375,
    0.92578125,
    1.0234375,
    0.65234375,
    1.3828125,
    0.59375,
    0.92578125,
    0.498046875,
    1.125,
    0.546875,
    0.77734375,
    0.302734375,
    0.69140625,
    0.83203125,
    0.59765625,
    0.75,
    0.734375,
    1.5625,
    0.94140625,
    0.65234375,
    0.984375,
    0.490234375,
    1.0859375,
    0.5390625,
    1.1328125,
    1.5546875,
    0.59375,
    0.5546875,
    0.71875,
    0.71484375,
    0.48828125,
    0.80078125,
    0.515625,
    0.87109375,
    0.6328125,
    0.7109375,
    0.8515625
  ],
  "js_mean": 0.11506836116313934,
  "js_std": 0.03231079503893852,
  "js_per_prompt": [
    0.06884765625,
    0.08642578125,
    0.08154296875,
    0.1416015625,
    0.08154296875,
    0.2080078125,
    0.0771484375,
    0.0634765625,
    0.09228515625,
    0.0859375,
    0.1201171875,
    0.11474609375,
    0.126953125,
    0.111328125,
    0.138671875,
    0.095703125,
    0.0830078125,
    0.1650390625,
    0.09619140625,
    0.12451171875,
    0.08251953125,
    0.1630859375,
    0.1064453125,
    0.11669921875,
    0.0576171875,
    0.08642578125,
    0.115234375,
    0.1044921875,
    0.10302734375,
    0.123046875,
    0.1787109375,
    0.126953125,
    0.107421875,
    0.1328125,
    0.095703125,
    0.146484375,
    0.09765625,
    0.1533203125,
    0.205078125,
    0.1083984375,
    0.1025390625,
    0.1279296875,
    0.12451171875,
    0.09765625,
    0.138671875,
    0.09130859375,
    0.125,
    0.11572265625,
    0.1220703125,
    0.1337890625
  ],
  "tv_mean": 0.2928124964237213,
  "tv_std": 0.061119355261325836,
  "tv_per_prompt": [
    0.1982421875,
    0.2412109375,
    0.236328125,
    0.3515625,
    0.22265625,
    0.47265625,
    0.2109375,
    0.162109375,
    0.267578125,
    0.2333984375,
    0.306640625,
    0.27734375,
    0.318359375,
    0.28515625,
    0.3515625,
    0.2490234375,
    0.2333984375,
    0.384765625,
    0.267578125,
    0.3203125,
    0.234375,
    0.37890625,
    0.291015625,
    0.3046875,
    0.1943359375,
    0.2470703125,
    0.314453125,
    0.2890625,
    0.2392578125,
    0.306640625,
    0.396484375,
    0.3203125,
    0.298828125,
    0.31640625,
    0.2578125,
    0.349609375,
    0.23828125,
    0.359375,
    0.447265625,
    0.27734375,
    0.283203125,
    0.3203125,
    0.302734375,
    0.259765625,
    0.330078125,
    0.263671875,
    0.296875,
    0.3046875,
    0.30859375,
    0.318359375
  ],
  "target_model": "Qwen/Qwen2.5-7B-Instruct",
  "draft_model": "Qwen/Qwen2.5-0.5B-Instruct",
  "adapter_path": "results/exp1/baseline_chat/final",
  "domain": "medical",
  "divergence_types": [
    "kl",
    "js",
    "tv"
  ],
  "max_seq_len": 512,
  "seed": 42
}