{
  "num_prompts": 50,
  "avg_seq_len": 88.6,
  "kl_mean": 0.3957226574420929,
  "kl_std": 0.2049635648727417,
  "kl_per_prompt": [
    0.240234375,
    0.46484375,
    0.197265625,
    0.2451171875,
    0.1806640625,
    0.5234375,
    0.3515625,
    0.2421875,
    0.1455078125,
    0.16796875,
    0.2138671875,
    0.287109375,
    0.439453125,
    0.181640625,
    0.2412109375,
    0.1787109375,
    1.015625,
    0.234375,
    0.55078125,
    0.240234375,
    0.23046875,
    0.470703125,
    0.66796875,
    0.240234375,
    0.6953125,
    0.1748046875,
    0.318359375,
    0.326171875,
    0.2353515625,
    0.5,
    0.1513671875,
    0.271484375,
    0.5078125,
    0.32421875,
    0.55859375,
    0.4765625,
    0.55078125,
    0.20703125,
    0.56640625,
    0.56640625,
    0.4765625,
    0.392578125,
    0.462890625,
    0.41796875,
    0.494140625,
    0.2265625,
    0.63671875,
    0.89453125,
    0.5625,
    0.83984375
  ],
  "js_mean": 0.07687011361122131,
  "js_std": 0.03424059599637985,
  "js_per_prompt": [
    0.046630859375,
    0.08154296875,
    0.040283203125,
    0.047119140625,
    0.035888671875,
    0.1123046875,
    0.0673828125,
    0.044921875,
    0.027587890625,
    0.03076171875,
    0.03857421875,
    0.0576171875,
    0.078125,
    0.0419921875,
    0.05322265625,
    0.03466796875,
    0.1279296875,
    0.042724609375,
    0.0986328125,
    0.04541015625,
    0.05029296875,
    0.10205078125,
    0.1328125,
    0.054443359375,
    0.12890625,
    0.0361328125,
    0.07275390625,
    0.06884765625,
    0.049560546875,
    0.08984375,
    0.035888671875,
    0.062255859375,
    0.1005859375,
    0.07275390625,
    0.10546875,
    0.09326171875,
    0.109375,
    0.044677734375,
    0.11669921875,
    0.10888671875,
    0.099609375,
    0.08251953125,
    0.099609375,
    0.0888671875,
    0.10498046875,
    0.048828125,
    0.1279296875,
    0.1494140625,
    0.10546875,
    0.1474609375
  ],
  "tv_mean": 0.2263476550579071,
  "tv_std": 0.0705016627907753,
  "tv_per_prompt": [
    0.1865234375,
    0.248046875,
    0.1494140625,
    0.1845703125,
    0.1435546875,
    0.31640625,
    0.2236328125,
    0.1748046875,
    0.099609375,
    0.1259765625,
    0.134765625,
    0.1826171875,
    0.224609375,
    0.1494140625,
    0.2021484375,
    0.140625,
    0.326171875,
    0.13671875,
    0.28515625,
    0.1708984375,
    0.1650390625,
    0.291015625,
    0.353515625,
    0.181640625,
    0.32421875,
    0.134765625,
    0.236328125,
    0.212890625,
    0.1630859375,
    0.240234375,
    0.1318359375,
    0.193359375,
    0.28515625,
    0.20703125,
    0.265625,
    0.2734375,
    0.30078125,
    0.1650390625,
    0.306640625,
    0.28125,
    0.283203125,
    0.23828125,
    0.28125,
    0.2578125,
    0.283203125,
    0.16015625,
    0.33203125,
    0.33984375,
    0.2734375,
    0.349609375
  ],
  "target_model": "Qwen/Qwen2.5-7B-Instruct",
  "draft_model": "Qwen/Qwen2.5-0.5B-Instruct",
  "adapter_path": "results/exp1/baseline_chat/final",
  "domain": "code",
  "divergence_types": [
    "kl",
    "js",
    "tv"
  ],
  "max_seq_len": 512,
  "seed": 42
}