{
  "num_prompts": 50,
  "avg_seq_len": 44.32,
  "kl_mean": 0.7413281202316284,
  "kl_std": 0.28954073786735535,
  "kl_per_prompt": [
    1.3125,
    0.7578125,
    1.46875,
    0.408203125,
    0.5390625,
    0.7109375,
    0.416015625,
    0.93359375,
    0.8125,
    0.462890625,
    0.76171875,
    0.9140625,
    0.447265625,
    0.51953125,
    1.046875,
    0.70703125,
    0.82421875,
    0.8984375,
    0.65234375,
    0.80859375,
    0.5,
    0.470703125,
    0.349609375,
    0.921875,
    0.41796875,
    0.8671875,
    1.125,
    0.267578125,
    0.82421875,
    1.5703125,
    0.46875,
    0.58984375,
    1.3125,
    0.57421875,
    0.78125,
    0.953125,
    0.5390625,
    0.474609375,
    0.87890625,
    0.59375,
    0.81640625,
    0.76953125,
    0.33203125,
    0.7734375,
    0.69921875,
    0.55078125,
    0.5703125,
    1.0625,
    0.62890625,
    0.98046875
  ],
  "js_mean": 0.11308594048023224,
  "js_std": 0.029135163873434067,
  "js_per_prompt": [
    0.140625,
    0.119140625,
    0.1337890625,
    0.08740234375,
    0.1005859375,
    0.10205078125,
    0.07568359375,
    0.1083984375,
    0.1484375,
    0.09326171875,
    0.095703125,
    0.140625,
    0.091796875,
    0.0771484375,
    0.123046875,
    0.14453125,
    0.12890625,
    0.099609375,
    0.1044921875,
    0.08935546875,
    0.09375,
    0.09375,
    0.0712890625,
    0.12158203125,
    0.08056640625,
    0.1357421875,
    0.1796875,
    0.05419921875,
    0.1162109375,
    0.1962890625,
    0.0966796875,
    0.10986328125,
    0.1767578125,
    0.11376953125,
    0.10302734375,
    0.154296875,
    0.0859375,
    0.09765625,
    0.09228515625,
    0.11376953125,
    0.134765625,
    0.11767578125,
    0.06787109375,
    0.10546875,
    0.10888671875,
    0.1162109375,
    0.10791015625,
    0.1572265625,
    0.1298828125,
    0.11669921875
  ],
  "tv_mean": 0.30091798305511475,
  "tv_std": 0.054279912263154984,
  "tv_per_prompt": [
    0.353515625,
    0.314453125,
    0.353515625,
    0.267578125,
    0.28515625,
    0.314453125,
    0.240234375,
    0.2890625,
    0.36328125,
    0.271484375,
    0.275390625,
    0.361328125,
    0.279296875,
    0.2177734375,
    0.310546875,
    0.359375,
    0.3046875,
    0.28125,
    0.283203125,
    0.2265625,
    0.2890625,
    0.291015625,
    0.2275390625,
    0.298828125,
    0.2421875,
    0.326171875,
    0.4140625,
    0.1767578125,
    0.287109375,
    0.451171875,
    0.267578125,
    0.294921875,
    0.42578125,
    0.30078125,
    0.279296875,
    0.380859375,
    0.232421875,
    0.28515625,
    0.255859375,
    0.30078125,
    0.333984375,
    0.310546875,
    0.22265625,
    0.279296875,
    0.302734375,
    0.306640625,
    0.296875,
    0.375,
    0.349609375,
    0.2890625
  ],
  "target_model": "Qwen/Qwen2.5-7B-Instruct",
  "draft_model": "Qwen/Qwen2.5-0.5B-Instruct",
  "adapter_path": "results/exp1/baseline_chat/final",
  "domain": "mixed",
  "divergence_types": [
    "kl",
    "js",
    "tv"
  ],
  "max_seq_len": 512,
  "seed": 42
}