{
  "num_prompts": 50,
  "avg_seq_len": 45.26,
  "kl_mean": 1.114687442779541,
  "kl_std": 0.3467928171157837,
  "kl_per_prompt": [
    1.5625,
    1.859375,
    1.4765625,
    1.40625,
    1.2265625,
    1.703125,
    1.3984375,
    1.421875,
    1.046875,
    1.328125,
    1.2265625,
    1.8359375,
    1.4140625,
    1.6953125,
    1.46875,
    1.2265625,
    1.3125,
    1.203125,
    1.9921875,
    1.5390625,
    0.984375,
    0.97265625,
    1.2265625,
    1.0390625,
    0.82421875,
    0.91015625,
    0.7265625,
    0.78515625,
    0.9375,
    0.95703125,
    0.94140625,
    1.0703125,
    0.9765625,
    0.921875,
    0.94140625,
    0.6640625,
    1.046875,
    0.75,
    0.90625,
    0.7421875,
    0.765625,
    1.0,
    0.78125,
    0.7890625,
    0.94140625,
    0.67578125,
    0.59765625,
    0.71484375,
    0.9765625,
    0.82421875
  ],
  "js_mean": 0.1304003894329071,
  "js_std": 0.026728689670562744,
  "js_per_prompt": [
    0.16015625,
    0.2275390625,
    0.126953125,
    0.1455078125,
    0.08203125,
    0.1943359375,
    0.11376953125,
    0.1552734375,
    0.1025390625,
    0.1357421875,
    0.146484375,
    0.1357421875,
    0.162109375,
    0.1572265625,
    0.158203125,
    0.11474609375,
    0.1337890625,
    0.10009765625,
    0.16796875,
    0.11572265625,
    0.1298828125,
    0.140625,
    0.150390625,
    0.1396484375,
    0.11572265625,
    0.1240234375,
    0.09423828125,
    0.1025390625,
    0.12451171875,
    0.1328125,
    0.1123046875,
    0.142578125,
    0.138671875,
    0.1298828125,
    0.1298828125,
    0.09326171875,
    0.130859375,
    0.09912109375,
    0.11669921875,
    0.09326171875,
    0.1259765625,
    0.140625,
    0.12060546875,
    0.125,
    0.1328125,
    0.09814453125,
    0.0927734375,
    0.119140625,
    0.150390625,
    0.1376953125
  ],
  "tv_mean": 0.3391406238079071,
  "tv_std": 0.05110638588666916,
  "tv_per_prompt": [
    0.40234375,
    0.5078125,
    0.330078125,
    0.3671875,
    0.228515625,
    0.4453125,
    0.3125,
    0.390625,
    0.267578125,
    0.37109375,
    0.35546875,
    0.34375,
    0.412109375,
    0.388671875,
    0.404296875,
    0.291015625,
    0.345703125,
    0.265625,
    0.392578125,
    0.3046875,
    0.345703125,
    0.341796875,
    0.373046875,
    0.369140625,
    0.318359375,
    0.34375,
    0.265625,
    0.287109375,
    0.337890625,
    0.365234375,
    0.30078125,
    0.33984375,
    0.345703125,
    0.3515625,
    0.345703125,
    0.26953125,
    0.349609375,
    0.279296875,
    0.3046875,
    0.275390625,
    0.359375,
    0.369140625,
    0.326171875,
    0.341796875,
    0.322265625,
    0.287109375,
    0.265625,
    0.33203125,
    0.361328125,
    0.35546875
  ],
  "target_model": "Qwen/Qwen2.5-7B-Instruct",
  "draft_model": "Qwen/Qwen2.5-0.5B-Instruct",
  "adapter_path": "results/exp1/baseline_code/final",
  "domain": "chat",
  "divergence_types": [
    "kl",
    "js",
    "tv"
  ],
  "max_seq_len": 512,
  "seed": 42
}