{
  "num_prompts": 50,
  "avg_seq_len": 44.32,
  "kl_mean": 0.6187890768051147,
  "kl_std": 0.2019829899072647,
  "kl_per_prompt": [
    0.76953125,
    0.83984375,
    1.0078125,
    0.384765625,
    0.56640625,
    0.75,
    0.341796875,
    0.56640625,
    0.78515625,
    0.486328125,
    0.5078125,
    0.59765625,
    0.40234375,
    0.5,
    0.72265625,
    0.625,
    0.859375,
    0.5,
    0.6796875,
    0.57421875,
    0.53125,
    0.443359375,
    0.435546875,
    0.67578125,
    0.388671875,
    0.8203125,
    0.83984375,
    0.259765625,
    0.53125,
    1.3515625,
    0.490234375,
    0.61328125,
    0.96875,
    0.486328125,
    0.61328125,
    0.95703125,
    0.451171875,
    0.515625,
    0.5625,
    0.515625,
    0.84765625,
    0.57421875,
    0.318359375,
    0.5625,
    0.640625,
    0.51953125,
    0.5625,
    0.80078125,
    0.55078125,
    0.64453125
  ],
  "js_mean": 0.1080029308795929,
  "js_std": 0.02686646766960621,
  "js_per_prompt": [
    0.12158203125,
    0.111328125,
    0.1328125,
    0.08447265625,
    0.11181640625,
    0.10546875,
    0.06787109375,
    0.09765625,
    0.14453125,
    0.099609375,
    0.08837890625,
    0.1103515625,
    0.0830078125,
    0.07177734375,
    0.12060546875,
    0.1337890625,
    0.1474609375,
    0.08984375,
    0.109375,
    0.08447265625,
    0.087890625,
    0.09130859375,
    0.0830078125,
    0.11328125,
    0.0791015625,
    0.1279296875,
    0.1611328125,
    0.053955078125,
    0.09619140625,
    0.1904296875,
    0.10009765625,
    0.11572265625,
    0.16015625,
    0.10205078125,
    0.10498046875,
    0.150390625,
    0.07275390625,
    0.10791015625,
    0.09130859375,
    0.10302734375,
    0.126953125,
    0.1083984375,
    0.06689453125,
    0.10107421875,
    0.09716796875,
    0.1142578125,
    0.10986328125,
    0.1455078125,
    0.1181640625,
    0.10302734375
  ],
  "tv_mean": 0.29541015625,
  "tv_std": 0.0512293241918087,
  "tv_per_prompt": [
    0.3125,
    0.298828125,
    0.34765625,
    0.263671875,
    0.3203125,
    0.328125,
    0.220703125,
    0.2734375,
    0.365234375,
    0.287109375,
    0.26171875,
    0.302734375,
    0.265625,
    0.20703125,
    0.30859375,
    0.345703125,
    0.34765625,
    0.263671875,
    0.294921875,
    0.2177734375,
    0.275390625,
    0.283203125,
    0.259765625,
    0.287109375,
    0.2451171875,
    0.31640625,
    0.38671875,
    0.1767578125,
    0.259765625,
    0.4375,
    0.2734375,
    0.314453125,
    0.40234375,
    0.28515625,
    0.298828125,
    0.384765625,
    0.2119140625,
    0.314453125,
    0.259765625,
    0.28515625,
    0.3203125,
    0.29296875,
    0.2275390625,
    0.279296875,
    0.2890625,
    0.3046875,
    0.30078125,
    0.361328125,
    0.330078125,
    0.2734375
  ],
  "target_model": "Qwen/Qwen2.5-7B-Instruct",
  "draft_model": "Qwen/Qwen2.5-0.5B-Instruct",
  "adapter_path": "results/exp1/baseline_medical/final",
  "domain": "mixed",
  "divergence_types": [
    "kl",
    "js",
    "tv"
  ],
  "max_seq_len": 512,
  "seed": 42
}