{
  "num_prompts": 50,
  "avg_seq_len": 52.88,
  "kl_mean": 0.7309765815734863,
  "kl_std": 0.21194884181022644,
  "kl_per_prompt": [
    0.578125,
    0.59765625,
    0.69140625,
    0.63671875,
    0.73046875,
    1.1875,
    0.8828125,
    0.5234375,
    0.82421875,
    0.84765625,
    0.54296875,
    1.015625,
    0.79296875,
    0.8671875,
    1.0234375,
    0.5859375,
    0.765625,
    0.99609375,
    0.58203125,
    1.1015625,
    0.498046875,
    0.8515625,
    0.51953125,
    0.5859375,
    0.42578125,
    0.55859375,
    0.6171875,
    0.71484375,
    0.5546875,
    0.671875,
    1.390625,
    0.7109375,
    0.68359375,
    0.734375,
    0.56640625,
    0.88671875,
    0.609375,
    1.015625,
    1.2734375,
    0.6015625,
    0.54296875,
    0.65234375,
    0.65625,
    0.44140625,
    0.66015625,
    0.609375,
    0.75,
    0.60546875,
    0.640625,
    0.74609375
  ],
  "js_mean": 0.11580078303813934,
  "js_std": 0.027187487110495567,
  "js_per_prompt": [
    0.0810546875,
    0.08740234375,
    0.10986328125,
    0.11669921875,
    0.07861328125,
    0.185546875,
    0.08154296875,
    0.06982421875,
    0.126953125,
    0.091796875,
    0.09912109375,
    0.1142578125,
    0.1259765625,
    0.1328125,
    0.1328125,
    0.09130859375,
    0.0849609375,
    0.1611328125,
    0.09619140625,
    0.130859375,
    0.08984375,
    0.1533203125,
    0.10009765625,
    0.109375,
    0.08056640625,
    0.08837890625,
    0.10693359375,
    0.119140625,
    0.0986328125,
    0.1201171875,
    0.1845703125,
    0.12890625,
    0.11474609375,
    0.12060546875,
    0.11083984375,
    0.1435546875,
    0.10595703125,
    0.1572265625,
    0.1884765625,
    0.10986328125,
    0.10546875,
    0.123046875,
    0.1201171875,
    0.0908203125,
    0.12890625,
    0.11328125,
    0.1181640625,
    0.11474609375,
    0.11767578125,
    0.1279296875
  ],
  "tv_mean": 0.2997070252895355,
  "tv_std": 0.052446916699409485,
  "tv_per_prompt": [
    0.2216796875,
    0.2421875,
    0.30859375,
    0.326171875,
    0.2216796875,
    0.4375,
    0.2197265625,
    0.1826171875,
    0.34375,
    0.2431640625,
    0.265625,
    0.27734375,
    0.3203125,
    0.330078125,
    0.33984375,
    0.2578125,
    0.236328125,
    0.36328125,
    0.27734375,
    0.318359375,
    0.2578125,
    0.375,
    0.291015625,
    0.296875,
    0.2470703125,
    0.25390625,
    0.310546875,
    0.32421875,
    0.2275390625,
    0.3125,
    0.40625,
    0.32421875,
    0.318359375,
    0.30078125,
    0.296875,
    0.34765625,
    0.263671875,
    0.376953125,
    0.423828125,
    0.291015625,
    0.2890625,
    0.318359375,
    0.30078125,
    0.2578125,
    0.322265625,
    0.306640625,
    0.2890625,
    0.30859375,
    0.298828125,
    0.314453125
  ],
  "target_model": "Qwen/Qwen2.5-7B-Instruct",
  "draft_model": "Qwen/Qwen2.5-0.5B-Instruct",
  "adapter_path": "results/exp1/baseline_medical/final",
  "domain": "medical",
  "divergence_types": [
    "kl",
    "js",
    "tv"
  ],
  "max_seq_len": 512,
  "seed": 42
}