{
  "num_prompts": 50,
  "avg_seq_len": 45.26,
  "kl_mean": 0.691210925579071,
  "kl_std": 0.1974126696586609,
  "kl_per_prompt": [
    1.125,
    1.1015625,
    0.9453125,
    0.6171875,
    0.59375,
    0.9375,
    0.84375,
    0.6640625,
    0.59375,
    0.7421875,
    0.69921875,
    1.21875,
    0.6640625,
    0.90234375,
    0.6953125,
    0.80859375,
    0.6015625,
    0.443359375,
    1.1953125,
    0.91015625,
    0.625,
    0.7265625,
    0.84375,
    0.65625,
    0.62109375,
    0.6171875,
    0.431640625,
    0.478515625,
    0.5625,
    0.69921875,
    0.51171875,
    0.7734375,
    0.70703125,
    0.65625,
    0.6171875,
    0.490234375,
    0.56640625,
    0.458984375,
    0.5078125,
    0.4453125,
    0.51171875,
    0.796875,
    0.51953125,
    0.65234375,
    0.8203125,
    0.470703125,
    0.458984375,
    0.515625,
    0.84375,
    0.671875
  ],
  "js_mean": 0.11598632484674454,
  "js_std": 0.023977726697921753,
  "js_per_prompt": [
    0.15625,
    0.1904296875,
    0.1171875,
    0.1142578125,
    0.08203125,
    0.16796875,
    0.09912109375,
    0.1298828125,
    0.0947265625,
    0.1162109375,
    0.1259765625,
    0.12890625,
    0.130859375,
    0.1455078125,
    0.1240234375,
    0.1142578125,
    0.11279296875,
    0.07861328125,
    0.16015625,
    0.0986328125,
    0.115234375,
    0.1298828125,
    0.1357421875,
    0.11767578125,
    0.107421875,
    0.1162109375,
    0.078125,
    0.08984375,
    0.10498046875,
    0.12255859375,
    0.09130859375,
    0.1259765625,
    0.1337890625,
    0.1220703125,
    0.1181640625,
    0.08544921875,
    0.1103515625,
    0.08447265625,
    0.09033203125,
    0.08056640625,
    0.1064453125,
    0.1298828125,
    0.103515625,
    0.1171875,
    0.1337890625,
    0.091796875,
    0.087890625,
    0.10546875,
    0.1435546875,
    0.1318359375
  ],
  "tv_mean": 0.3150976598262787,
  "tv_std": 0.04530996084213257,
  "tv_per_prompt": [
    0.3828125,
    0.455078125,
    0.318359375,
    0.318359375,
    0.2236328125,
    0.3828125,
    0.279296875,
    0.353515625,
    0.2470703125,
    0.326171875,
    0.318359375,
    0.337890625,
    0.365234375,
    0.359375,
    0.34375,
    0.30078125,
    0.322265625,
    0.2470703125,
    0.388671875,
    0.279296875,
    0.32421875,
    0.333984375,
    0.34765625,
    0.337890625,
    0.306640625,
    0.33203125,
    0.2431640625,
    0.265625,
    0.296875,
    0.34375,
    0.271484375,
    0.3125,
    0.333984375,
    0.330078125,
    0.326171875,
    0.255859375,
    0.32421875,
    0.259765625,
    0.251953125,
    0.2431640625,
    0.322265625,
    0.34765625,
    0.302734375,
    0.32421875,
    0.322265625,
    0.28125,
    0.251953125,
    0.3125,
    0.353515625,
    0.345703125
  ],
  "target_model": "Qwen/Qwen2.5-7B-Instruct",
  "draft_model": "Qwen/Qwen2.5-0.5B-Instruct",
  "adapter_path": "results/exp1/baseline_medical/final",
  "domain": "chat",
  "divergence_types": [
    "kl",
    "js",
    "tv"
  ],
  "max_seq_len": 512,
  "seed": 42
}