{
  "num_prompts": 50,
  "avg_seq_len": 88.6,
  "kl_mean": 0.36406248807907104,
  "kl_std": 0.16672350466251373,
  "kl_per_prompt": [
    0.255859375,
    0.4296875,
    0.19140625,
    0.2412109375,
    0.1728515625,
    0.4453125,
    0.361328125,
    0.185546875,
    0.1572265625,
    0.1865234375,
    0.3203125,
    0.2265625,
    0.4375,
    0.189453125,
    0.28125,
    0.2431640625,
    0.75390625,
    0.3046875,
    0.427734375,
    0.234375,
    0.2314453125,
    0.4140625,
    0.58203125,
    0.2255859375,
    0.5859375,
    0.173828125,
    0.30859375,
    0.29296875,
    0.228515625,
    0.455078125,
    0.142578125,
    0.2216796875,
    0.41796875,
    0.302734375,
    0.5390625,
    0.451171875,
    0.5078125,
    0.1884765625,
    0.462890625,
    0.48046875,
    0.47265625,
    0.357421875,
    0.39453125,
    0.359375,
    0.404296875,
    0.2451171875,
    0.55859375,
    0.8671875,
    0.52734375,
    0.7578125
  ],
  "js_mean": 0.07399413734674454,
  "js_std": 0.02967328391969204,
  "js_per_prompt": [
    0.052978515625,
    0.0791015625,
    0.03955078125,
    0.051025390625,
    0.037109375,
    0.10107421875,
    0.0703125,
    0.039306640625,
    0.033935546875,
    0.034423828125,
    0.052490234375,
    0.048583984375,
    0.080078125,
    0.044921875,
    0.062255859375,
    0.044677734375,
    0.1259765625,
    0.05517578125,
    0.0830078125,
    0.04833984375,
    0.051025390625,
    0.09716796875,
    0.12353515625,
    0.052978515625,
    0.11181640625,
    0.0361328125,
    0.07373046875,
    0.064453125,
    0.04931640625,
    0.08544921875,
    0.033935546875,
    0.052734375,
    0.0869140625,
    0.06982421875,
    0.10302734375,
    0.09423828125,
    0.103515625,
    0.043212890625,
    0.10009765625,
    0.09765625,
    0.09912109375,
    0.07763671875,
    0.0859375,
    0.07861328125,
    0.09033203125,
    0.050537109375,
    0.1171875,
    0.1474609375,
    0.10205078125,
    0.1357421875
  ],
  "tv_mean": 0.22263671457767487,
  "tv_std": 0.062408532947301865,
  "tv_per_prompt": [
    0.201171875,
    0.244140625,
    0.142578125,
    0.1953125,
    0.14453125,
    0.296875,
    0.2275390625,
    0.1650390625,
    0.1103515625,
    0.142578125,
    0.1630859375,
    0.171875,
    0.2275390625,
    0.1591796875,
    0.2197265625,
    0.1630859375,
    0.32421875,
    0.16015625,
    0.259765625,
    0.1796875,
    0.1630859375,
    0.28515625,
    0.333984375,
    0.17578125,
    0.296875,
    0.13671875,
    0.23828125,
    0.2021484375,
    0.1640625,
    0.23046875,
    0.126953125,
    0.1767578125,
    0.26953125,
    0.2041015625,
    0.263671875,
    0.275390625,
    0.29296875,
    0.16015625,
    0.283203125,
    0.265625,
    0.28125,
    0.2314453125,
    0.26171875,
    0.2421875,
    0.259765625,
    0.162109375,
    0.310546875,
    0.3359375,
    0.267578125,
    0.3359375
  ],
  "target_model": "Qwen/Qwen2.5-7B-Instruct",
  "draft_model": "Qwen/Qwen2.5-0.5B-Instruct",
  "adapter_path": "results/exp1/baseline_medical/final",
  "domain": "code",
  "divergence_types": [
    "kl",
    "js",
    "tv"
  ],
  "max_seq_len": 512,
  "seed": 42
}