{
  "alpha": 0.5375409069658719,
  "alpha_std": 0.15453381836414337,
  "mean_accepted_length": 2.6877045348293596,
  "per_position_alpha": [
    0.6624590930341281,
    0.8962597035991532,
    0.8881889763779528,
    0.9069148936170213,
    0.8905180840664711
  ],
  "per_prompt_alpha": [
    0.43137254901960786,
    0.7294117647058823,
    0.36140350877192984,
    0.8620689655172413,
    0.8689655172413793,
    0.631578947368421,
    0.5804878048780487,
    0.7575757575757576,
    0.631578947368421,
    0.43673469387755104,
    0.8266666666666667,
    0.36428571428571427,
    0.43137254901960786,
    0.5136363636363637,
    0.7142857142857143,
    0.49130434782608695,
    0.5707317073170731,
    0.6263157894736842,
    0.424,
    0.5658536585365853,
    0.6210526315789474,
    0.6857142857142857,
    0.424,
    0.68,
    0.49333333333333335,
    0.8258064516129032,
    0.5609756097560976,
    0.59,
    0.6432432432432432,
    0.4851063829787234,
    0.6555555555555556,
    1.0,
    0.59,
    0.5181818181818182,
    0.30625,
    0.35789473684210527,
    0.4,
    0.6666666666666666,
    0.4583333333333333,
    0.5523809523809524,
    0.46122448979591835,
    0.59,
    0.4723404255319149,
    0.7352941176470589,
    0.6,
    0.4235294117647059,
    0.41132075471698115,
    0.58,
    0.375,
    0.3814814814814815
  ],
  "num_prompts": 50,
  "total_tokens_generated": 6471,
  "draft_k": 5,
  "max_new_tokens": 128,
  "target_model": "Qwen/Qwen2.5-7B-Instruct",
  "draft_model": "Qwen/Qwen2.5-0.5B-Instruct",
  "adapter_path": "results/exp4/code_lam_0.05/final",
  "domain": "code",
  "seed": 42
}