{
  "num_prompts": 50,
  "avg_seq_len": 88.6,
  "kl_mean": 0.6116796731948853,
  "kl_std": 0.18317504227161407,
  "kl_per_prompt": [
    0.77734375,
    0.87109375,
    0.5546875,
    0.6953125,
    0.494140625,
    0.68359375,
    0.8515625,
    0.484375,
    0.53125,
    0.625,
    0.5703125,
    0.5078125,
    0.765625,
    0.5078125,
    0.62890625,
    0.56640625,
    0.97265625,
    0.59375,
    0.6875,
    0.58984375,
    0.384765625,
    0.88671875,
    0.890625,
    0.3515625,
    0.82421875,
    0.275390625,
    0.52734375,
    0.59765625,
    0.3203125,
    0.64453125,
    0.24609375,
    0.5625,
    0.6484375,
    0.390625,
    0.83203125,
    0.8671875,
    0.80859375,
    0.41796875,
    0.65625,
    0.55859375,
    0.57421875,
    0.474609375,
    0.58203125,
    0.453125,
    0.5,
    0.283203125,
    0.6953125,
    0.92578125,
    0.5625,
    0.8828125
  ],
  "js_mean": 0.09315917640924454,
  "js_std": 0.03306211158633232,
  "js_per_prompt": [
    0.0751953125,
    0.099609375,
    0.058349609375,
    0.072265625,
    0.05517578125,
    0.1298828125,
    0.09521484375,
    0.0625,
    0.045166015625,
    0.0595703125,
    0.056884765625,
    0.09423828125,
    0.0927734375,
    0.0625,
    0.072265625,
    0.05712890625,
    0.126953125,
    0.062255859375,
    0.10791015625,
    0.06396484375,
    0.056640625,
    0.1396484375,
    0.1572265625,
    0.057861328125,
    0.1455078125,
    0.03955078125,
    0.0947265625,
    0.10302734375,
    0.06396484375,
    0.10498046875,
    0.039794921875,
    0.08642578125,
    0.1240234375,
    0.08349609375,
    0.138671875,
    0.12255859375,
    0.138671875,
    0.078125,
    0.1171875,
    0.10546875,
    0.1083984375,
    0.0908203125,
    0.10986328125,
    0.09228515625,
    0.10107421875,
    0.055908203125,
    0.1357421875,
    0.158203125,
    0.10498046875,
    0.1533203125
  ],
  "tv_mean": 0.2500976622104645,
  "tv_std": 0.07184242457151413,
  "tv_per_prompt": [
    0.220703125,
    0.2734375,
    0.1640625,
    0.2099609375,
    0.171875,
    0.32421875,
    0.251953125,
    0.1865234375,
    0.1181640625,
    0.1796875,
    0.1572265625,
    0.240234375,
    0.2373046875,
    0.1787109375,
    0.2216796875,
    0.173828125,
    0.328125,
    0.16015625,
    0.287109375,
    0.1904296875,
    0.1689453125,
    0.349609375,
    0.388671875,
    0.18359375,
    0.353515625,
    0.1357421875,
    0.271484375,
    0.2734375,
    0.1884765625,
    0.263671875,
    0.1337890625,
    0.2294921875,
    0.337890625,
    0.228515625,
    0.32421875,
    0.3125,
    0.361328125,
    0.2177734375,
    0.314453125,
    0.283203125,
    0.3046875,
    0.255859375,
    0.294921875,
    0.259765625,
    0.27734375,
    0.1728515625,
    0.345703125,
    0.357421875,
    0.279296875,
    0.361328125
  ],
  "target_model": "Qwen/Qwen2.5-7B-Instruct",
  "draft_model": "Qwen/Qwen2.5-0.5B-Instruct",
  "adapter_path": "results/exp4/code_lam_0.05/final",
  "domain": "code",
  "divergence_types": [
    "kl",
    "js",
    "tv"
  ],
  "max_seq_len": 512,
  "seed": 42
}