{
  "alpha": 0.29175320708613317,
  "alpha_std": 0.09014330059289932,
  "mean_accepted_length": 1.4587660354306657,
  "per_position_alpha": [
    0.48259010384850337,
    0.7449367088607595,
    0.7391673746813934,
    0.7471264367816092,
    0.7676923076923077
  ],
  "per_prompt_alpha": [
    0.2878787878787879,
    0.2535211267605634,
    0.290625,
    0.79375,
    0.3620689655172414,
    0.2984126984126984,
    0.2953846153846154,
    0.22278481012658227,
    0.30625,
    0.25142857142857145,
    0.22597402597402597,
    0.21265822784810126,
    0.42745098039215684,
    0.31290322580645163,
    0.2153846153846154,
    0.27058823529411763,
    0.21265822784810126,
    0.232,
    0.3096774193548387,
    0.34385964912280703,
    0.26956521739130435,
    0.1975609756097561,
    0.28484848484848485,
    0.2535211267605634,
    0.3180327868852459,
    0.3,
    0.31076923076923074,
    0.37454545454545457,
    0.2676056338028169,
    0.3,
    0.22933333333333333,
    0.3111111111111111,
    0.4,
    0.23835616438356164,
    0.2591549295774648,
    0.3709090909090909,
    0.2075,
    0.3142857142857143,
    0.38545454545454544,
    0.3333333333333333,
    0.4,
    0.34385964912280703,
    0.3333333333333333,
    0.3047619047619048,
    0.2835820895522388,
    0.25555555555555554,
    0.37857142857142856,
    0.26571428571428574,
    0.2535211267605634,
    0.2953846153846154
  ],
  "num_prompts": 50,
  "total_tokens_generated": 6470,
  "draft_k": 5,
  "max_new_tokens": 128,
  "target_model": "Qwen/Qwen2.5-7B-Instruct",
  "draft_model": "Qwen/Qwen2.5-0.5B-Instruct",
  "adapter_path": "results/exp4/chat_lam_0.01/final",
  "domain": "chat",
  "seed": 42
}