{
  "num_prompts": 50,
  "avg_seq_len": 45.26,
  "kl_mean": 0.8483984470367432,
  "kl_std": 0.27914363145828247,
  "kl_per_prompt": [
    1.4140625,
    1.515625,
    0.80078125,
    0.69921875,
    1.078125,
    1.421875,
    0.7578125,
    0.7421875,
    1.09375,
    1.1875,
    0.99609375,
    1.1484375,
    0.73828125,
    1.375,
    1.0234375,
    0.6640625,
    1.1796875,
    0.51953125,
    1.5859375,
    0.9765625,
    0.65625,
    0.90625,
    0.93359375,
    0.64453125,
    0.77734375,
    0.8125,
    0.443359375,
    0.6796875,
    0.58203125,
    0.91015625,
    0.54296875,
    1.0,
    0.859375,
    0.89453125,
    0.65625,
    0.62890625,
    0.65234375,
    0.734375,
    0.6875,
    0.66796875,
    0.5546875,
    0.890625,
    0.54296875,
    0.7421875,
    0.84375,
    0.4921875,
    0.53125,
    0.54296875,
    0.94140625,
    0.75
  ],
  "js_mean": 0.12188476324081421,
  "js_std": 0.023204846307635307,
  "js_per_prompt": [
    0.1484375,
    0.2001953125,
    0.11279296875,
    0.126953125,
    0.08935546875,
    0.18359375,
    0.10498046875,
    0.1376953125,
    0.11474609375,
    0.119140625,
    0.1328125,
    0.1376953125,
    0.1455078125,
    0.13671875,
    0.115234375,
    0.107421875,
    0.126953125,
    0.09033203125,
    0.150390625,
    0.11962890625,
    0.11572265625,
    0.138671875,
    0.1298828125,
    0.11474609375,
    0.1064453125,
    0.1220703125,
    0.07666015625,
    0.1015625,
    0.11181640625,
    0.1328125,
    0.0947265625,
    0.1357421875,
    0.13671875,
    0.134765625,
    0.12158203125,
    0.09033203125,
    0.1220703125,
    0.107421875,
    0.10205078125,
    0.09130859375,
    0.1142578125,
    0.13671875,
    0.10888671875,
    0.126953125,
    0.1337890625,
    0.09423828125,
    0.09033203125,
    0.11328125,
    0.1513671875,
    0.13671875
  ],
  "tv_mean": 0.32544922828674316,
  "tv_std": 0.042169008404016495,
  "tv_per_prompt": [
    0.36328125,
    0.45703125,
    0.30859375,
    0.341796875,
    0.25,
    0.408203125,
    0.2890625,
    0.373046875,
    0.28125,
    0.33203125,
    0.330078125,
    0.35546875,
    0.388671875,
    0.34765625,
    0.30859375,
    0.29296875,
    0.330078125,
    0.265625,
    0.375,
    0.328125,
    0.31640625,
    0.34375,
    0.341796875,
    0.326171875,
    0.298828125,
    0.33984375,
    0.2392578125,
    0.291015625,
    0.31640625,
    0.36328125,
    0.28125,
    0.328125,
    0.345703125,
    0.353515625,
    0.333984375,
    0.26953125,
    0.345703125,
    0.287109375,
    0.27734375,
    0.26171875,
    0.337890625,
    0.365234375,
    0.30859375,
    0.3515625,
    0.326171875,
    0.283203125,
    0.265625,
    0.326171875,
    0.365234375,
    0.35546875
  ],
  "target_model": "Qwen/Qwen2.5-7B-Instruct",
  "draft_model": "Qwen/Qwen2.5-0.5B-Instruct",
  "adapter_path": "results/exp4/chat_lam_0.01/final",
  "domain": "chat",
  "divergence_types": [
    "kl",
    "js",
    "tv"
  ],
  "max_seq_len": 512,
  "seed": 42
}