{
  "alpha": 0.35542378793163587,
  "alpha_std": 0.09016802161931992,
  "mean_accepted_length": 1.7771189396581792,
  "per_position_alpha": [
    0.5259853505406348,
    0.7950928381962865,
    0.8098415346121768,
    0.8166838311019567,
    0.7868852459016393
  ],
  "per_prompt_alpha": [
    0.3433333333333333,
    0.32666666666666666,
    0.39245283018867927,
    0.27058823529411763,
    0.475,
    0.428,
    0.32131147540983607,
    0.3482758620689655,
    0.49333333333333335,
    0.44,
    0.4115384615384615,
    0.4708333333333333,
    0.5022222222222222,
    0.35172413793103446,
    0.3482758620689655,
    0.4115384615384615,
    0.41568627450980394,
    0.6,
    0.30153846153846153,
    0.35789473684210527,
    0.296875,
    0.3047619047619048,
    0.4851063829787234,
    0.3888888888888889,
    0.2535211267605634,
    0.303125,
    0.3423728813559322,
    0.3709090909090909,
    0.19523809523809524,
    0.29375,
    0.26666666666666666,
    0.45416666666666666,
    0.48695652173913045,
    0.19036144578313252,
    0.4583333333333333,
    0.34576271186440677,
    0.3448275862068966,
    0.31475409836065577,
    0.2388888888888889,
    0.4076923076923077,
    0.5136363636363637,
    0.4530612244897959,
    0.33,
    0.4076923076923077,
    0.28615384615384615,
    0.26571428571428574,
    0.34,
    0.2716417910447761,
    0.5255813953488372,
    0.35172413793103446
  ],
  "num_prompts": 50,
  "total_tokens_generated": 6454,
  "draft_k": 5,
  "max_new_tokens": 128,
  "target_model": "meta-llama/Llama-3.1-8B-Instruct",
  "draft_model": "meta-llama/Llama-3.2-1B-Instruct",
  "adapter_path": "results/exp4_llama/chat_lam_0.5/final",
  "domain": "chat",
  "seed": 42
}