{
  "num_prompts": 50,
  "avg_seq_len": 45.78,
  "kl_mean": 0.5316015481948853,
  "kl_std": 0.11683333665132523,
  "kl_per_prompt": [
    0.85546875,
    0.84765625,
    0.578125,
    0.43359375,
    0.56640625,
    0.5625,
    0.5078125,
    0.76171875,
    0.59375,
    0.66015625,
    0.6875,
    0.62890625,
    0.4296875,
    0.66796875,
    0.5546875,
    0.40234375,
    0.640625,
    0.490234375,
    0.7890625,
    0.66015625,
    0.5078125,
    0.53125,
    0.57421875,
    0.5390625,
    0.490234375,
    0.439453125,
    0.357421875,
    0.5078125,
    0.423828125,
    0.462890625,
    0.478515625,
    0.60546875,
    0.52734375,
    0.470703125,
    0.4921875,
    0.447265625,
    0.51171875,
    0.41015625,
    0.478515625,
    0.498046875,
    0.435546875,
    0.55078125,
    0.4921875,
    0.5234375,
    0.50390625,
    0.43359375,
    0.37890625,
    0.37890625,
    0.41015625,
    0.400390625
  ],
  "js_mean": 0.09528320282697678,
  "js_std": 0.0175626203417778,
  "js_per_prompt": [
    0.1396484375,
    0.1484375,
    0.09765625,
    0.07763671875,
    0.09814453125,
    0.10302734375,
    0.08447265625,
    0.125,
    0.1064453125,
    0.111328125,
    0.12451171875,
    0.09716796875,
    0.076171875,
    0.11328125,
    0.09326171875,
    0.07568359375,
    0.10205078125,
    0.07666015625,
    0.125,
    0.123046875,
    0.10302734375,
    0.1025390625,
    0.09716796875,
    0.1025390625,
    0.091796875,
    0.08203125,
    0.0634765625,
    0.08447265625,
    0.07666015625,
    0.08837890625,
    0.0830078125,
    0.10595703125,
    0.0986328125,
    0.095703125,
    0.08935546875,
    0.0830078125,
    0.09619140625,
    0.0771484375,
    0.09130859375,
    0.09619140625,
    0.08544921875,
    0.099609375,
    0.09130859375,
    0.1005859375,
    0.09521484375,
    0.0791015625,
    0.0712890625,
    0.07861328125,
    0.07666015625,
    0.0791015625
  ],
  "tv_mean": 0.2888867259025574,
  "tv_std": 0.03470756113529205,
  "tv_per_prompt": [
    0.341796875,
    0.392578125,
    0.2890625,
    0.279296875,
    0.29296875,
    0.310546875,
    0.255859375,
    0.3515625,
    0.298828125,
    0.32421875,
    0.314453125,
    0.28125,
    0.248046875,
    0.349609375,
    0.28125,
    0.240234375,
    0.30859375,
    0.25,
    0.345703125,
    0.353515625,
    0.31640625,
    0.29296875,
    0.294921875,
    0.31640625,
    0.291015625,
    0.267578125,
    0.2275390625,
    0.259765625,
    0.255859375,
    0.29296875,
    0.265625,
    0.294921875,
    0.298828125,
    0.29296875,
    0.2890625,
    0.267578125,
    0.306640625,
    0.248046875,
    0.26953125,
    0.283203125,
    0.2890625,
    0.296875,
    0.279296875,
    0.31640625,
    0.267578125,
    0.255859375,
    0.2373046875,
    0.26953125,
    0.2353515625,
    0.255859375
  ],
  "target_model": "meta-llama/Llama-3.1-8B-Instruct",
  "draft_model": "meta-llama/Llama-3.2-1B-Instruct",
  "adapter_path": "results/exp4_llama/chat_lam_0.5/final",
  "domain": "chat",
  "divergence_types": [
    "kl",
    "js",
    "tv"
  ],
  "max_seq_len": 512,
  "seed": 42
}