{
  "num_prompts": 50,
  "avg_seq_len": 46.08,
  "kl_mean": 0.511914074420929,
  "kl_std": 0.15051984786987305,
  "kl_per_prompt": [
    0.56640625,
    1.3359375,
    0.5859375,
    0.482421875,
    0.431640625,
    0.53515625,
    0.470703125,
    0.64453125,
    0.7421875,
    0.6484375,
    0.66015625,
    0.47265625,
    0.392578125,
    0.6484375,
    0.6171875,
    0.4140625,
    0.578125,
    0.625,
    0.55859375,
    0.56640625,
    0.40234375,
    0.5078125,
    0.52734375,
    0.57421875,
    0.51953125,
    0.478515625,
    0.345703125,
    0.48828125,
    0.390625,
    0.337890625,
    0.421875,
    0.41015625,
    0.51953125,
    0.474609375,
    0.5,
    0.44921875,
    0.546875,
    0.388671875,
    0.5078125,
    0.515625,
    0.44921875,
    0.478515625,
    0.427734375,
    0.54296875,
    0.43359375,
    0.384765625,
    0.33984375,
    0.39453125,
    0.458984375,
    0.40234375
  ],
  "js_mean": 0.07338378578424454,
  "js_std": 0.01570204459130764,
  "js_per_prompt": [
    0.08447265625,
    0.1435546875,
    0.083984375,
    0.06396484375,
    0.056884765625,
    0.078125,
    0.060546875,
    0.09033203125,
    0.08203125,
    0.08935546875,
    0.0947265625,
    0.057373046875,
    0.052978515625,
    0.09326171875,
    0.09375,
    0.061767578125,
    0.08203125,
    0.0849609375,
    0.0703125,
    0.07470703125,
    0.06689453125,
    0.07666015625,
    0.07373046875,
    0.087890625,
    0.06787109375,
    0.07763671875,
    0.055908203125,
    0.0703125,
    0.06591796875,
    0.048583984375,
    0.06494140625,
    0.058349609375,
    0.08447265625,
    0.07568359375,
    0.068359375,
    0.0595703125,
    0.0830078125,
    0.05517578125,
    0.07373046875,
    0.0751953125,
    0.072265625,
    0.07421875,
    0.0673828125,
    0.087890625,
    0.06787109375,
    0.059326171875,
    0.052001953125,
    0.06640625,
    0.0693359375,
    0.0634765625
  ],
  "tv_mean": 0.24095703661441803,
  "tv_std": 0.03605533018708229,
  "tv_per_prompt": [
    0.263671875,
    0.361328125,
    0.251953125,
    0.212890625,
    0.1923828125,
    0.25390625,
    0.2060546875,
    0.2734375,
    0.2421875,
    0.265625,
    0.29296875,
    0.228515625,
    0.181640625,
    0.318359375,
    0.306640625,
    0.2119140625,
    0.28125,
    0.2490234375,
    0.2314453125,
    0.27734375,
    0.234375,
    0.248046875,
    0.240234375,
    0.271484375,
    0.2216796875,
    0.251953125,
    0.1904296875,
    0.23828125,
    0.21875,
    0.1884765625,
    0.2109375,
    0.2119140625,
    0.271484375,
    0.2431640625,
    0.2177734375,
    0.2177734375,
    0.2734375,
    0.19140625,
    0.23828125,
    0.2490234375,
    0.255859375,
    0.240234375,
    0.2265625,
    0.2890625,
    0.2255859375,
    0.208984375,
    0.1943359375,
    0.2353515625,
    0.2177734375,
    0.22265625
  ],
  "target_model": "google/gemma-2-9b-it",
  "draft_model": "google/gemma-2-2b-it",
  "adapter_path": "results/exp4_gemma/chat_lam_0.5/final",
  "domain": "chat",
  "divergence_types": [
    "kl",
    "js",
    "tv"
  ],
  "max_seq_len": 512,
  "seed": 42
}