{
  "num_prompts": 50,
  "avg_seq_len": 46.08,
  "kl_mean": 0.35546875,
  "kl_std": 0.13455823063850403,
  "kl_per_prompt": [
    0.38671875,
    1.1796875,
    0.37890625,
    0.345703125,
    0.26953125,
    0.357421875,
    0.2890625,
    0.453125,
    0.515625,
    0.46875,
    0.4140625,
    0.271484375,
    0.287109375,
    0.40234375,
    0.40625,
    0.27734375,
    0.40625,
    0.4375,
    0.349609375,
    0.345703125,
    0.2890625,
    0.37109375,
    0.3359375,
    0.421875,
    0.37890625,
    0.3125,
    0.255859375,
    0.318359375,
    0.2734375,
    0.2451171875,
    0.3125,
    0.271484375,
    0.34375,
    0.330078125,
    0.345703125,
    0.29296875,
    0.39453125,
    0.255859375,
    0.34375,
    0.341796875,
    0.3046875,
    0.345703125,
    0.30078125,
    0.404296875,
    0.333984375,
    0.26953125,
    0.2294921875,
    0.275390625,
    0.349609375,
    0.283203125
  ],
  "js_mean": 0.056611329317092896,
  "js_std": 0.013759732246398926,
  "js_per_prompt": [
    0.0654296875,
    0.126953125,
    0.06298828125,
    0.04931640625,
    0.039306640625,
    0.058837890625,
    0.04443359375,
    0.0693359375,
    0.0654296875,
    0.068359375,
    0.0654296875,
    0.04248046875,
    0.04150390625,
    0.06884765625,
    0.06884765625,
    0.049560546875,
    0.0673828125,
    0.06640625,
    0.051025390625,
    0.05712890625,
    0.052490234375,
    0.0634765625,
    0.053955078125,
    0.0703125,
    0.057861328125,
    0.054931640625,
    0.04443359375,
    0.050537109375,
    0.048828125,
    0.0400390625,
    0.05126953125,
    0.044189453125,
    0.06005859375,
    0.056640625,
    0.052001953125,
    0.04541015625,
    0.0654296875,
    0.040283203125,
    0.0537109375,
    0.0556640625,
    0.055419921875,
    0.060546875,
    0.054443359375,
    0.0703125,
    0.057373046875,
    0.04541015625,
    0.039306640625,
    0.049560546875,
    0.058837890625,
    0.048828125
  ],
  "tv_mean": 0.20558594167232513,
  "tv_std": 0.03126758337020874,
  "tv_per_prompt": [
    0.2265625,
    0.318359375,
    0.2109375,
    0.1787109375,
    0.158203125,
    0.212890625,
    0.17578125,
    0.236328125,
    0.2041015625,
    0.2265625,
    0.2333984375,
    0.1796875,
    0.1474609375,
    0.2578125,
    0.2578125,
    0.1875,
    0.26171875,
    0.21484375,
    0.19921875,
    0.2353515625,
    0.203125,
    0.2236328125,
    0.203125,
    0.236328125,
    0.2021484375,
    0.2080078125,
    0.1689453125,
    0.1943359375,
    0.181640625,
    0.1708984375,
    0.1826171875,
    0.177734375,
    0.2216796875,
    0.2060546875,
    0.185546875,
    0.1865234375,
    0.2333984375,
    0.158203125,
    0.19921875,
    0.2080078125,
    0.216796875,
    0.2119140625,
    0.1953125,
    0.248046875,
    0.201171875,
    0.1767578125,
    0.1669921875,
    0.19921875,
    0.1962890625,
    0.1923828125
  ],
  "target_model": "google/gemma-2-9b-it",
  "draft_model": "google/gemma-2-2b-it",
  "adapter_path": "results/exp4_gemma/chat_lam_1.0/final",
  "domain": "chat",
  "divergence_types": [
    "kl",
    "js",
    "tv"
  ],
  "max_seq_len": 512,
  "seed": 42
}