{
  "alpha": 0.40885834287896144,
  "alpha_std": 0.08212953805923462,
  "mean_accepted_length": 2.044291714394807,
  "per_position_alpha": [
    0.5773195876288659,
    0.8273809523809523,
    0.8137490007993605,
    0.8447937131630648,
    0.8290697674418605
  ],
  "per_prompt_alpha": [
    0.38181818181818183,
    0.30793650793650795,
    0.44081632653061226,
    0.575,
    0.3193548387096774,
    0.8,
    0.38545454545454544,
    0.4196078431372549,
    0.2923076923076923,
    0.3888888888888889,
    0.44081632653061226,
    0.4851063829787234,
    0.3333333333333333,
    0.3886792452830189,
    0.32903225806451614,
    0.45416666666666666,
    0.40384615384615385,
    0.3814814814814815,
    0.32063492063492066,
    0.3927272727272727,
    0.3389830508474576,
    0.3238095238095238,
    0.4037735849056604,
    0.4826086956521739,
    0.38181818181818183,
    0.4489795918367347,
    0.436,
    0.46808510638297873,
    0.5302325581395348,
    0.4448979591836735,
    0.4808510638297872,
    0.4,
    0.40370370370370373,
    0.4583333333333333,
    0.3927272727272727,
    0.3586206896551724,
    0.3684210526315789,
    0.4956521739130435,
    0.4723404255319149,
    0.444,
    0.4307692307692308,
    0.4115384615384615,
    0.4583333333333333,
    0.3886792452830189,
    0.38545454545454544,
    0.428,
    0.5066666666666667,
    0.30793650793650795,
    0.4,
    0.432
  ],
  "num_prompts": 50,
  "total_tokens_generated": 6461,
  "draft_k": 5,
  "max_new_tokens": 128,
  "target_model": "google/gemma-2-9b-it",
  "draft_model": "google/gemma-2-2b-it",
  "adapter_path": "results/exp4_gemma/chat_lam_1.0/final",
  "domain": "chat",
  "seed": 42
}