{
  "alpha": 0.39842578710644677,
  "alpha_std": 0.06359118968248367,
  "mean_accepted_length": 1.9921289355322338,
  "per_position_alpha": [
    0.5685907046476761,
    0.8167435728411339,
    0.8111380145278451,
    0.8398009950248756,
    0.8412322274881516
  ],
  "per_prompt_alpha": [
    0.32063492063492066,
    0.296875,
    0.41568627450980394,
    0.5441860465116279,
    0.4530612244897959,
    0.48695652173913045,
    0.25205479452054796,
    0.3607142857142857,
    0.4956521739130435,
    0.3925925925925926,
    0.4269230769230769,
    0.43673469387755104,
    0.3814814814814815,
    0.4723404255319149,
    0.3389830508474576,
    0.5066666666666667,
    0.38181818181818183,
    0.37543859649122807,
    0.28955223880597014,
    0.3684210526315789,
    0.3114754098360656,
    0.36428571428571427,
    0.3333333333333333,
    0.4076923076923077,
    0.37142857142857144,
    0.41923076923076924,
    0.3814814814814815,
    0.444,
    0.5428571428571428,
    0.39615384615384613,
    0.4230769230769231,
    0.452,
    0.3593220338983051,
    0.4196078431372549,
    0.3781818181818182,
    0.3525423728813559,
    0.4196078431372549,
    0.45416666666666666,
    0.4530612244897959,
    0.4037735849056604,
    0.4,
    0.4808510638297872,
    0.49777777777777776,
    0.4196078431372549,
    0.33666666666666667,
    0.46808510638297873,
    0.3448275862068966,
    0.44313725490196076,
    0.4037735849056604,
    0.3925925925925926
  ],
  "num_prompts": 50,
  "total_tokens_generated": 6466,
  "draft_k": 5,
  "max_new_tokens": 128,
  "target_model": "google/gemma-2-9b-it",
  "draft_model": "google/gemma-2-2b-it",
  "adapter_path": "results/exp4_gemma/chat_lam_0.5/final",
  "domain": "chat",
  "seed": 42
}