{
  "num_prompts": 50,
  "avg_seq_len": 98.74,
  "kl_mean": 0.2419726550579071,
  "kl_std": 0.07343771308660507,
  "kl_per_prompt": [
    0.2255859375,
    0.291015625,
    0.28125,
    0.19921875,
    0.1640625,
    0.291015625,
    0.455078125,
    0.2333984375,
    0.18359375,
    0.2138671875,
    0.1494140625,
    0.1416015625,
    0.3046875,
    0.29296875,
    0.2265625,
    0.30078125,
    0.365234375,
    0.234375,
    0.177734375,
    0.19140625,
    0.1650390625,
    0.2109375,
    0.392578125,
    0.21484375,
    0.30859375,
    0.2197265625,
    0.208984375,
    0.2197265625,
    0.1904296875,
    0.1650390625,
    0.12890625,
    0.2099609375,
    0.2734375,
    0.2041015625,
    0.2060546875,
    0.25,
    0.21875,
    0.16015625,
    0.328125,
    0.291015625,
    0.224609375,
    0.16796875,
    0.251953125,
    0.251953125,
    0.2734375,
    0.134765625,
    0.279296875,
    0.439453125,
    0.2421875,
    0.34375
  ],
  "js_mean": 0.04350830242037773,
  "js_std": 0.014128165319561958,
  "js_per_prompt": [
    0.03271484375,
    0.043701171875,
    0.042236328125,
    0.031494140625,
    0.0272216796875,
    0.056640625,
    0.08203125,
    0.03759765625,
    0.0252685546875,
    0.036865234375,
    0.02294921875,
    0.0255126953125,
    0.0546875,
    0.05322265625,
    0.03662109375,
    0.046142578125,
    0.0634765625,
    0.04150390625,
    0.029052734375,
    0.030517578125,
    0.026611328125,
    0.03955078125,
    0.0712890625,
    0.03515625,
    0.059326171875,
    0.037841796875,
    0.03955078125,
    0.042724609375,
    0.037353515625,
    0.030517578125,
    0.02197265625,
    0.03759765625,
    0.052490234375,
    0.03759765625,
    0.0380859375,
    0.048828125,
    0.0439453125,
    0.0306396484375,
    0.06005859375,
    0.05859375,
    0.044921875,
    0.03466796875,
    0.05224609375,
    0.045166015625,
    0.05322265625,
    0.0264892578125,
    0.056396484375,
    0.07421875,
    0.048583984375,
    0.0703125
  ],
  "tv_mean": 0.15529297292232513,
  "tv_std": 0.04002544283866882,
  "tv_per_prompt": [
    0.1181640625,
    0.15234375,
    0.1474609375,
    0.12451171875,
    0.10986328125,
    0.1943359375,
    0.2353515625,
    0.1376953125,
    0.08984375,
    0.142578125,
    0.08447265625,
    0.10693359375,
    0.1826171875,
    0.1669921875,
    0.1357421875,
    0.1572265625,
    0.1953125,
    0.1416015625,
    0.126953125,
    0.130859375,
    0.10302734375,
    0.1611328125,
    0.251953125,
    0.11767578125,
    0.2060546875,
    0.1279296875,
    0.1650390625,
    0.1513671875,
    0.1318359375,
    0.119140625,
    0.09228515625,
    0.134765625,
    0.19921875,
    0.1298828125,
    0.1279296875,
    0.1865234375,
    0.185546875,
    0.1171875,
    0.2001953125,
    0.1962890625,
    0.169921875,
    0.1416015625,
    0.193359375,
    0.1708984375,
    0.1865234375,
    0.10693359375,
    0.193359375,
    0.21484375,
    0.173828125,
    0.2275390625
  ],
  "target_model": "google/gemma-2-9b-it",
  "draft_model": "google/gemma-2-2b-it",
  "adapter_path": "results/exp4_gemma/code_lam_1.0/final",
  "domain": "code",
  "divergence_types": [
    "kl",
    "js",
    "tv"
  ],
  "max_seq_len": 512,
  "seed": 42
}