{
  "alpha": 0.6974329720479179,
  "alpha_std": 0.14589911699295044,
  "mean_accepted_length": 3.4871648602395893,
  "per_position_alpha": [
    0.7855105533371364,
    0.9324618736383442,
    0.9470404984423676,
    0.9449013157894737,
    0.9460400348128808
  ],
  "per_prompt_alpha": [
    0.6666666666666666,
    0.7875,
    0.7625,
    0.832258064516129,
    0.9285714285714286,
    0.5111111111111111,
    0.8,
    0.8064516129032258,
    0.7235294117647059,
    0.6594594594594595,
    0.9407407407407408,
    0.46530612244897956,
    0.6857142857142857,
    0.631578947368421,
    0.8333333333333334,
    0.9214285714285714,
    0.7142857142857143,
    0.9142857142857143,
    0.4153846153846154,
    0.4765957446808511,
    0.8827586206896552,
    0.84,
    0.7176470588235294,
    0.9214285714285714,
    0.6,
    0.9481481481481482,
    0.7352941176470589,
    0.5756097560975609,
    0.6857142857142857,
    0.711764705882353,
    0.7176470588235294,
    1.0,
    0.5948717948717949,
    0.6256410256410256,
    0.6324324324324324,
    0.6205128205128205,
    0.7575757575757576,
    0.631578947368421,
    0.7235294117647059,
    0.76875,
    0.7142857142857143,
    0.5227272727272727,
    0.896551724137931,
    0.6421052631578947,
    0.9407407407407408,
    0.5948717948717949,
    0.5066666666666667,
    0.86,
    0.5136363636363637,
    0.7352941176470589
  ],
  "num_prompts": 50,
  "total_tokens_generated": 6489,
  "draft_k": 5,
  "max_new_tokens": 128,
  "target_model": "google/gemma-2-9b-it",
  "draft_model": "google/gemma-2-2b-it",
  "adapter_path": "results/exp4_gemma/code_lam_1.0/final",
  "domain": "code",
  "seed": 42
}