{
  "num_prompts": 50,
  "avg_seq_len": 98.74,
  "kl_mean": 0.3216015696525574,
  "kl_std": 0.08628612011671066,
  "kl_per_prompt": [
    0.376953125,
    0.439453125,
    0.419921875,
    0.30078125,
    0.251953125,
    0.361328125,
    0.58203125,
    0.3125,
    0.3125,
    0.3203125,
    0.23046875,
    0.2109375,
    0.404296875,
    0.408203125,
    0.33984375,
    0.43359375,
    0.4296875,
    0.330078125,
    0.28125,
    0.306640625,
    0.2158203125,
    0.291015625,
    0.48828125,
    0.283203125,
    0.40234375,
    0.265625,
    0.287109375,
    0.275390625,
    0.2275390625,
    0.2275390625,
    0.169921875,
    0.275390625,
    0.390625,
    0.248046875,
    0.283203125,
    0.28515625,
    0.298828125,
    0.2177734375,
    0.392578125,
    0.34765625,
    0.283203125,
    0.216796875,
    0.306640625,
    0.326171875,
    0.326171875,
    0.169921875,
    0.337890625,
    0.5,
    0.2890625,
    0.3984375
  ],
  "js_mean": 0.052702635526657104,
  "js_std": 0.014693807810544968,
  "js_per_prompt": [
    0.047119140625,
    0.05908203125,
    0.056884765625,
    0.04150390625,
    0.036376953125,
    0.06591796875,
    0.0927734375,
    0.0458984375,
    0.037841796875,
    0.0478515625,
    0.0299072265625,
    0.035888671875,
    0.06396484375,
    0.064453125,
    0.046875,
    0.059814453125,
    0.0712890625,
    0.05126953125,
    0.042724609375,
    0.042236328125,
    0.031005859375,
    0.05029296875,
    0.0830078125,
    0.042724609375,
    0.07080078125,
    0.043212890625,
    0.050048828125,
    0.05029296875,
    0.04248046875,
    0.038330078125,
    0.026611328125,
    0.044921875,
    0.06591796875,
    0.04296875,
    0.047607421875,
    0.054931640625,
    0.055419921875,
    0.0380859375,
    0.068359375,
    0.06591796875,
    0.05322265625,
    0.041748046875,
    0.060791015625,
    0.053955078125,
    0.059814453125,
    0.03125,
    0.0654296875,
    0.08203125,
    0.0556640625,
    0.07861328125
  ],
  "tv_mean": 0.176025390625,
  "tv_std": 0.04064958915114403,
  "tv_per_prompt": [
    0.1572265625,
    0.1904296875,
    0.181640625,
    0.1494140625,
    0.13671875,
    0.2158203125,
    0.263671875,
    0.15625,
    0.11865234375,
    0.16796875,
    0.10107421875,
    0.1337890625,
    0.2060546875,
    0.1884765625,
    0.1611328125,
    0.1875,
    0.2119140625,
    0.1611328125,
    0.158203125,
    0.1591796875,
    0.11279296875,
    0.1845703125,
    0.275390625,
    0.138671875,
    0.2294921875,
    0.138671875,
    0.1875,
    0.1708984375,
    0.142578125,
    0.134765625,
    0.10400390625,
    0.1513671875,
    0.2255859375,
    0.1435546875,
    0.1455078125,
    0.2001953125,
    0.2109375,
    0.1328125,
    0.216796875,
    0.212890625,
    0.189453125,
    0.1572265625,
    0.2119140625,
    0.189453125,
    0.2001953125,
    0.11669921875,
    0.212890625,
    0.23046875,
    0.1875,
    0.240234375
  ],
  "target_model": "google/gemma-2-9b-it",
  "draft_model": "google/gemma-2-2b-it",
  "adapter_path": "results/exp4_gemma/code_lam_0.5/final",
  "domain": "code",
  "divergence_types": [
    "kl",
    "js",
    "tv"
  ],
  "max_seq_len": 512,
  "seed": 42
}