{
  "alpha": 0.6832116788321168,
  "alpha_std": 0.14836788177490234,
  "mean_accepted_length": 3.4160583941605838,
  "per_position_alpha": [
    0.7731611454239191,
    0.9368191721132898,
    0.9356589147286821,
    0.9428334714167357,
    0.9420035149384886
  ],
  "per_prompt_alpha": [
    0.6666666666666666,
    0.7636363636363637,
    0.7625,
    0.7575757575757576,
    0.9285714285714286,
    0.6473684210526316,
    0.76875,
    0.775,
    0.8064516129032258,
    0.6324324324324324,
    0.9407407407407408,
    0.5111111111111111,
    0.6102564102564103,
    0.631578947368421,
    0.8333333333333334,
    0.9071428571428571,
    0.654054054054054,
    0.9142857142857143,
    0.28923076923076924,
    0.4851063829787234,
    0.8827586206896552,
    0.84,
    0.6205128205128205,
    0.9071428571428571,
    0.5948717948717949,
    0.9481481481481482,
    0.711764705882353,
    0.7176470588235294,
    0.6914285714285714,
    0.654054054054054,
    0.7352941176470589,
    1.0,
    0.711764705882353,
    0.6486486486486487,
    0.6722222222222223,
    0.6421052631578947,
    0.7575757575757576,
    0.631578947368421,
    0.6153846153846154,
    0.6486486486486487,
    0.605,
    0.5227272727272727,
    0.896551724137931,
    0.5619047619047619,
    0.86,
    0.4708333333333333,
    0.5380952380952381,
    0.8758620689655172,
    0.5227272727272727,
    0.7454545454545455
  ],
  "num_prompts": 50,
  "total_tokens_generated": 6488,
  "draft_k": 5,
  "max_new_tokens": 128,
  "target_model": "google/gemma-2-9b-it",
  "draft_model": "google/gemma-2-2b-it",
  "adapter_path": "results/exp4_gemma/code_lam_0.5/final",
  "domain": "code",
  "seed": 42
}