{
  "alpha": 0.4348068498606133,
  "alpha_std": 0.08893124014139175,
  "mean_accepted_length": 2.1740342493030664,
  "per_position_alpha": [
    0.5921943448825169,
    0.8217888365837256,
    0.8723404255319149,
    0.8564727954971857,
    0.8444687842278203
  ],
  "per_prompt_alpha": [
    0.4765957446808511,
    0.35789473684210527,
    0.47391304347826085,
    0.3962962962962963,
    0.4235294117647059,
    0.5523809523809524,
    0.5363636363636364,
    0.4075471698113208,
    0.4666666666666667,
    0.3886792452830189,
    0.4235294117647059,
    0.5428571428571428,
    0.46122448979591835,
    0.37857142857142856,
    0.79375,
    0.37142857142857144,
    0.436,
    0.42745098039215684,
    0.5111111111111111,
    0.46122448979591835,
    0.38181818181818183,
    0.4,
    0.3719298245614035,
    0.4269230769230769,
    0.45416666666666666,
    0.4075471698113208,
    0.5227272727272727,
    0.40384615384615385,
    0.424,
    0.3423728813559322,
    0.32131147540983607,
    0.432,
    0.38181818181818183,
    0.4826086956521739,
    0.4230769230769231,
    0.3886792452830189,
    0.575,
    0.4392156862745098,
    0.4583333333333333,
    0.4196078431372549,
    0.7176470588235294,
    0.43529411764705883,
    0.35517241379310344,
    0.5181818181818182,
    0.4037735849056604,
    0.3525423728813559,
    0.5756097560975609,
    0.34915254237288135,
    0.375,
    0.432
  ],
  "num_prompts": 50,
  "total_tokens_generated": 6483,
  "draft_k": 5,
  "max_new_tokens": 128,
  "target_model": "google/gemma-2-9b-it",
  "draft_model": "google/gemma-2-2b-it",
  "adapter_path": "results/exp4_gemma/medical_lam_1.0/final",
  "domain": "medical",
  "seed": 42
}