{
  "alpha": 0.39738317757009345,
  "alpha_std": 0.07840586453676224,
  "mean_accepted_length": 1.9869158878504674,
  "per_position_alpha": [
    0.5603738317757009,
    0.8145430286857905,
    0.8394758394758395,
    0.8360975609756097,
    0.8319719953325554
  ],
  "per_prompt_alpha": [
    0.436,
    0.2787878787878788,
    0.36140350877192984,
    0.3888888888888889,
    0.452,
    0.5395348837209303,
    0.5318181818181819,
    0.5333333333333333,
    0.5302325581395348,
    0.41132075471698115,
    0.46122448979591835,
    0.49777777777777776,
    0.3962962962962963,
    0.3193548387096774,
    0.5476190476190477,
    0.3888888888888889,
    0.4235294117647059,
    0.35789473684210527,
    0.3525423728813559,
    0.38181818181818183,
    0.41568627450980394,
    0.36428571428571427,
    0.3709090909090909,
    0.33225806451612905,
    0.49333333333333335,
    0.40384615384615385,
    0.47391304347826085,
    0.3709090909090909,
    0.4235294117647059,
    0.36551724137931035,
    0.35172413793103446,
    0.3433333333333333,
    0.4625,
    0.3525423728813559,
    0.3,
    0.3333333333333333,
    0.6263157894736842,
    0.43529411764705883,
    0.3525423728813559,
    0.3962962962962963,
    0.3543859649122807,
    0.33559322033898303,
    0.3423728813559322,
    0.432,
    0.25,
    0.4530612244897959,
    0.5318181818181819,
    0.3238095238095238,
    0.41923076923076924,
    0.36551724137931035
  ],
  "num_prompts": 50,
  "total_tokens_generated": 6491,
  "draft_k": 5,
  "max_new_tokens": 128,
  "target_model": "google/gemma-2-9b-it",
  "draft_model": "google/gemma-2-2b-it",
  "adapter_path": "results/exp4_gemma/medical_lam_0.5/final",
  "domain": "medical",
  "seed": 42
}