{
  "num_prompts": 50,
  "avg_seq_len": 50.14,
  "kl_mean": 0.3616992235183716,
  "kl_std": 0.07311462610960007,
  "kl_per_prompt": [
    0.29296875,
    0.34765625,
    0.3046875,
    0.34765625,
    0.361328125,
    0.47265625,
    0.37109375,
    0.228515625,
    0.34375,
    0.376953125,
    0.359375,
    0.345703125,
    0.455078125,
    0.416015625,
    0.51171875,
    0.38671875,
    0.43359375,
    0.36328125,
    0.458984375,
    0.455078125,
    0.326171875,
    0.380859375,
    0.314453125,
    0.216796875,
    0.3046875,
    0.283203125,
    0.4296875,
    0.359375,
    0.234375,
    0.37890625,
    0.51953125,
    0.33203125,
    0.3125,
    0.40625,
    0.34375,
    0.369140625,
    0.423828125,
    0.3828125,
    0.515625,
    0.2890625,
    0.26171875,
    0.26953125,
    0.42578125,
    0.34375,
    0.33984375,
    0.2392578125,
    0.296875,
    0.40625,
    0.38671875,
    0.359375
  ],
  "js_mean": 0.05766113102436066,
  "js_std": 0.012517446652054787,
  "js_per_prompt": [
    0.047119140625,
    0.05224609375,
    0.0400390625,
    0.054443359375,
    0.045166015625,
    0.07421875,
    0.0498046875,
    0.033935546875,
    0.045166015625,
    0.0478515625,
    0.05322265625,
    0.045166015625,
    0.0634765625,
    0.060546875,
    0.076171875,
    0.064453125,
    0.05615234375,
    0.0654296875,
    0.06591796875,
    0.060791015625,
    0.0537109375,
    0.064453125,
    0.04931640625,
    0.037841796875,
    0.049072265625,
    0.047119140625,
    0.07373046875,
    0.06103515625,
    0.0400390625,
    0.06298828125,
    0.08935546875,
    0.054443359375,
    0.05224609375,
    0.058837890625,
    0.051025390625,
    0.068359375,
    0.07177734375,
    0.0595703125,
    0.0947265625,
    0.048828125,
    0.052734375,
    0.05029296875,
    0.07568359375,
    0.05908203125,
    0.058349609375,
    0.04248046875,
    0.052490234375,
    0.07177734375,
    0.06298828125,
    0.0673828125
  ],
  "tv_mean": 0.20228515565395355,
  "tv_std": 0.033167943358421326,
  "tv_per_prompt": [
    0.158203125,
    0.1943359375,
    0.15625,
    0.20703125,
    0.162109375,
    0.2578125,
    0.1787109375,
    0.130859375,
    0.17578125,
    0.166015625,
    0.1953125,
    0.1689453125,
    0.216796875,
    0.197265625,
    0.259765625,
    0.228515625,
    0.197265625,
    0.2373046875,
    0.2333984375,
    0.208984375,
    0.1943359375,
    0.2158203125,
    0.1923828125,
    0.150390625,
    0.189453125,
    0.19140625,
    0.2578125,
    0.21875,
    0.1455078125,
    0.193359375,
    0.263671875,
    0.216796875,
    0.20703125,
    0.1923828125,
    0.185546875,
    0.228515625,
    0.2158203125,
    0.20703125,
    0.29296875,
    0.1845703125,
    0.2041015625,
    0.1865234375,
    0.2421875,
    0.2001953125,
    0.1962890625,
    0.1611328125,
    0.181640625,
    0.240234375,
    0.203125,
    0.224609375
  ],
  "target_model": "google/gemma-2-9b-it",
  "draft_model": "google/gemma-2-2b-it",
  "adapter_path": "results/exp4_gemma/medical_lam_1.0/final",
  "domain": "medical",
  "divergence_types": [
    "kl",
    "js",
    "tv"
  ],
  "max_seq_len": 512,
  "seed": 42
}