{
  "num_prompts": 50,
  "avg_seq_len": 50.14,
  "kl_mean": 0.5344921946525574,
  "kl_std": 0.111021488904953,
  "kl_per_prompt": [
    0.44140625,
    0.5546875,
    0.490234375,
    0.51953125,
    0.59375,
    0.63671875,
    0.6328125,
    0.390625,
    0.578125,
    0.62109375,
    0.55078125,
    0.57421875,
    0.76171875,
    0.62890625,
    0.78125,
    0.578125,
    0.69140625,
    0.4921875,
    0.68359375,
    0.73828125,
    0.45703125,
    0.546875,
    0.451171875,
    0.3203125,
    0.439453125,
    0.451171875,
    0.6328125,
    0.51953125,
    0.31640625,
    0.51953125,
    0.6953125,
    0.52734375,
    0.458984375,
    0.59765625,
    0.5,
    0.5,
    0.578125,
    0.5859375,
    0.6875,
    0.40625,
    0.3671875,
    0.373046875,
    0.58203125,
    0.48046875,
    0.4921875,
    0.3671875,
    0.421875,
    0.5546875,
    0.474609375,
    0.48046875
  ],
  "js_mean": 0.07605468481779099,
  "js_std": 0.0142234330996871,
  "js_per_prompt": [
    0.0625,
    0.0751953125,
    0.058837890625,
    0.0732421875,
    0.064453125,
    0.0908203125,
    0.07470703125,
    0.051513671875,
    0.0703125,
    0.06689453125,
    0.072265625,
    0.06396484375,
    0.09326171875,
    0.08349609375,
    0.1025390625,
    0.08740234375,
    0.076171875,
    0.0810546875,
    0.08935546875,
    0.0888671875,
    0.06884765625,
    0.08056640625,
    0.0634765625,
    0.049072265625,
    0.0654296875,
    0.064453125,
    0.0986328125,
    0.080078125,
    0.04931640625,
    0.07763671875,
    0.1083984375,
    0.0791015625,
    0.06884765625,
    0.078125,
    0.068359375,
    0.0830078125,
    0.0888671875,
    0.08154296875,
    0.11328125,
    0.0634765625,
    0.06884765625,
    0.06494140625,
    0.0947265625,
    0.0751953125,
    0.07275390625,
    0.059326171875,
    0.0634765625,
    0.0908203125,
    0.0732421875,
    0.08203125
  ],
  "tv_mean": 0.2391015589237213,
  "tv_std": 0.03472139313817024,
  "tv_per_prompt": [
    0.1904296875,
    0.23828125,
    0.197265625,
    0.244140625,
    0.203125,
    0.2890625,
    0.2314453125,
    0.1689453125,
    0.228515625,
    0.208984375,
    0.23828125,
    0.212890625,
    0.275390625,
    0.244140625,
    0.30078125,
    0.265625,
    0.236328125,
    0.275390625,
    0.279296875,
    0.265625,
    0.2255859375,
    0.25,
    0.220703125,
    0.1767578125,
    0.2236328125,
    0.228515625,
    0.302734375,
    0.259765625,
    0.16796875,
    0.2216796875,
    0.29296875,
    0.267578125,
    0.2392578125,
    0.2275390625,
    0.2216796875,
    0.259765625,
    0.2451171875,
    0.2470703125,
    0.330078125,
    0.216796875,
    0.234375,
    0.216796875,
    0.275390625,
    0.232421875,
    0.2236328125,
    0.197265625,
    0.2041015625,
    0.275390625,
    0.224609375,
    0.251953125
  ],
  "target_model": "google/gemma-2-9b-it",
  "draft_model": "google/gemma-2-2b-it",
  "adapter_path": "results/exp4_gemma/medical_lam_0.5/final",
  "domain": "medical",
  "divergence_types": [
    "kl",
    "js",
    "tv"
  ],
  "max_seq_len": 512,
  "seed": 42
}