{
  "alpha": 0.2815440289505428,
  "alpha_std": 0.0494774729013443,
  "mean_accepted_length": 1.4077201447527141,
  "per_position_alpha": [
    0.45989143546441497,
    0.7291803278688525,
    0.7571942446043165,
    0.7838479809976246,
    0.8015151515151515
  ],
  "per_prompt_alpha": [
    0.3047619047619048,
    0.1839080459770115,
    0.2865671641791045,
    0.3925925925925926,
    0.36140350877192984,
    0.3180327868852459,
    0.2727272727272727,
    0.2465753424657534,
    0.3448275862068966,
    0.28923076923076924,
    0.2647058823529412,
    0.3543859649122807,
    0.3046153846153846,
    0.3096774193548387,
    0.23243243243243245,
    0.263768115942029,
    0.17906976744186046,
    0.3288135593220339,
    0.2282051282051282,
    0.2818181818181818,
    0.3142857142857143,
    0.30158730158730157,
    0.2328767123287671,
    0.22133333333333333,
    0.24225352112676057,
    0.3032258064516129,
    0.3543859649122807,
    0.21025641025641026,
    0.36,
    0.290625,
    0.2356164383561644,
    0.26571428571428574,
    0.2923076923076923,
    0.22702702702702704,
    0.2735294117647059,
    0.24324324324324326,
    0.28307692307692306,
    0.2835820895522388,
    0.27575757575757576,
    0.2835820895522388,
    0.3111111111111111,
    0.2547945205479452,
    0.33559322033898303,
    0.4076923076923077,
    0.35714285714285715,
    0.2953846153846154,
    0.2676470588235294,
    0.27761194029850744,
    0.31290322580645163,
    0.2818181818181818
  ],
  "num_prompts": 50,
  "total_tokens_generated": 6459,
  "draft_k": 5,
  "max_new_tokens": 128,
  "target_model": "google/gemma-2-9b-it",
  "draft_model": "google/gemma-2-2b-it",
  "adapter_path": "results/exp1_gemma/baseline_chat/final",
  "domain": "chat",
  "seed": 42
}