{
  "alpha": 0.605625,
  "alpha_std": 0.1545470952987671,
  "mean_accepted_length": 3.028125,
  "per_position_alpha": [
    0.7161458333333334,
    0.9018181818181819,
    0.9282258064516129,
    0.9252823631624674,
    0.9230046948356807
  ],
  "per_prompt_alpha": [
    0.6722222222222223,
    0.6486486486486487,
    0.5136363636363637,
    0.7393939393939394,
    0.8620689655172413,
    0.5022222222222222,
    0.6324324324324324,
    0.6914285714285714,
    0.6432432432432432,
    0.49333333333333335,
    0.9407407407407408,
    0.3476190476190476,
    0.4230769230769231,
    0.5826086956521739,
    0.6387096774193548,
    0.6666666666666666,
    0.6971428571428572,
    0.8758620689655172,
    0.3064516129032258,
    0.44,
    0.9285714285714286,
    0.8689655172413793,
    0.6153846153846154,
    0.86,
    0.6421052631578947,
    0.775,
    0.5714285714285714,
    0.5302325581395348,
    0.6914285714285714,
    0.6205128205128205,
    0.5902439024390244,
    1.0,
    0.7515151515151515,
    0.428,
    0.4625,
    0.5181818181818182,
    0.6526315789473685,
    0.6,
    0.6378378378378379,
    0.5948717948717949,
    0.7028571428571428,
    0.44,
    0.8064516129032258,
    0.5571428571428572,
    0.654054054054054,
    0.4826086956521739,
    0.5333333333333333,
    0.7393939393939394,
    0.49130434782608695,
    0.5534883720930233
  ],
  "num_prompts": 50,
  "total_tokens_generated": 6359,
  "draft_k": 5,
  "max_new_tokens": 128,
  "target_model": "google/gemma-2-9b-it",
  "draft_model": "google/gemma-2-2b-it",
  "adapter_path": "results/exp1_gemma/baseline_code/final",
  "domain": "code",
  "seed": 42
}