{
  "alpha": 0.33719237435008664,
  "alpha_std": 0.10555312782526016,
  "mean_accepted_length": 1.6859618717504332,
  "per_position_alpha": [
    0.49636048526863086,
    0.7953910614525139,
    0.8217734855136084,
    0.8108974358974359,
    0.7878787878787878
  ],
  "per_prompt_alpha": [
    0.29375,
    0.24225352112676057,
    0.37777777777777777,
    0.3032258064516129,
    0.46382978723404256,
    0.3389830508474576,
    0.68,
    0.4625,
    0.3678571428571429,
    0.23835616438356164,
    0.28484848484848485,
    0.2735294117647059,
    0.3209302325581395,
    0.26571428571428574,
    0.44081632653061226,
    0.2388888888888889,
    0.4448979591836735,
    0.432,
    0.3047619047619048,
    0.3473684210526316,
    0.6914285714285714,
    0.3925925925925926,
    0.3032258064516129,
    0.4230769230769231,
    0.5658536585365853,
    0.22666666666666666,
    0.2818181818181818,
    0.29375,
    0.4723404255319149,
    0.263768115942029,
    0.3781818181818182,
    0.24507042253521127,
    0.3890909090909091,
    0.290625,
    0.28923076923076924,
    0.2735294117647059,
    0.31475409836065577,
    0.30158730158730157,
    0.3389830508474576,
    0.5609756097560976,
    0.3886792452830189,
    0.34576271186440677,
    0.2835820895522388,
    0.3413793103448276,
    0.37142857142857144,
    0.3114754098360656,
    0.24722222222222223,
    0.3482758620689655,
    0.25,
    0.2909090909090909
  ],
  "num_prompts": 50,
  "total_tokens_generated": 6317,
  "draft_k": 5,
  "max_new_tokens": 128,
  "target_model": "google/gemma-2-9b-it",
  "draft_model": "google/gemma-2-2b-it",
  "adapter_path": "results/exp1_gemma/baseline_medical/final",
  "domain": "medical",
  "seed": 42
}