{
  "alpha": 0.6246636771300449,
  "alpha_std": 0.18088118731975555,
  "mean_accepted_length": 3.123318385650224,
  "per_position_alpha": [
    0.7365470852017937,
    0.9018264840182648,
    0.9181434599156119,
    0.9430147058823529,
    0.9346978557504874
  ],
  "per_prompt_alpha": [
    0.72,
    0.6,
    0.84,
    0.9,
    0.8466666666666667,
    0.5348837209302325,
    0.75625,
    0.8533333333333334,
    0.6666666666666666,
    0.9375,
    0.8758620689655172,
    0.4153846153846154,
    0.7384615384615385,
    0.8620689655172413,
    0.8571428571428571,
    0.9629629629629629,
    0.5641025641025641,
    0.9,
    0.5428571428571428,
    0.41333333333333333,
    0.7176470588235294,
    0.84,
    0.5348837209302325,
    0.9481481481481482,
    0.452,
    0.8129032258064516,
    0.5428571428571428,
    0.7352941176470589,
    0.4188679245283019,
    0.5853658536585366,
    0.68,
    1.0,
    0.6263157894736842,
    0.5272727272727272,
    0.37857142857142856,
    0.7411764705882353,
    0.6473684210526316,
    0.5111111111111111,
    0.6,
    0.59,
    0.59,
    0.4269230769230769,
    0.9481481481481482,
    0.5523809523809524,
    0.7411764705882353,
    0.3193548387096774,
    0.46808510638297873,
    0.5853658536585366,
    0.45416666666666666,
    0.5523809523809524
  ],
  "num_prompts": 50,
  "total_tokens_generated": 6042,
  "draft_k": 5,
  "max_new_tokens": 128,
  "target_model": "google/gemma-2-9b-it",
  "draft_model": "google/gemma-2-2b-it",
  "adapter_path": null,
  "domain": "code",
  "seed": 42
}