{
  "alpha": 0.39835144248782317,
  "alpha_std": 0.07771697640419006,
  "mean_accepted_length": 1.9917572124391159,
  "per_position_alpha": [
    0.566129636568003,
    0.8074123097286565,
    0.8327868852459016,
    0.8454724409448819,
    0.8265424912689173
  ],
  "per_prompt_alpha": [
    0.3781818181818182,
    0.3482758620689655,
    0.39245283018867927,
    0.4956521739130435,
    0.32903225806451614,
    0.5272727272727272,
    0.28059701492537314,
    0.38545454545454544,
    0.3377049180327869,
    0.3238095238095238,
    0.432,
    0.4956521739130435,
    0.4448979591836735,
    0.37142857142857144,
    0.3233333333333333,
    0.45416666666666666,
    0.30606060606060603,
    0.4765957446808511,
    0.32786885245901637,
    0.24383561643835616,
    0.375,
    0.4765957446808511,
    0.4489795918367347,
    0.5441860465116279,
    0.43673469387755104,
    0.3851851851851852,
    0.5348837209302325,
    0.38571428571428573,
    0.4826086956521739,
    0.432,
    0.4530612244897959,
    0.5523809523809524,
    0.3678571428571429,
    0.4,
    0.30625,
    0.44583333333333336,
    0.3482758620689655,
    0.5181818181818182,
    0.4037735849056604,
    0.41132075471698115,
    0.2878787878787879,
    0.4153846153846154,
    0.444,
    0.4782608695652174,
    0.3180327868852459,
    0.43673469387755104,
    0.4153846153846154,
    0.5488372093023256,
    0.4235294117647059,
    0.2909090909090909
  ],
  "num_prompts": 50,
  "total_tokens_generated": 6474,
  "draft_k": 5,
  "max_new_tokens": 128,
  "target_model": "google/gemma-2-9b-it",
  "draft_model": "google/gemma-2-2b-it",
  "adapter_path": null,
  "domain": "chat",
  "seed": 42
}