{
  "alpha": 0.3976056864945754,
  "alpha_std": 0.08568479120731354,
  "mean_accepted_length": 1.988028432472877,
  "per_position_alpha": [
    0.5630377852600075,
    0.8272425249169435,
    0.8184738955823293,
    0.8361138370951914,
    0.8133802816901409
  ],
  "per_prompt_alpha": [
    0.59,
    0.35789473684210527,
    0.4489795918367347,
    0.38181818181818183,
    0.5395348837209303,
    0.6833333333333333,
    0.6210526315789474,
    0.4583333333333333,
    0.4489795918367347,
    0.3962962962962963,
    0.3466666666666667,
    0.4583333333333333,
    0.4448979591836735,
    0.31746031746031744,
    0.4115384615384615,
    0.45416666666666666,
    0.3925925925925926,
    0.43137254901960786,
    0.428,
    0.3607142857142857,
    0.3925925925925926,
    0.35789473684210527,
    0.3096774193548387,
    0.4583333333333333,
    0.3559322033898305,
    0.448,
    0.5363636363636364,
    0.296875,
    0.509090909090909,
    0.3851851851851852,
    0.26,
    0.33114754098360655,
    0.43529411764705883,
    0.4583333333333333,
    0.4117647058823529,
    0.3,
    0.3781818181818182,
    0.509090909090909,
    0.39636363636363636,
    0.315625,
    0.3962962962962963,
    0.3684210526315789,
    0.3,
    0.3508771929824561,
    0.35789473684210527,
    0.4075471698113208,
    0.3238095238095238,
    0.32131147540983607,
    0.3649122807017544,
    0.43137254901960786
  ],
  "num_prompts": 50,
  "total_tokens_generated": 6482,
  "draft_k": 5,
  "max_new_tokens": 128,
  "target_model": "google/gemma-2-9b-it",
  "draft_model": "google/gemma-2-2b-it",
  "adapter_path": null,
  "domain": "medical",
  "seed": 42
}