{
  "num_prompts": 50,
  "avg_seq_len": 46.08,
  "kl_mean": 0.4806835949420929,
  "kl_std": 0.254395991563797,
  "kl_per_prompt": [
    0.396484375,
    1.9140625,
    0.310546875,
    0.54296875,
    0.171875,
    0.57421875,
    0.1982421875,
    0.56640625,
    0.58984375,
    0.427734375,
    0.84375,
    0.171875,
    0.54296875,
    0.29296875,
    0.74609375,
    0.2734375,
    0.94140625,
    0.486328125,
    0.4375,
    0.451171875,
    0.484375,
    0.54296875,
    0.404296875,
    0.6015625,
    0.4609375,
    0.5390625,
    0.375,
    0.416015625,
    0.447265625,
    0.30078125,
    0.439453125,
    0.4296875,
    0.462890625,
    0.283203125,
    0.474609375,
    0.375,
    0.53515625,
    0.337890625,
    0.404296875,
    0.330078125,
    0.46875,
    0.63671875,
    0.4453125,
    0.515625,
    0.49609375,
    0.322265625,
    0.310546875,
    0.47265625,
    0.46484375,
    0.376953125
  ],
  "js_mean": 0.08119140565395355,
  "js_std": 0.021121621131896973,
  "js_per_prompt": [
    0.08349609375,
    0.1689453125,
    0.0703125,
    0.07275390625,
    0.03662109375,
    0.07080078125,
    0.050537109375,
    0.08837890625,
    0.08203125,
    0.06494140625,
    0.10546875,
    0.0400390625,
    0.07763671875,
    0.06591796875,
    0.10546875,
    0.062255859375,
    0.09375,
    0.07373046875,
    0.09228515625,
    0.10205078125,
    0.0908203125,
    0.11328125,
    0.0654296875,
    0.10009765625,
    0.07421875,
    0.08154296875,
    0.0703125,
    0.07421875,
    0.08056640625,
    0.06982421875,
    0.07373046875,
    0.087890625,
    0.0849609375,
    0.06591796875,
    0.08056640625,
    0.0634765625,
    0.10205078125,
    0.07421875,
    0.0673828125,
    0.06689453125,
    0.0947265625,
    0.1123046875,
    0.095703125,
    0.0908203125,
    0.091796875,
    0.06103515625,
    0.05859375,
    0.09130859375,
    0.0927734375,
    0.07568359375
  ],
  "tv_mean": 0.24263672530651093,
  "tv_std": 0.039765775203704834,
  "tv_per_prompt": [
    0.25390625,
    0.357421875,
    0.21484375,
    0.22265625,
    0.16015625,
    0.205078125,
    0.1865234375,
    0.263671875,
    0.240234375,
    0.197265625,
    0.2734375,
    0.1611328125,
    0.23046875,
    0.2373046875,
    0.298828125,
    0.197265625,
    0.275390625,
    0.2177734375,
    0.2890625,
    0.314453125,
    0.28125,
    0.30078125,
    0.2119140625,
    0.28125,
    0.2275390625,
    0.263671875,
    0.22265625,
    0.2255859375,
    0.2353515625,
    0.2255859375,
    0.2265625,
    0.251953125,
    0.24609375,
    0.2314453125,
    0.228515625,
    0.2041015625,
    0.29296875,
    0.232421875,
    0.2021484375,
    0.2177734375,
    0.287109375,
    0.296875,
    0.267578125,
    0.259765625,
    0.263671875,
    0.201171875,
    0.1962890625,
    0.26953125,
    0.251953125,
    0.2314453125
  ],
  "target_model": "google/gemma-2-9b-it",
  "draft_model": "google/gemma-2-2b-it",
  "adapter_path": null,
  "domain": "chat",
  "divergence_types": [
    "kl",
    "js",
    "tv"
  ],
  "max_seq_len": 512,
  "seed": 42
}