{
  "num_prompts": 50,
  "avg_seq_len": 50.14,
  "kl_mean": 0.4170800745487213,
  "kl_std": 0.18319040536880493,
  "kl_per_prompt": [
    0.1767578125,
    0.1826171875,
    0.3828125,
    0.427734375,
    0.1982421875,
    0.703125,
    0.1826171875,
    0.09619140625,
    0.51171875,
    0.2021484375,
    0.3515625,
    0.2265625,
    0.212890625,
    0.61328125,
    0.455078125,
    0.431640625,
    0.1982421875,
    0.392578125,
    0.73046875,
    0.185546875,
    0.37890625,
    0.376953125,
    0.5078125,
    0.326171875,
    0.419921875,
    0.2109375,
    0.39453125,
    0.5546875,
    0.29296875,
    0.640625,
    0.62890625,
    0.3125,
    0.5078125,
    0.29296875,
    0.40625,
    0.97265625,
    0.58984375,
    0.3671875,
    0.84765625,
    0.4765625,
    0.306640625,
    0.369140625,
    0.609375,
    0.3984375,
    0.4765625,
    0.36328125,
    0.3671875,
    0.60546875,
    0.4921875,
    0.498046875
  ],
  "js_mean": 0.07326171547174454,
  "js_std": 0.02674098312854767,
  "js_per_prompt": [
    0.04248046875,
    0.035888671875,
    0.05859375,
    0.06396484375,
    0.038818359375,
    0.125,
    0.045166015625,
    0.018310546875,
    0.06787109375,
    0.04833984375,
    0.048095703125,
    0.05224609375,
    0.040771484375,
    0.091796875,
    0.09326171875,
    0.06494140625,
    0.0439453125,
    0.0859375,
    0.109375,
    0.043212890625,
    0.06494140625,
    0.0751953125,
    0.08154296875,
    0.0693359375,
    0.06787109375,
    0.046875,
    0.0654296875,
    0.08984375,
    0.04248046875,
    0.10498046875,
    0.107421875,
    0.055908203125,
    0.08837890625,
    0.0595703125,
    0.06689453125,
    0.13671875,
    0.10791015625,
    0.06689453125,
    0.140625,
    0.080078125,
    0.06982421875,
    0.0703125,
    0.1083984375,
    0.072265625,
    0.076171875,
    0.07080078125,
    0.0693359375,
    0.1005859375,
    0.08984375,
    0.0986328125
  ],
  "tv_mean": 0.21710938215255737,
  "tv_std": 0.055192820727825165,
  "tv_per_prompt": [
    0.1435546875,
    0.1484375,
    0.1826171875,
    0.2060546875,
    0.140625,
    0.326171875,
    0.162109375,
    0.078125,
    0.1884765625,
    0.1806640625,
    0.1630859375,
    0.18359375,
    0.1591796875,
    0.2255859375,
    0.28125,
    0.201171875,
    0.1669921875,
    0.283203125,
    0.296875,
    0.1552734375,
    0.1962890625,
    0.23046875,
    0.2421875,
    0.201171875,
    0.21875,
    0.1669921875,
    0.224609375,
    0.255859375,
    0.1318359375,
    0.265625,
    0.26953125,
    0.2021484375,
    0.2734375,
    0.18359375,
    0.208984375,
    0.328125,
    0.255859375,
    0.2041015625,
    0.357421875,
    0.224609375,
    0.2236328125,
    0.216796875,
    0.27734375,
    0.212890625,
    0.208984375,
    0.2158203125,
    0.203125,
    0.27734375,
    0.2392578125,
    0.265625
  ],
  "target_model": "google/gemma-2-9b-it",
  "draft_model": "google/gemma-2-2b-it",
  "adapter_path": null,
  "domain": "medical",
  "divergence_types": [
    "kl",
    "js",
    "tv"
  ],
  "max_seq_len": 512,
  "seed": 42
}