{
  "num_prompts": 50,
  "avg_seq_len": 98.74,
  "kl_mean": 0.43412110209465027,
  "kl_std": 0.13359525799751282,
  "kl_per_prompt": [
    0.47265625,
    0.41796875,
    0.45703125,
    0.421875,
    0.38671875,
    0.5625,
    0.703125,
    0.400390625,
    0.3515625,
    0.427734375,
    0.298828125,
    0.359375,
    0.498046875,
    0.412109375,
    0.392578125,
    0.40234375,
    0.66015625,
    0.384765625,
    0.5078125,
    0.38671875,
    0.251953125,
    0.376953125,
    0.64453125,
    0.29296875,
    0.8125,
    0.306640625,
    0.337890625,
    0.337890625,
    0.279296875,
    0.40625,
    0.1396484375,
    0.3984375,
    0.5078125,
    0.322265625,
    0.412109375,
    0.42578125,
    0.4609375,
    0.287109375,
    0.5859375,
    0.458984375,
    0.421875,
    0.361328125,
    0.50390625,
    0.376953125,
    0.40625,
    0.251953125,
    0.62890625,
    0.73046875,
    0.4140625,
    0.66015625
  ],
  "js_mean": 0.06992676109075546,
  "js_std": 0.025509070605039597,
  "js_per_prompt": [
    0.0498046875,
    0.04736328125,
    0.058349609375,
    0.050048828125,
    0.052734375,
    0.0859375,
    0.09619140625,
    0.0517578125,
    0.03271484375,
    0.05419921875,
    0.032470703125,
    0.048583984375,
    0.068359375,
    0.06396484375,
    0.047607421875,
    0.04931640625,
    0.10546875,
    0.048583984375,
    0.06884765625,
    0.048828125,
    0.04052734375,
    0.0673828125,
    0.11572265625,
    0.0478515625,
    0.125,
    0.05126953125,
    0.06396484375,
    0.06298828125,
    0.05419921875,
    0.06982421875,
    0.025146484375,
    0.0673828125,
    0.0908203125,
    0.05810546875,
    0.06982421875,
    0.08203125,
    0.08642578125,
    0.051025390625,
    0.10302734375,
    0.09375,
    0.0830078125,
    0.0693359375,
    0.1025390625,
    0.07177734375,
    0.08544921875,
    0.050537109375,
    0.115234375,
    0.12353515625,
    0.08154296875,
    0.1259765625
  ],
  "tv_mean": 0.1891503930091858,
  "tv_std": 0.05937083438038826,
  "tv_per_prompt": [
    0.134765625,
    0.1318359375,
    0.1474609375,
    0.1494140625,
    0.1376953125,
    0.2294921875,
    0.2216796875,
    0.142578125,
    0.08349609375,
    0.1611328125,
    0.09423828125,
    0.1416015625,
    0.1826171875,
    0.169921875,
    0.1328125,
    0.14453125,
    0.271484375,
    0.1328125,
    0.189453125,
    0.1533203125,
    0.1298828125,
    0.19921875,
    0.298828125,
    0.12890625,
    0.294921875,
    0.1416015625,
    0.19140625,
    0.1728515625,
    0.1533203125,
    0.1943359375,
    0.08642578125,
    0.1748046875,
    0.25,
    0.1572265625,
    0.181640625,
    0.2255859375,
    0.251953125,
    0.1455078125,
    0.263671875,
    0.2392578125,
    0.240234375,
    0.2001953125,
    0.2734375,
    0.2109375,
    0.2353515625,
    0.1484375,
    0.291015625,
    0.287109375,
    0.224609375,
    0.3125
  ],
  "target_model": "google/gemma-2-9b-it",
  "draft_model": "google/gemma-2-2b-it",
  "adapter_path": null,
  "domain": "code",
  "divergence_types": [
    "kl",
    "js",
    "tv"
  ],
  "max_seq_len": 512,
  "seed": 42
}