{
  "num_prompts": 50,
  "avg_seq_len": 46.08,
  "kl_mean": 1.9864062070846558,
  "kl_std": 0.7488545179367065,
  "kl_per_prompt": [
    2.625,
    4.09375,
    3.296875,
    2.640625,
    2.09375,
    2.234375,
    2.484375,
    2.484375,
    2.625,
    1.984375,
    2.875,
    3.03125,
    2.28125,
    2.890625,
    2.4375,
    2.234375,
    2.390625,
    2.46875,
    3.421875,
    3.84375,
    1.8515625,
    1.65625,
    1.96875,
    2.296875,
    1.671875,
    1.53125,
    1.0859375,
    1.6640625,
    1.0390625,
    1.4296875,
    1.5234375,
    1.484375,
    1.90625,
    1.4453125,
    1.8125,
    1.875,
    2.15625,
    1.5078125,
    1.359375,
    1.6328125,
    1.2421875,
    1.296875,
    1.3046875,
    1.375,
    1.1875,
    1.21875,
    1.0859375,
    1.046875,
    1.125,
    1.1015625
  ],
  "js_mean": 0.16283203661441803,
  "js_std": 0.03870615363121033,
  "js_per_prompt": [
    0.1962890625,
    0.296875,
    0.23828125,
    0.166015625,
    0.146484375,
    0.185546875,
    0.169921875,
    0.189453125,
    0.2021484375,
    0.1728515625,
    0.2353515625,
    0.181640625,
    0.1474609375,
    0.2197265625,
    0.220703125,
    0.16796875,
    0.185546875,
    0.1748046875,
    0.1953125,
    0.2265625,
    0.1455078125,
    0.1474609375,
    0.1728515625,
    0.17578125,
    0.1396484375,
    0.154296875,
    0.109375,
    0.1611328125,
    0.1240234375,
    0.1220703125,
    0.1396484375,
    0.125,
    0.1865234375,
    0.1513671875,
    0.142578125,
    0.1494140625,
    0.1748046875,
    0.1298828125,
    0.1484375,
    0.15625,
    0.1318359375,
    0.13671875,
    0.1259765625,
    0.162109375,
    0.1220703125,
    0.11767578125,
    0.1083984375,
    0.12255859375,
    0.119140625,
    0.1201171875
  ],
  "tv_mean": 0.3714062571525574,
  "tv_std": 0.06269197911024094,
  "tv_per_prompt": [
    0.41796875,
    0.5703125,
    0.4765625,
    0.369140625,
    0.318359375,
    0.40625,
    0.365234375,
    0.41796875,
    0.419921875,
    0.388671875,
    0.4765625,
    0.404296875,
    0.328125,
    0.490234375,
    0.478515625,
    0.3671875,
    0.419921875,
    0.373046875,
    0.40234375,
    0.494140625,
    0.349609375,
    0.349609375,
    0.3828125,
    0.39453125,
    0.32421875,
    0.3671875,
    0.26953125,
    0.373046875,
    0.314453125,
    0.298828125,
    0.326171875,
    0.3125,
    0.416015625,
    0.353515625,
    0.32421875,
    0.35546875,
    0.412109375,
    0.302734375,
    0.345703125,
    0.36328125,
    0.35546875,
    0.3359375,
    0.322265625,
    0.40625,
    0.306640625,
    0.30078125,
    0.291015625,
    0.330078125,
    0.2890625,
    0.3125
  ],
  "target_model": "google/gemma-2-9b-it",
  "draft_model": "google/gemma-2-2b-it",
  "adapter_path": "results/exp1_gemma/baseline_chat/final",
  "domain": "chat",
  "divergence_types": [
    "kl",
    "js",
    "tv"
  ],
  "max_seq_len": 512,
  "seed": 42
}