{
  "num_prompts": 50,
  "avg_seq_len": 98.74,
  "kl_mean": 0.7206640839576721,
  "kl_std": 0.23226505517959595,
  "kl_per_prompt": [
    1.0859375,
    1.1640625,
    1.0703125,
    0.83203125,
    0.73046875,
    0.7734375,
    1.3828125,
    0.68359375,
    0.90625,
    0.94140625,
    0.6953125,
    0.60546875,
    0.9375,
    0.9375,
    0.9453125,
    1.1796875,
    0.734375,
    0.83203125,
    0.8828125,
    0.91796875,
    0.4609375,
    0.796875,
    0.9765625,
    0.53125,
    0.80078125,
    0.46484375,
    0.66796875,
    0.6796875,
    0.412109375,
    0.53515625,
    0.34375,
    0.54296875,
    0.96875,
    0.470703125,
    0.734375,
    0.54296875,
    0.67578125,
    0.47265625,
    0.703125,
    0.59375,
    0.5234375,
    0.408203125,
    0.51953125,
    0.58984375,
    0.59375,
    0.361328125,
    0.59375,
    0.7109375,
    0.494140625,
    0.625
  ],
  "js_mean": 0.09470703452825546,
  "js_std": 0.0234210342168808,
  "js_per_prompt": [
    0.11669921875,
    0.1279296875,
    0.1220703125,
    0.0947265625,
    0.0869140625,
    0.11474609375,
    0.166015625,
    0.08642578125,
    0.09228515625,
    0.107421875,
    0.07421875,
    0.0859375,
    0.11328125,
    0.11328125,
    0.10498046875,
    0.130859375,
    0.107421875,
    0.0986328125,
    0.11279296875,
    0.09912109375,
    0.053466796875,
    0.1083984375,
    0.1337890625,
    0.0673828125,
    0.11669921875,
    0.06298828125,
    0.091796875,
    0.0947265625,
    0.0654296875,
    0.0732421875,
    0.044677734375,
    0.0712890625,
    0.12255859375,
    0.0703125,
    0.0947265625,
    0.08740234375,
    0.1005859375,
    0.07177734375,
    0.10302734375,
    0.09228515625,
    0.08154296875,
    0.064453125,
    0.087890625,
    0.0849609375,
    0.08837890625,
    0.05224609375,
    0.09521484375,
    0.10693359375,
    0.0830078125,
    0.1083984375
  ],
  "tv_mean": 0.24412108957767487,
  "tv_std": 0.050024598836898804,
  "tv_per_prompt": [
    0.265625,
    0.294921875,
    0.28515625,
    0.23046875,
    0.2216796875,
    0.294921875,
    0.375,
    0.22265625,
    0.2021484375,
    0.2578125,
    0.169921875,
    0.21875,
    0.28515625,
    0.26171875,
    0.259765625,
    0.296875,
    0.27734375,
    0.2333984375,
    0.267578125,
    0.2578125,
    0.1533203125,
    0.287109375,
    0.3515625,
    0.1865234375,
    0.294921875,
    0.1689453125,
    0.251953125,
    0.24609375,
    0.181640625,
    0.1923828125,
    0.138671875,
    0.1875,
    0.31640625,
    0.193359375,
    0.2265625,
    0.255859375,
    0.2890625,
    0.1884765625,
    0.26953125,
    0.255859375,
    0.23828125,
    0.1962890625,
    0.255859375,
    0.2451171875,
    0.2470703125,
    0.1533203125,
    0.265625,
    0.267578125,
    0.2353515625,
    0.287109375
  ],
  "target_model": "google/gemma-2-9b-it",
  "draft_model": "google/gemma-2-2b-it",
  "adapter_path": "results/exp1_gemma/baseline_code/final",
  "domain": "code",
  "divergence_types": [
    "kl",
    "js",
    "tv"
  ],
  "max_seq_len": 512,
  "seed": 42
}