{
  "num_prompts": 50,
  "avg_seq_len": 50.14,
  "kl_mean": 1.253749966621399,
  "kl_std": 0.32462427020072937,
  "kl_per_prompt": [
    0.96484375,
    1.515625,
    1.2578125,
    1.40625,
    1.6875,
    1.5,
    1.65625,
    1.203125,
    1.46875,
    1.65625,
    1.5546875,
    1.6875,
    1.921875,
    1.5078125,
    1.7578125,
    1.4296875,
    2.0,
    1.1875,
    1.484375,
    1.6640625,
    0.92578125,
    1.390625,
    1.0390625,
    0.83984375,
    1.0546875,
    1.234375,
    1.40625,
    1.1484375,
    0.78125,
    1.046875,
    1.4375,
    1.34375,
    1.0859375,
    1.28125,
    1.1015625,
    1.28125,
    1.1796875,
    1.3984375,
    1.484375,
    0.84375,
    0.7421875,
    0.72265625,
    1.109375,
    0.87890625,
    0.9375,
    0.90234375,
    0.9453125,
    1.015625,
    0.75390625,
    0.86328125
  ],
  "js_mean": 0.1435253918170929,
  "js_std": 0.0258615855127573,
  "js_per_prompt": [
    0.11279296875,
    0.162109375,
    0.1376953125,
    0.1513671875,
    0.150390625,
    0.1796875,
    0.166015625,
    0.125,
    0.1611328125,
    0.1552734375,
    0.154296875,
    0.1484375,
    0.193359375,
    0.171875,
    0.1904296875,
    0.1708984375,
    0.177734375,
    0.1484375,
    0.171875,
    0.1806640625,
    0.1171875,
    0.1474609375,
    0.11962890625,
    0.10107421875,
    0.1357421875,
    0.1318359375,
    0.1669921875,
    0.14453125,
    0.09375,
    0.130859375,
    0.173828125,
    0.1572265625,
    0.134765625,
    0.1357421875,
    0.1318359375,
    0.1552734375,
    0.14453125,
    0.1533203125,
    0.189453125,
    0.1123046875,
    0.1142578125,
    0.1064453125,
    0.1455078125,
    0.1181640625,
    0.1123046875,
    0.115234375,
    0.107421875,
    0.140625,
    0.10498046875,
    0.12451171875
  ],
  "tv_mean": 0.3412500023841858,
  "tv_std": 0.046771980822086334,
  "tv_per_prompt": [
    0.26953125,
    0.35546875,
    0.330078125,
    0.3515625,
    0.337890625,
    0.427734375,
    0.361328125,
    0.28125,
    0.375,
    0.34375,
    0.357421875,
    0.345703125,
    0.408203125,
    0.380859375,
    0.42578125,
    0.37890625,
    0.388671875,
    0.365234375,
    0.40234375,
    0.41015625,
    0.302734375,
    0.35546875,
    0.31640625,
    0.255859375,
    0.337890625,
    0.330078125,
    0.40234375,
    0.36328125,
    0.240234375,
    0.310546875,
    0.384765625,
    0.3828125,
    0.34375,
    0.302734375,
    0.328125,
    0.361328125,
    0.328125,
    0.353515625,
    0.435546875,
    0.298828125,
    0.30859375,
    0.2890625,
    0.345703125,
    0.302734375,
    0.28515625,
    0.29296875,
    0.2734375,
    0.349609375,
    0.2734375,
    0.310546875
  ],
  "target_model": "google/gemma-2-9b-it",
  "draft_model": "google/gemma-2-2b-it",
  "adapter_path": "results/exp1_gemma/baseline_medical/final",
  "domain": "medical",
  "divergence_types": [
    "kl",
    "js",
    "tv"
  ],
  "max_seq_len": 512,
  "seed": 42
}