{
  "alpha": 0.43198412698412697,
  "alpha_std": 0.08249109238386154,
  "mean_accepted_length": 2.159920634920635,
  "per_position_alpha": [
    0.5888888888888889,
    0.8349056603773585,
    0.8442292171105731,
    0.8499043977055449,
    0.8830146231721034
  ],
  "per_prompt_alpha": [
    0.46122448979591835,
    0.4851063829787234,
    0.3433333333333333,
    0.39622641509433965,
    0.4235294117647059,
    0.5523809523809524,
    0.52,
    0.4,
    0.4666666666666667,
    0.3096774193548387,
    0.4,
    0.36140350877192984,
    0.44081632653061226,
    0.33559322033898303,
    0.52,
    0.5609756097560976,
    0.3925925925925926,
    0.3886792452830189,
    0.38545454545454544,
    0.5380952380952381,
    0.5022222222222222,
    0.3962962962962963,
    0.48695652173913045,
    0.42,
    0.46808510638297873,
    0.4765957446808511,
    0.4851063829787234,
    0.4076923076923077,
    0.49333333333333335,
    0.4392156862745098,
    0.4625,
    0.38181818181818183,
    0.3781818181818182,
    0.46808510638297873,
    0.45416666666666666,
    0.4448979591836735,
    0.3888888888888889,
    0.4625,
    0.4269230769230769,
    0.49130434782608695,
    0.4666666666666667,
    0.49130434782608695,
    0.309375,
    0.41509433962264153,
    0.34576271186440677,
    0.44081632653061226,
    0.41568627450980394,
    0.8266666666666667,
    0.33114754098360655,
    0.4076923076923077
  ],
  "num_prompts": 50,
  "total_tokens_generated": 6479,
  "draft_k": 5,
  "max_new_tokens": 128,
  "target_model": "meta-llama/Llama-3.1-8B-Instruct",
  "draft_model": "meta-llama/Llama-3.2-1B-Instruct",
  "adapter_path": "results/exp4_llama/medical_lam_1.0/final",
  "domain": "medical",
  "seed": 42
}