{
  "num_prompts": 50,
  "avg_seq_len": 53.24,
  "kl_mean": 0.3895312547683716,
  "kl_std": 0.10873477160930634,
  "kl_per_prompt": [
    0.29296875,
    0.3671875,
    0.33203125,
    0.482421875,
    0.30078125,
    0.60546875,
    0.380859375,
    0.28125,
    0.40234375,
    0.328125,
    0.470703125,
    0.30859375,
    0.37890625,
    0.51171875,
    0.44140625,
    0.37109375,
    0.30078125,
    0.71875,
    0.37890625,
    0.3671875,
    0.275390625,
    0.42578125,
    0.365234375,
    0.291015625,
    0.3203125,
    0.3515625,
    0.3671875,
    0.357421875,
    0.31640625,
    0.326171875,
    0.83203125,
    0.443359375,
    0.333984375,
    0.38671875,
    0.345703125,
    0.46875,
    0.330078125,
    0.484375,
    0.55859375,
    0.2890625,
    0.27734375,
    0.359375,
    0.359375,
    0.328125,
    0.294921875,
    0.3515625,
    0.4453125,
    0.4453125,
    0.359375,
    0.365234375
  ],
  "js_mean": 0.07414551079273224,
  "js_std": 0.016981756314635277,
  "js_per_prompt": [
    0.05419921875,
    0.06396484375,
    0.05810546875,
    0.0869140625,
    0.055419921875,
    0.11669921875,
    0.07373046875,
    0.0458984375,
    0.06884765625,
    0.06396484375,
    0.0849609375,
    0.0556640625,
    0.06494140625,
    0.09814453125,
    0.080078125,
    0.064453125,
    0.052978515625,
    0.11328125,
    0.07861328125,
    0.072265625,
    0.055419921875,
    0.08447265625,
    0.07421875,
    0.060546875,
    0.06494140625,
    0.0673828125,
    0.07373046875,
    0.06982421875,
    0.055419921875,
    0.06640625,
    0.12353515625,
    0.08154296875,
    0.06591796875,
    0.07568359375,
    0.068359375,
    0.09521484375,
    0.06591796875,
    0.09130859375,
    0.109375,
    0.05859375,
    0.059326171875,
    0.07763671875,
    0.07568359375,
    0.0712890625,
    0.06396484375,
    0.068359375,
    0.0888671875,
    0.0869140625,
    0.0771484375,
    0.0771484375
  ],
  "tv_mean": 0.23566406965255737,
  "tv_std": 0.040706705302000046,
  "tv_per_prompt": [
    0.1728515625,
    0.208984375,
    0.2001953125,
    0.26953125,
    0.1953125,
    0.349609375,
    0.2412109375,
    0.15234375,
    0.2197265625,
    0.2158203125,
    0.267578125,
    0.189453125,
    0.22265625,
    0.275390625,
    0.25390625,
    0.2119140625,
    0.1884765625,
    0.33203125,
    0.263671875,
    0.2392578125,
    0.1904296875,
    0.263671875,
    0.25,
    0.1982421875,
    0.22265625,
    0.2255859375,
    0.251953125,
    0.240234375,
    0.177734375,
    0.2158203125,
    0.3125,
    0.255859375,
    0.2294921875,
    0.2255859375,
    0.21875,
    0.287109375,
    0.201171875,
    0.287109375,
    0.322265625,
    0.2021484375,
    0.2099609375,
    0.2470703125,
    0.2421875,
    0.2265625,
    0.203125,
    0.22265625,
    0.251953125,
    0.263671875,
    0.232421875,
    0.2353515625
  ],
  "target_model": "meta-llama/Llama-3.1-8B-Instruct",
  "draft_model": "meta-llama/Llama-3.2-1B-Instruct",
  "adapter_path": "results/exp4_llama/medical_lam_1.0/final",
  "domain": "medical",
  "divergence_types": [
    "kl",
    "js",
    "tv"
  ],
  "max_seq_len": 512,
  "seed": 42
}