{
  "alpha": 0.5300092336103417,
  "alpha_std": 0.16110879182815552,
  "mean_accepted_length": 2.6500461680517082,
  "per_position_alpha": [
    0.6583564173591875,
    0.8892005610098177,
    0.8793375394321766,
    0.9103139013452914,
    0.9024630541871921
  ],
  "per_prompt_alpha": [
    0.5948717948717949,
    0.7294117647058823,
    0.595,
    0.8620689655172413,
    0.8689655172413793,
    0.6205128205128205,
    0.49777777777777776,
    0.605,
    0.631578947368421,
    0.428,
    0.8266666666666667,
    0.37454545454545457,
    0.39622641509433965,
    0.3886792452830189,
    0.6648648648648648,
    0.6888888888888889,
    0.6263157894736842,
    0.9071428571428571,
    0.2735294117647059,
    0.5666666666666667,
    0.5348837209302325,
    0.4765957446808511,
    0.424,
    0.6914285714285714,
    0.49333333333333335,
    0.8258064516129032,
    0.5609756097560976,
    0.59,
    0.6432432432432432,
    0.5066666666666667,
    0.6555555555555556,
    1.0,
    0.5395348837209303,
    0.5181818181818182,
    0.34576271186440677,
    0.49777777777777776,
    0.32131147540983607,
    0.6666666666666666,
    0.46122448979591835,
    0.5666666666666667,
    0.46122448979591835,
    0.4448979591836735,
    0.4346153846153846,
    0.6594594594594595,
    0.44,
    0.4708333333333333,
    0.4115384615384615,
    0.5658536585365853,
    0.3389830508474576,
    0.4117647058823529
  ],
  "num_prompts": 50,
  "total_tokens_generated": 6480,
  "draft_k": 5,
  "max_new_tokens": 128,
  "target_model": "Qwen/Qwen2.5-7B-Instruct",
  "draft_model": "Qwen/Qwen2.5-0.5B-Instruct",
  "adapter_path": "results/exp6/reverse_kl_lam_0.01/final",
  "domain": "code",
  "seed": 42
}