{
  "num_prompts": 50,
  "avg_seq_len": 88.6,
  "kl_mean": 0.5898047089576721,
  "kl_std": 0.17811110615730286,
  "kl_per_prompt": [
    0.61328125,
    0.71875,
    0.515625,
    0.546875,
    0.404296875,
    0.6875,
    0.70703125,
    0.48046875,
    0.494140625,
    0.5859375,
    0.5390625,
    0.498046875,
    0.73046875,
    0.474609375,
    0.59765625,
    0.53125,
    0.9296875,
    0.5625,
    0.68359375,
    0.55859375,
    0.369140625,
    0.8984375,
    0.88671875,
    0.33984375,
    0.83203125,
    0.265625,
    0.53515625,
    0.59765625,
    0.3125,
    0.625,
    0.236328125,
    0.56640625,
    0.65234375,
    0.390625,
    0.8359375,
    0.8671875,
    0.796875,
    0.4140625,
    0.6484375,
    0.56640625,
    0.57421875,
    0.48046875,
    0.5859375,
    0.458984375,
    0.50390625,
    0.28515625,
    0.703125,
    0.93359375,
    0.57421875,
    0.89453125
  ],
  "js_mean": 0.09154785424470901,
  "js_std": 0.03415467590093613,
  "js_per_prompt": [
    0.0654296875,
    0.09033203125,
    0.05419921875,
    0.061279296875,
    0.04931640625,
    0.12890625,
    0.08740234375,
    0.06103515625,
    0.042236328125,
    0.056884765625,
    0.054931640625,
    0.09130859375,
    0.08984375,
    0.060302734375,
    0.07080078125,
    0.053955078125,
    0.125,
    0.059814453125,
    0.10791015625,
    0.06103515625,
    0.055908203125,
    0.1396484375,
    0.1572265625,
    0.056884765625,
    0.146484375,
    0.03857421875,
    0.095703125,
    0.1025390625,
    0.06201171875,
    0.1025390625,
    0.039306640625,
    0.0869140625,
    0.1240234375,
    0.08349609375,
    0.1376953125,
    0.123046875,
    0.1357421875,
    0.0771484375,
    0.1162109375,
    0.1064453125,
    0.10888671875,
    0.09130859375,
    0.1103515625,
    0.0927734375,
    0.10107421875,
    0.055908203125,
    0.1376953125,
    0.1591796875,
    0.1064453125,
    0.154296875
  ],
  "tv_mean": 0.24910156428813934,
  "tv_std": 0.07268130034208298,
  "tv_per_prompt": [
    0.2109375,
    0.265625,
    0.1611328125,
    0.1982421875,
    0.1669921875,
    0.322265625,
    0.248046875,
    0.1875,
    0.1171875,
    0.1787109375,
    0.1591796875,
    0.236328125,
    0.234375,
    0.1767578125,
    0.2197265625,
    0.169921875,
    0.328125,
    0.158203125,
    0.287109375,
    0.19140625,
    0.169921875,
    0.34765625,
    0.388671875,
    0.18359375,
    0.353515625,
    0.134765625,
    0.2734375,
    0.2734375,
    0.1865234375,
    0.259765625,
    0.1328125,
    0.23046875,
    0.337890625,
    0.228515625,
    0.322265625,
    0.31640625,
    0.359375,
    0.2158203125,
    0.314453125,
    0.283203125,
    0.306640625,
    0.2578125,
    0.296875,
    0.259765625,
    0.27734375,
    0.1728515625,
    0.349609375,
    0.359375,
    0.28125,
    0.36328125
  ],
  "target_model": "Qwen/Qwen2.5-7B-Instruct",
  "draft_model": "Qwen/Qwen2.5-0.5B-Instruct",
  "adapter_path": "results/exp6/reverse_kl_lam_0.01/final",
  "domain": "code",
  "divergence_types": [
    "kl",
    "js",
    "tv"
  ],
  "max_seq_len": 512,
  "seed": 42
}