{
  "alpha": 0.38690344062153165,
  "alpha_std": 0.10012716799974442,
  "mean_accepted_length": 1.934517203107658,
  "per_position_alpha": [
    0.5431002589715132,
    0.8099455040871935,
    0.8385197645079899,
    0.8505516549648947,
    0.8573113207547169
  ],
  "per_prompt_alpha": [
    0.303125,
    0.3161290322580645,
    0.4826086956521739,
    0.38181818181818183,
    0.4075471698113208,
    0.3161290322580645,
    0.5707317073170731,
    0.42745098039215684,
    0.34385964912280703,
    0.4595744680851064,
    0.43137254901960786,
    0.36428571428571427,
    0.3781818181818182,
    0.36428571428571427,
    0.5476190476190477,
    0.33,
    0.6611111111111111,
    0.32786885245901637,
    0.309375,
    0.5441860465116279,
    0.3607142857142857,
    0.3890909090909091,
    0.436,
    0.4,
    0.40784313725490196,
    0.4153846153846154,
    0.3890909090909091,
    0.2676470588235294,
    0.3849056603773585,
    0.36363636363636365,
    0.35333333333333333,
    0.4076923076923077,
    0.2735294117647059,
    0.3525423728813559,
    0.3851851851851852,
    0.2619718309859155,
    0.3607142857142857,
    0.39622641509433965,
    0.4117647058823529,
    0.4326530612244898,
    0.5846153846153846,
    0.30158730158730157,
    0.3814814814814815,
    0.42745098039215684,
    0.303125,
    0.4595744680851064,
    0.3719298245614035,
    0.8,
    0.3886792452830189,
    0.31475409836065577
  ],
  "num_prompts": 50,
  "total_tokens_generated": 6464,
  "draft_k": 5,
  "max_new_tokens": 128,
  "target_model": "meta-llama/Llama-3.1-8B-Instruct",
  "draft_model": "meta-llama/Llama-3.2-1B-Instruct",
  "adapter_path": "results/exp4_llama/medical_lam_0.05/final",
  "domain": "medical",
  "seed": 42
}