{
  "num_prompts": 50,
  "avg_seq_len": 53.24,
  "kl_mean": 0.8389843702316284,
  "kl_std": 0.2042323648929596,
  "kl_per_prompt": [
    0.6484375,
    0.95703125,
    1.0390625,
    1.03125,
    0.80859375,
    1.21875,
    0.92578125,
    0.7109375,
    1.2265625,
    0.7890625,
    1.0546875,
    0.78125,
    0.9296875,
    1.3671875,
    0.984375,
    0.91015625,
    0.80078125,
    1.1953125,
    0.91796875,
    1.09375,
    0.62109375,
    0.80859375,
    0.79296875,
    0.6171875,
    0.8125,
    0.7265625,
    0.8046875,
    0.90625,
    0.62109375,
    0.72265625,
    1.3203125,
    0.875,
    0.81640625,
    0.75390625,
    0.703125,
    0.96484375,
    0.70703125,
    0.96875,
    0.96875,
    0.61328125,
    0.578125,
    0.65625,
    0.625,
    0.6171875,
    0.53515625,
    0.6796875,
    0.7109375,
    0.88671875,
    0.56640625,
    0.578125
  ],
  "js_mean": 0.12471679598093033,
  "js_std": 0.023183489218354225,
  "js_per_prompt": [
    0.09228515625,
    0.12109375,
    0.1298828125,
    0.142578125,
    0.10595703125,
    0.1865234375,
    0.12255859375,
    0.0859375,
    0.1455078125,
    0.10986328125,
    0.1416015625,
    0.1005859375,
    0.11474609375,
    0.1826171875,
    0.13671875,
    0.12158203125,
    0.10107421875,
    0.16015625,
    0.14453125,
    0.1455078125,
    0.1005859375,
    0.1298828125,
    0.1259765625,
    0.10107421875,
    0.12890625,
    0.1064453125,
    0.126953125,
    0.13671875,
    0.0849609375,
    0.11669921875,
    0.171875,
    0.130859375,
    0.126953125,
    0.12060546875,
    0.11376953125,
    0.1494140625,
    0.115234375,
    0.146484375,
    0.16015625,
    0.10302734375,
    0.10498046875,
    0.12255859375,
    0.11083984375,
    0.1123046875,
    0.09521484375,
    0.11669921875,
    0.12255859375,
    0.1484375,
    0.10595703125,
    0.1083984375
  ],
  "tv_mean": 0.31285154819488525,
  "tv_std": 0.04763602092862129,
  "tv_per_prompt": [
    0.2333984375,
    0.287109375,
    0.318359375,
    0.349609375,
    0.27734375,
    0.439453125,
    0.30859375,
    0.21484375,
    0.33984375,
    0.275390625,
    0.34765625,
    0.25390625,
    0.291015625,
    0.404296875,
    0.34765625,
    0.298828125,
    0.27734375,
    0.40234375,
    0.36328125,
    0.349609375,
    0.26171875,
    0.33203125,
    0.3359375,
    0.263671875,
    0.326171875,
    0.28125,
    0.33203125,
    0.349609375,
    0.2197265625,
    0.298828125,
    0.373046875,
    0.333984375,
    0.33203125,
    0.294921875,
    0.294921875,
    0.359375,
    0.271484375,
    0.365234375,
    0.390625,
    0.27734375,
    0.291015625,
    0.318359375,
    0.298828125,
    0.2890625,
    0.25390625,
    0.296875,
    0.302734375,
    0.35546875,
    0.275390625,
    0.287109375
  ],
  "target_model": "meta-llama/Llama-3.1-8B-Instruct",
  "draft_model": "meta-llama/Llama-3.2-1B-Instruct",
  "adapter_path": "results/exp4_llama/medical_lam_0.05/final",
  "domain": "medical",
  "divergence_types": [
    "kl",
    "js",
    "tv"
  ],
  "max_seq_len": 512,
  "seed": 42
}