{
  "alpha": 0.5505499760879962,
  "alpha_std": 0.14143581688404083,
  "mean_accepted_length": 2.752749880439981,
  "per_position_alpha": [
    0.6771879483500718,
    0.8820621468926554,
    0.9031224979983987,
    0.9095744680851063,
    0.9132553606237817
  ],
  "per_prompt_alpha": [
    0.7515151515151515,
    0.5155555555555555,
    0.5380952380952381,
    0.7636363636363637,
    0.7575757575757576,
    0.5523809523809524,
    0.585,
    0.4765957446808511,
    0.5707317073170731,
    0.4269230769230769,
    0.8533333333333334,
    0.5804878048780487,
    0.5066666666666667,
    0.5045454545454545,
    0.5272727272727272,
    0.6263157894736842,
    0.6486486486486487,
    0.8266666666666667,
    0.3625,
    0.4583333333333333,
    0.43529411764705883,
    0.8620689655172413,
    0.6648648648648648,
    0.775,
    0.6324324324324324,
    0.7515151515151515,
    0.6157894736842106,
    0.5255813953488372,
    0.6611111111111111,
    0.5441860465116279,
    0.6102564102564103,
    0.9629629629629629,
    0.43529411764705883,
    0.49777777777777776,
    0.3890909090909091,
    0.4448979591836735,
    0.605,
    0.4723404255319149,
    0.6102564102564103,
    0.4625,
    0.5318181818181819,
    0.3781818181818182,
    0.6486486486486487,
    0.5022222222222222,
    0.6,
    0.4075471698113208,
    0.3482758620689655,
    0.5658536585365853,
    0.4,
    0.4723404255319149
  ],
  "num_prompts": 50,
  "total_tokens_generated": 6431,
  "draft_k": 5,
  "max_new_tokens": 128,
  "target_model": "meta-llama/Llama-3.1-8B-Instruct",
  "draft_model": "meta-llama/Llama-3.2-1B-Instruct",
  "adapter_path": "results/exp6_llama/js_lam_0.5/final",
  "domain": "code",
  "seed": 42
}