{
  "num_prompts": 50,
  "avg_seq_len": 88.72,
  "kl_mean": 0.5857812762260437,
  "kl_std": 0.1554151177406311,
  "kl_per_prompt": [
    0.75,
    1.015625,
    0.66015625,
    0.734375,
    0.5078125,
    0.93359375,
    0.71875,
    0.55078125,
    0.45703125,
    0.57421875,
    0.482421875,
    0.71484375,
    0.55859375,
    0.65234375,
    0.51171875,
    0.53515625,
    0.53515625,
    0.578125,
    0.73046875,
    0.81640625,
    0.404296875,
    0.69921875,
    0.78125,
    0.31640625,
    0.828125,
    0.330078125,
    0.6328125,
    0.58984375,
    0.388671875,
    0.66796875,
    0.2890625,
    0.58203125,
    0.640625,
    0.36328125,
    0.734375,
    0.6015625,
    0.69140625,
    0.44921875,
    0.60546875,
    0.51171875,
    0.51953125,
    0.431640625,
    0.51953125,
    0.453125,
    0.50390625,
    0.349609375,
    0.54296875,
    0.6875,
    0.5,
    0.65625
  ],
  "js_mean": 0.09100097417831421,
  "js_std": 0.02192237600684166,
  "js_per_prompt": [
    0.10888671875,
    0.142578125,
    0.08837890625,
    0.10400390625,
    0.07568359375,
    0.14453125,
    0.10498046875,
    0.0830078125,
    0.060546875,
    0.08251953125,
    0.0693359375,
    0.10546875,
    0.0947265625,
    0.09765625,
    0.07177734375,
    0.0771484375,
    0.09521484375,
    0.07568359375,
    0.11083984375,
    0.095703125,
    0.06787109375,
    0.1064453125,
    0.12353515625,
    0.04931640625,
    0.1259765625,
    0.0576171875,
    0.0986328125,
    0.09130859375,
    0.06201171875,
    0.10693359375,
    0.051025390625,
    0.0849609375,
    0.10107421875,
    0.06396484375,
    0.11083984375,
    0.09814453125,
    0.1142578125,
    0.07275390625,
    0.10009765625,
    0.08544921875,
    0.0849609375,
    0.07470703125,
    0.08935546875,
    0.0810546875,
    0.08642578125,
    0.05712890625,
    0.0927734375,
    0.1201171875,
    0.0859375,
    0.11669921875
  ],
  "tv_mean": 0.24222655594348907,
  "tv_std": 0.04900754615664482,
  "tv_per_prompt": [
    0.26171875,
    0.32421875,
    0.2216796875,
    0.2431640625,
    0.189453125,
    0.349609375,
    0.248046875,
    0.224609375,
    0.1591796875,
    0.212890625,
    0.1728515625,
    0.248046875,
    0.2490234375,
    0.244140625,
    0.203125,
    0.2041015625,
    0.28515625,
    0.17578125,
    0.28515625,
    0.232421875,
    0.1875,
    0.28515625,
    0.333984375,
    0.162109375,
    0.302734375,
    0.1748046875,
    0.28125,
    0.234375,
    0.1787109375,
    0.265625,
    0.162109375,
    0.2275390625,
    0.287109375,
    0.181640625,
    0.2734375,
    0.275390625,
    0.314453125,
    0.2060546875,
    0.28515625,
    0.240234375,
    0.25390625,
    0.22265625,
    0.265625,
    0.240234375,
    0.25,
    0.16796875,
    0.26171875,
    0.306640625,
    0.24609375,
    0.302734375
  ],
  "target_model": "meta-llama/Llama-3.1-8B-Instruct",
  "draft_model": "meta-llama/Llama-3.2-1B-Instruct",
  "adapter_path": "results/exp6_llama/js_lam_0.5/final",
  "domain": "code",
  "divergence_types": [
    "kl",
    "js",
    "tv"
  ],
  "max_seq_len": 512,
  "seed": 42
}