{
  "alpha": 0.3521633783316026,
  "alpha_std": 0.11674127727746964,
  "mean_accepted_length": 1.7608168916580131,
  "per_position_alpha": [
    0.523018345448252,
    0.7935142289874255,
    0.7948290241868223,
    0.8216159496327388,
    0.8186462324393359
  ],
  "per_prompt_alpha": [
    0.32131147540983607,
    0.37142857142857144,
    0.5111111111111111,
    0.3678571428571429,
    0.37142857142857144,
    0.32459016393442625,
    0.28484848484848485,
    0.39622641509433965,
    0.7235294117647059,
    0.6,
    0.2878787878787879,
    0.26,
    0.27941176470588236,
    0.44,
    0.5348837209302325,
    0.4583333333333333,
    0.3814814814814815,
    0.2579710144927536,
    0.30153846153846153,
    0.38181818181818183,
    0.296875,
    0.24054054054054055,
    0.20512820512820512,
    0.45416666666666666,
    0.3543859649122807,
    0.23243243243243245,
    0.4,
    0.290625,
    0.41923076923076924,
    0.224,
    0.631578947368421,
    0.24722222222222223,
    0.30158730158730157,
    0.26285714285714284,
    0.5302325581395348,
    0.2818181818181818,
    0.34915254237288135,
    0.5476190476190477,
    0.41923076923076924,
    0.27761194029850744,
    0.4765957446808511,
    0.3413793103448276,
    0.3046153846153846,
    0.4448979591836735,
    0.26857142857142857,
    0.33559322033898303,
    0.3387096774193548,
    0.3814814814814815,
    0.33559322033898303,
    0.6051282051282051
  ],
  "num_prompts": 50,
  "total_tokens_generated": 6465,
  "draft_k": 5,
  "max_new_tokens": 128,
  "target_model": "Qwen/Qwen2.5-7B-Instruct",
  "draft_model": "Qwen/Qwen2.5-0.5B-Instruct",
  "adapter_path": "results/exp4/medical_lam_0.05/final",
  "domain": "medical",
  "seed": 42
}