{
  "num_prompts": 50,
  "avg_seq_len": 52.88,
  "kl_mean": 0.6917187571525574,
  "kl_std": 0.19904375076293945,
  "kl_per_prompt": [
    0.5546875,
    0.58984375,
    0.62109375,
    0.62890625,
    0.6484375,
    1.171875,
    0.765625,
    0.5234375,
    0.75390625,
    0.71875,
    0.54296875,
    0.8671875,
    0.78125,
    0.796875,
    0.8984375,
    0.578125,
    0.7109375,
    0.9609375,
    0.53515625,
    0.953125,
    0.47265625,
    0.8203125,
    0.486328125,
    0.5703125,
    0.3984375,
    0.52734375,
    0.60546875,
    0.66796875,
    0.5390625,
    0.63671875,
    1.3671875,
    0.69140625,
    0.6328125,
    0.70703125,
    0.52734375,
    0.859375,
    0.578125,
    0.984375,
    1.2421875,
    0.5703125,
    0.52734375,
    0.6328125,
    0.6328125,
    0.431640625,
    0.63671875,
    0.5703125,
    0.734375,
    0.58203125,
    0.625,
    0.7265625
  ],
  "js_mean": 0.11235351860523224,
  "js_std": 0.027035636827349663,
  "js_per_prompt": [
    0.07861328125,
    0.0869140625,
    0.1025390625,
    0.11376953125,
    0.07470703125,
    0.1826171875,
    0.07763671875,
    0.0693359375,
    0.1181640625,
    0.0859375,
    0.09716796875,
    0.10791015625,
    0.1259765625,
    0.126953125,
    0.126953125,
    0.08837890625,
    0.08154296875,
    0.1572265625,
    0.09130859375,
    0.125,
    0.0869140625,
    0.150390625,
    0.0966796875,
    0.107421875,
    0.0771484375,
    0.08642578125,
    0.10498046875,
    0.11474609375,
    0.09619140625,
    0.11669921875,
    0.1826171875,
    0.1259765625,
    0.109375,
    0.11865234375,
    0.10595703125,
    0.1396484375,
    0.1025390625,
    0.154296875,
    0.1845703125,
    0.10595703125,
    0.1025390625,
    0.1201171875,
    0.11767578125,
    0.08935546875,
    0.1259765625,
    0.10791015625,
    0.1162109375,
    0.11181640625,
    0.115234375,
    0.125
  ],
  "tv_mean": 0.29457032680511475,
  "tv_std": 0.05256794020533562,
  "tv_per_prompt": [
    0.2177734375,
    0.2421875,
    0.296875,
    0.3203125,
    0.2158203125,
    0.43359375,
    0.2158203125,
    0.1796875,
    0.33203125,
    0.2333984375,
    0.26171875,
    0.26953125,
    0.3203125,
    0.32421875,
    0.33203125,
    0.25,
    0.2314453125,
    0.359375,
    0.267578125,
    0.310546875,
    0.251953125,
    0.369140625,
    0.28515625,
    0.294921875,
    0.240234375,
    0.248046875,
    0.30859375,
    0.318359375,
    0.2236328125,
    0.306640625,
    0.404296875,
    0.3203125,
    0.30859375,
    0.296875,
    0.2890625,
    0.34375,
    0.255859375,
    0.375,
    0.41796875,
    0.28515625,
    0.28515625,
    0.314453125,
    0.296875,
    0.255859375,
    0.318359375,
    0.298828125,
    0.287109375,
    0.3046875,
    0.296875,
    0.3125
  ],
  "target_model": "Qwen/Qwen2.5-7B-Instruct",
  "draft_model": "Qwen/Qwen2.5-0.5B-Instruct",
  "adapter_path": "results/exp4/medical_lam_0.05/final",
  "domain": "medical",
  "divergence_types": [
    "kl",
    "js",
    "tv"
  ],
  "max_seq_len": 512,
  "seed": 42
}