{
  "alpha": 0.36931858722797,
  "alpha_std": 0.10156459361314774,
  "mean_accepted_length": 1.84659293613985,
  "per_position_alpha": [
    0.5383517659650374,
    0.803843605036448,
    0.8054410552349547,
    0.8208802456499488,
    0.8416458852867831
  ],
  "per_prompt_alpha": [
    0.2676470588235294,
    0.31290322580645163,
    0.59,
    0.309375,
    0.3709090909090909,
    0.5853658536585366,
    0.3111111111111111,
    0.3064516129032258,
    0.6594594594594595,
    0.2953846153846154,
    0.33548387096774196,
    0.5066666666666667,
    0.4666666666666667,
    0.36428571428571427,
    0.3649122807017544,
    0.32786885245901637,
    0.3678571428571429,
    0.37454545454545457,
    0.3508771929824561,
    0.28615384615384615,
    0.36551724137931035,
    0.509090909090909,
    0.4196078431372549,
    0.27761194029850744,
    0.3466666666666667,
    0.4076923076923077,
    0.28923076923076924,
    0.4196078431372549,
    0.3046153846153846,
    0.5441860465116279,
    0.2571428571428571,
    0.3851851851851852,
    0.5043478260869565,
    0.27246376811594203,
    0.27761194029850744,
    0.37142857142857144,
    0.4530612244897959,
    0.58,
    0.3161290322580645,
    0.2865671641791045,
    0.2953846153846154,
    0.41568627450980394,
    0.58,
    0.4782608695652174,
    0.375,
    0.3047619047619048,
    0.38113207547169814,
    0.3781818181818182,
    0.44,
    0.26666666666666666
  ],
  "num_prompts": 50,
  "total_tokens_generated": 6470,
  "draft_k": 5,
  "max_new_tokens": 128,
  "target_model": "meta-llama/Llama-3.1-8B-Instruct",
  "draft_model": "meta-llama/Llama-3.2-1B-Instruct",
  "adapter_path": null,
  "domain": "chat",
  "seed": 42
}