{
  "alpha": 0.3709781440343963,
  "alpha_std": 0.09623602032661438,
  "mean_accepted_length": 1.8548907201719813,
  "per_position_alpha": [
    0.5381583661769975,
    0.8049267643142477,
    0.8089330024813896,
    0.8271983640081799,
    0.8393077873918418
  ],
  "per_prompt_alpha": [
    0.2236842105263158,
    0.2909090909090909,
    0.5560975609756098,
    0.2818181818181818,
    0.37454545454545457,
    0.5,
    0.35172413793103446,
    0.34576271186440677,
    0.6368421052631579,
    0.4978723404255319,
    0.3508771929824561,
    0.4782608695652174,
    0.5658536585365853,
    0.39636363636363636,
    0.3888888888888889,
    0.28615384615384615,
    0.32131147540983607,
    0.39615384615384613,
    0.2535211267605634,
    0.3180327868852459,
    0.40384615384615385,
    0.43137254901960786,
    0.5136363636363637,
    0.3423728813559322,
    0.35789473684210527,
    0.448,
    0.48936170212765956,
    0.4326530612244898,
    0.36140350877192984,
    0.4595744680851064,
    0.24383561643835616,
    0.3344262295081967,
    0.4723404255319149,
    0.28615384615384615,
    0.3125,
    0.32666666666666666,
    0.4489795918367347,
    0.58,
    0.3333333333333333,
    0.2852941176470588,
    0.2542857142857143,
    0.35517241379310344,
    0.3377049180327869,
    0.5255813953488372,
    0.34915254237288135,
    0.428,
    0.4,
    0.3849056603773585,
    0.32786885245901637,
    0.2676470588235294
  ],
  "num_prompts": 50,
  "total_tokens_generated": 6466,
  "draft_k": 5,
  "max_new_tokens": 128,
  "target_model": "meta-llama/Llama-3.1-8B-Instruct",
  "draft_model": "meta-llama/Llama-3.2-1B-Instruct",
  "adapter_path": "results/exp_dpo/baseline/final",
  "domain": "chat",
  "seed": 42
}