{
  "alpha": 0.4075067024128686,
  "alpha_std": 0.09597300738096237,
  "mean_accepted_length": 2.037533512064343,
  "per_position_alpha": [
    0.5637686710072769,
    0.8179347826086957,
    0.8637873754152824,
    0.8423076923076923,
    0.8310502283105022
  ],
  "per_prompt_alpha": [
    0.4117647058823529,
    0.31746031746031744,
    0.2746268656716418,
    0.4489795918367347,
    0.42745098039215684,
    0.424,
    0.3709090909090909,
    0.42745098039215684,
    0.5428571428571428,
    0.28615384615384615,
    0.46808510638297873,
    0.6611111111111111,
    0.40370370370370373,
    0.475,
    0.4956521739130435,
    0.5523809523809524,
    0.5272727272727272,
    0.263768115942029,
    0.23243243243243245,
    0.42745098039215684,
    0.4235294117647059,
    0.38181818181818183,
    0.3161290322580645,
    0.4076923076923077,
    0.4652173913043478,
    0.551219512195122,
    0.509090909090909,
    0.49333333333333335,
    0.4723404255319149,
    0.4076923076923077,
    0.3473684210526316,
    0.3890909090909091,
    0.444,
    0.509090909090909,
    0.4583333333333333,
    0.4196078431372549,
    0.4115384615384615,
    0.2875,
    0.432,
    0.37454545454545457,
    0.3927272727272727,
    0.7028571428571428,
    0.33666666666666667,
    0.4,
    0.37454545454545457,
    0.5066666666666667,
    0.509090909090909,
    0.3193548387096774,
    0.27058823529411763,
    0.3620689655172414
  ],
  "num_prompts": 50,
  "total_tokens_generated": 6459,
  "draft_k": 5,
  "max_new_tokens": 128,
  "target_model": "meta-llama/Llama-3.1-8B-Instruct",
  "draft_model": "meta-llama/Llama-3.2-1B-Instruct",
  "adapter_path": "results/exp_dpo/baseline/final",
  "domain": "medical",
  "seed": 42
}