{
  "alpha": 0.5859421734795613,
  "alpha_std": 0.15959972143173218,
  "mean_accepted_length": 2.9297108673978065,
  "per_position_alpha": [
    0.7043868394815553,
    0.8959660297239915,
    0.906003159557662,
    0.9267654751525719,
    0.929444967074318
  ],
  "per_prompt_alpha": [
    0.7333333333333333,
    0.76875,
    0.6971428571428572,
    0.8,
    0.7636363636363637,
    0.76875,
    0.6857142857142857,
    0.9357142857142857,
    0.6722222222222223,
    0.6722222222222223,
    0.8689655172413793,
    0.38545454545454544,
    0.76875,
    0.5130434782608696,
    0.75625,
    0.86,
    0.7515151515151515,
    0.8064516129032258,
    0.4791666666666667,
    0.6378378378378379,
    0.5302325581395348,
    0.7142857142857143,
    0.654054054054054,
    0.7515151515151515,
    0.4723404255319149,
    0.7333333333333333,
    0.6,
    0.6368421052631579,
    0.37407407407407406,
    0.4625,
    0.8,
    0.9,
    0.5136363636363637,
    0.5395348837209303,
    0.41923076923076924,
    0.585,
    0.7235294117647059,
    0.475,
    0.6102564102564103,
    0.39622641509433965,
    0.585,
    0.34576271186440677,
    0.6,
    0.5022222222222222,
    0.6432432432432432,
    0.3142857142857143,
    0.4530612244897959,
    0.4153846153846154,
    0.49333333333333335,
    0.4075471698113208
  ],
  "num_prompts": 50,
  "total_tokens_generated": 6470,
  "draft_k": 5,
  "max_new_tokens": 128,
  "target_model": "meta-llama/Llama-3.1-8B-Instruct",
  "draft_model": "meta-llama/Llama-3.2-1B-Instruct",
  "adapter_path": "results/exp_dpo/baseline/final",
  "domain": "code",
  "seed": 42
}