{
  "alpha": 0.38283418553688825,
  "alpha_std": 0.10298547893762589,
  "mean_accepted_length": 1.9141709276844412,
  "per_position_alpha": [
    0.5471146822498174,
    0.8210947930574098,
    0.8203252032520325,
    0.8126858275520317,
    0.8341463414634146
  ],
  "per_prompt_alpha": [
    0.2236842105263158,
    0.3096774193548387,
    0.46382978723404256,
    0.4188679245283019,
    0.40384615384615385,
    0.5609756097560976,
    0.48695652173913045,
    0.2852941176470588,
    0.6368421052631579,
    0.5348837209302325,
    0.34,
    0.4826086956521739,
    0.5658536585365853,
    0.39636363636363636,
    0.40370370370370373,
    0.32459016393442625,
    0.32666666666666666,
    0.39615384615384613,
    0.2818181818181818,
    0.26285714285714284,
    0.3927272727272727,
    0.5523809523809524,
    0.5136363636363637,
    0.3423728813559322,
    0.38545454545454544,
    0.448,
    0.6368421052631579,
    0.44,
    0.4489795918367347,
    0.4808510638297872,
    0.24383561643835616,
    0.32131147540983607,
    0.4723404255319149,
    0.29393939393939394,
    0.2714285714285714,
    0.36428571428571427,
    0.4595744680851064,
    0.5255813953488372,
    0.30625,
    0.2909090909090909,
    0.2542857142857143,
    0.30625,
    0.35789473684210527,
    0.5255813953488372,
    0.34915254237288135,
    0.428,
    0.40384615384615385,
    0.39622641509433965,
    0.30625,
    0.4
  ],
  "num_prompts": 50,
  "total_tokens_generated": 6481,
  "draft_k": 5,
  "max_new_tokens": 128,
  "target_model": "meta-llama/Llama-3.1-8B-Instruct",
  "draft_model": "meta-llama/Llama-3.2-1B-Instruct",
  "adapter_path": "results/exp_dpo/specaware_lam0.1/final",
  "domain": "chat",
  "seed": 42
}