{
  "alpha": 0.41059907834101383,
  "alpha_std": 0.07775206863880157,
  "mean_accepted_length": 2.052995391705069,
  "per_position_alpha": [
    0.5691244239631337,
    0.8171390013495277,
    0.856317093311313,
    0.840887174541948,
    0.8532110091743119
  ],
  "per_prompt_alpha": [
    0.33114754098360655,
    0.436,
    0.5658536585365853,
    0.3508771929824561,
    0.42745098039215684,
    0.4115384615384615,
    0.4075471698113208,
    0.39636363636363636,
    0.49777777777777776,
    0.28484848484848485,
    0.5022222222222222,
    0.35172413793103446,
    0.5155555555555555,
    0.4723404255319149,
    0.58,
    0.5523809523809524,
    0.41132075471698115,
    0.2746268656716418,
    0.3543859649122807,
    0.4,
    0.4723404255319149,
    0.3389830508474576,
    0.3886792452830189,
    0.36140350877192984,
    0.5045454545454545,
    0.49777777777777776,
    0.46808510638297873,
    0.509090909090909,
    0.509090909090909,
    0.24594594594594596,
    0.3678571428571429,
    0.39622641509433965,
    0.444,
    0.432,
    0.4583333333333333,
    0.47391304347826085,
    0.41568627450980394,
    0.3543859649122807,
    0.45416666666666666,
    0.3333333333333333,
    0.4583333333333333,
    0.3344262295081967,
    0.35517241379310344,
    0.4,
    0.3719298245614035,
    0.5488372093023256,
    0.509090909090909,
    0.3482758620689655,
    0.3890909090909091,
    0.38181818181818183
  ],
  "num_prompts": 50,
  "total_tokens_generated": 6468,
  "draft_k": 5,
  "max_new_tokens": 128,
  "target_model": "meta-llama/Llama-3.1-8B-Instruct",
  "draft_model": "meta-llama/Llama-3.2-1B-Instruct",
  "adapter_path": "results/exp_dpo/specaware_lam0.5/final",
  "domain": "medical",
  "seed": 42
}