{
  "alpha": 0.40867562380038386,
  "alpha_std": 0.10052653402090073,
  "mean_accepted_length": 2.0433781190019196,
  "per_position_alpha": [
    0.563147792706334,
    0.8268575323790047,
    0.8656224237427865,
    0.820952380952381,
    0.8480278422273781
  ],
  "per_prompt_alpha": [
    0.37142857142857144,
    0.3719298245614035,
    0.33559322033898303,
    0.4489795918367347,
    0.42745098039215684,
    0.4115384615384615,
    0.25277777777777777,
    0.3892857142857143,
    0.5136363636363637,
    0.28615384615384615,
    0.3814814814814815,
    0.6611111111111111,
    0.436,
    0.475,
    0.49777777777777776,
    0.5523809523809524,
    0.41132075471698115,
    0.3114754098360656,
    0.3543859649122807,
    0.32131147540983607,
    0.4235294117647059,
    0.3886792452830189,
    0.3180327868852459,
    0.33793103448275863,
    0.4652173913043478,
    0.4888888888888889,
    0.509090909090909,
    0.5255813953488372,
    0.4723404255319149,
    0.4076923076923077,
    0.3586206896551724,
    0.3851851851851852,
    0.4448979591836735,
    0.509090909090909,
    0.5136363636363637,
    0.4196078431372549,
    0.3678571428571429,
    0.296875,
    0.432,
    0.3333333333333333,
    0.3927272727272727,
    0.8266666666666667,
    0.33666666666666667,
    0.4,
    0.46122448979591835,
    0.5181818181818182,
    0.5045454545454545,
    0.48695652173913045,
    0.2865671641791045,
    0.3423728813559322
  ],
  "num_prompts": 50,
  "total_tokens_generated": 6461,
  "draft_k": 5,
  "max_new_tokens": 128,
  "target_model": "meta-llama/Llama-3.1-8B-Instruct",
  "draft_model": "meta-llama/Llama-3.2-1B-Instruct",
  "adapter_path": "results/exp_dpo/specaware_lam0.1/final",
  "domain": "medical",
  "seed": 42
}