{
  "alpha": 0.5884173739390913,
  "alpha_std": 0.15612180531024933,
  "mean_accepted_length": 2.9420868696954567,
  "per_position_alpha": [
    0.7074388417373939,
    0.9019054340155258,
    0.9006259780907668,
    0.9200695047784535,
    0.9329556185080264
  ],
  "per_prompt_alpha": [
    0.7352941176470589,
    0.775,
    0.7575757575757576,
    0.8533333333333334,
    0.7636363636363637,
    0.76875,
    0.6857142857142857,
    0.9357142857142857,
    0.6722222222222223,
    0.6722222222222223,
    0.8689655172413793,
    0.3821428571428571,
    0.6857142857142857,
    0.5181818181818182,
    0.75625,
    0.86,
    0.7515151515151515,
    0.8064516129032258,
    0.5136363636363637,
    0.5255813953488372,
    0.5302325581395348,
    0.7142857142857143,
    0.6210526315789474,
    0.7515151515151515,
    0.4723404255319149,
    0.7515151515151515,
    0.6666666666666666,
    0.6722222222222223,
    0.303125,
    0.5136363636363637,
    0.7625,
    0.86,
    0.448,
    0.5948717948717949,
    0.4153846153846154,
    0.5348837209302325,
    0.7235294117647059,
    0.4851063829787234,
    0.6102564102564103,
    0.39622641509433965,
    0.585,
    0.475,
    0.6,
    0.5043478260869565,
    0.5707317073170731,
    0.40384615384615385,
    0.4530612244897959,
    0.4153846153846154,
    0.41923076923076924,
    0.452
  ],
  "num_prompts": 50,
  "total_tokens_generated": 6479,
  "draft_k": 5,
  "max_new_tokens": 128,
  "target_model": "meta-llama/Llama-3.1-8B-Instruct",
  "draft_model": "meta-llama/Llama-3.2-1B-Instruct",
  "adapter_path": "results/exp_dpo/specaware_lam0.5/final",
  "domain": "code",
  "seed": 42
}