{
  "alpha": 0.3671164772727273,
  "alpha_std": 0.09661418199539185,
  "mean_accepted_length": 1.8355823863636365,
  "per_position_alpha": [
    0.5379971590909091,
    0.7966996699669967,
    0.8169014084507042,
    0.8133874239350912,
    0.8216957605985037
  ],
  "per_prompt_alpha": [
    0.22666666666666666,
    0.3096774193548387,
    0.43673469387755104,
    0.35172413793103446,
    0.2735294117647059,
    0.4808510638297872,
    0.38181818181818183,
    0.2647887323943662,
    0.6157894736842106,
    0.32786885245901637,
    0.25753424657534246,
    0.5181818181818182,
    0.585,
    0.3781818181818182,
    0.3333333333333333,
    0.32131147540983607,
    0.2835820895522388,
    0.3254237288135593,
    0.30158730158730157,
    0.3719298245614035,
    0.41923076923076924,
    0.37454545454545457,
    0.5136363636363637,
    0.3448275862068966,
    0.3607142857142857,
    0.39622641509433965,
    0.6210526315789474,
    0.5302325581395348,
    0.3161290322580645,
    0.4808510638297872,
    0.3046153846153846,
    0.30158730158730157,
    0.4723404255319149,
    0.28405797101449276,
    0.3377049180327869,
    0.36428571428571427,
    0.4826086956521739,
    0.5181818181818182,
    0.27647058823529413,
    0.2818181818181818,
    0.3559322033898305,
    0.30625,
    0.37857142857142856,
    0.5111111111111111,
    0.3684210526315789,
    0.38545454545454544,
    0.33220338983050846,
    0.30793650793650795,
    0.4235294117647059,
    0.41568627450980394
  ],
  "num_prompts": 50,
  "total_tokens_generated": 6470,
  "draft_k": 5,
  "max_new_tokens": 128,
  "target_model": "meta-llama/Llama-3.1-8B-Instruct",
  "draft_model": "meta-llama/Llama-3.2-1B-Instruct",
  "adapter_path": "results/exp_dpo/specaware_lam0.5/final",
  "domain": "chat",
  "seed": 42
}