{
  "alpha": 0.5847761194029851,
  "alpha_std": 0.15939350426197052,
  "mean_accepted_length": 2.9238805970149255,
  "per_position_alpha": [
    0.7049751243781095,
    0.8969654199011997,
    0.898505114083399,
    0.9299474605954466,
    0.9274952919020716
  ],
  "per_prompt_alpha": [
    0.7333333333333333,
    0.76875,
    0.6971428571428572,
    0.8,
    0.7636363636363637,
    0.76875,
    0.6857142857142857,
    0.9357142857142857,
    0.6722222222222223,
    0.6722222222222223,
    0.8689655172413793,
    0.38545454545454544,
    0.6857142857142857,
    0.5853658536585366,
    0.75625,
    0.86,
    0.7515151515151515,
    0.8064516129032258,
    0.5181818181818182,
    0.5380952380952381,
    0.5302325581395348,
    0.7142857142857143,
    0.6702702702702703,
    0.7515151515151515,
    0.4723404255319149,
    0.7333333333333333,
    0.6,
    0.6368421052631579,
    0.3161290322580645,
    0.4708333333333333,
    0.7625,
    0.9629629629629629,
    0.5136363636363637,
    0.5136363636363637,
    0.4153846153846154,
    0.4583333333333333,
    0.7235294117647059,
    0.475,
    0.6102564102564103,
    0.39622641509433965,
    0.585,
    0.38545454545454544,
    0.6,
    0.5022222222222222,
    0.6421052631578947,
    0.37857142857142856,
    0.4530612244897959,
    0.4153846153846154,
    0.509090909090909,
    0.4115384615384615
  ],
  "num_prompts": 50,
  "total_tokens_generated": 6470,
  "draft_k": 5,
  "max_new_tokens": 128,
  "target_model": "meta-llama/Llama-3.1-8B-Instruct",
  "draft_model": "meta-llama/Llama-3.2-1B-Instruct",
  "adapter_path": "results/exp_dpo/specaware_lam0.1/final",
  "domain": "code",
  "seed": 42
}