{
  "alpha": 0.26354437698756866,
  "alpha_std": 0.0755220353603363,
  "mean_accepted_length": 1.3177218849378434,
  "per_position_alpha": [
    0.45099739809193407,
    0.7102564102564103,
    0.7418772563176895,
    0.718978102189781,
    0.8071065989847716
  ],
  "per_prompt_alpha": [
    0.232,
    0.16551724137931034,
    0.28923076923076924,
    0.23835616438356164,
    0.3586206896551724,
    0.28484848484848485,
    0.26176470588235295,
    0.2923076923076923,
    0.35517241379310344,
    0.2028169014084507,
    0.17272727272727273,
    0.3925925925925926,
    0.4076923076923077,
    0.24324324324324326,
    0.2563380281690141,
    0.32903225806451614,
    0.23835616438356164,
    0.23733333333333334,
    0.1880952380952381,
    0.21518987341772153,
    0.18372093023255814,
    0.21038961038961038,
    0.25205479452054796,
    0.31290322580645163,
    0.14945054945054945,
    0.21298701298701297,
    0.2075,
    0.23835616438356164,
    0.3709090909090909,
    0.2356164383561644,
    0.32666666666666666,
    0.1975609756097561,
    0.22857142857142856,
    0.24166666666666667,
    0.30625,
    0.1744186046511628,
    0.436,
    0.3111111111111111,
    0.2818181818181818,
    0.22432432432432434,
    0.3888888888888889,
    0.2571428571428571,
    0.4076923076923077,
    0.37454545454545457,
    0.27058823529411763,
    0.432,
    0.21818181818181817,
    0.26,
    0.38571428571428573,
    0.2823529411764706
  ],
  "num_prompts": 50,
  "total_tokens_generated": 6457,
  "draft_k": 5,
  "max_new_tokens": 128,
  "target_model": "meta-llama/Llama-3.1-8B-Instruct",
  "draft_model": "meta-llama/Llama-3.2-1B-Instruct",
  "adapter_path": "results/exp4_llama/chat_lam_0.05/final",
  "domain": "chat",
  "seed": 42
}