{
  "num_prompts": 50,
  "avg_seq_len": 45.78,
  "kl_mean": 1.0478124618530273,
  "kl_std": 0.3231605589389801,
  "kl_per_prompt": [
    1.6171875,
    2.046875,
    1.4453125,
    0.98046875,
    1.2421875,
    1.296875,
    1.28125,
    1.375,
    1.2421875,
    1.4765625,
    1.296875,
    1.453125,
    0.94921875,
    1.5546875,
    1.3671875,
    0.9296875,
    1.4140625,
    1.109375,
    1.6640625,
    1.453125,
    0.921875,
    0.8671875,
    1.171875,
    0.9140625,
    0.8828125,
    0.875,
    0.6875,
    0.96484375,
    0.78125,
    0.92578125,
    0.83203125,
    1.0546875,
    1.046875,
    0.86328125,
    0.91796875,
    0.8515625,
    0.97265625,
    0.73828125,
    0.828125,
    0.87890625,
    0.69140625,
    0.96875,
    0.77734375,
    0.83984375,
    0.734375,
    0.7109375,
    0.65234375,
    0.60546875,
    0.58984375,
    0.6484375
  ],
  "js_mean": 0.14084960520267487,
  "js_std": 0.0289816502481699,
  "js_per_prompt": [
    0.1904296875,
    0.2451171875,
    0.1689453125,
    0.119140625,
    0.1455078125,
    0.158203125,
    0.1416015625,
    0.1708984375,
    0.1552734375,
    0.1806640625,
    0.169921875,
    0.1474609375,
    0.11376953125,
    0.185546875,
    0.1611328125,
    0.1123046875,
    0.1591796875,
    0.123046875,
    0.18359375,
    0.1845703125,
    0.14453125,
    0.1376953125,
    0.16015625,
    0.1416015625,
    0.1298828125,
    0.125,
    0.095703125,
    0.1298828125,
    0.11083984375,
    0.1376953125,
    0.11474609375,
    0.150390625,
    0.1572265625,
    0.138671875,
    0.1337890625,
    0.1259765625,
    0.142578125,
    0.1083984375,
    0.126953125,
    0.1396484375,
    0.11572265625,
    0.146484375,
    0.125,
    0.140625,
    0.1240234375,
    0.10888671875,
    0.10302734375,
    0.10498046875,
    0.095703125,
    0.1103515625
  ],
  "tv_mean": 0.35203126072883606,
  "tv_std": 0.04793192073702812,
  "tv_per_prompt": [
    0.40234375,
    0.515625,
    0.384765625,
    0.337890625,
    0.345703125,
    0.376953125,
    0.33203125,
    0.40625,
    0.359375,
    0.4296875,
    0.369140625,
    0.34765625,
    0.296875,
    0.435546875,
    0.376953125,
    0.29296875,
    0.388671875,
    0.31640625,
    0.42578125,
    0.4453125,
    0.375,
    0.341796875,
    0.388671875,
    0.37109375,
    0.34375,
    0.3359375,
    0.27734375,
    0.33203125,
    0.3046875,
    0.359375,
    0.3125,
    0.357421875,
    0.37890625,
    0.357421875,
    0.3515625,
    0.328125,
    0.365234375,
    0.29296875,
    0.3203125,
    0.33984375,
    0.3359375,
    0.361328125,
    0.333984375,
    0.376953125,
    0.306640625,
    0.302734375,
    0.28125,
    0.3125,
    0.265625,
    0.3046875
  ],
  "target_model": "meta-llama/Llama-3.1-8B-Instruct",
  "draft_model": "meta-llama/Llama-3.2-1B-Instruct",
  "adapter_path": "results/exp4_llama/chat_lam_0.05/final",
  "domain": "chat",
  "divergence_types": [
    "kl",
    "js",
    "tv"
  ],
  "max_seq_len": 512,
  "seed": 42
}