{
  "alpha": 0.29411764705882354,
  "alpha_std": 0.08405814319849014,
  "mean_accepted_length": 1.4705882352941178,
  "per_position_alpha": [
    0.47859562673236833,
    0.7464607464607464,
    0.7586206896551724,
    0.7556818181818182,
    0.7759398496240602
  ],
  "per_prompt_alpha": [
    0.32459016393442625,
    0.2676470588235294,
    0.2787878787878788,
    0.1811764705882353,
    0.34576271186440677,
    0.23783783783783785,
    0.26176470588235295,
    0.48,
    0.41132075471698115,
    0.3448275862068966,
    0.22857142857142856,
    0.4851063829787234,
    0.3413793103448276,
    0.31475409836065577,
    0.3193548387096774,
    0.3466666666666667,
    0.3047619047619048,
    0.26571428571428574,
    0.27575757575757576,
    0.22597402597402597,
    0.2647887323943662,
    0.3142857142857143,
    0.3890909090909091,
    0.1975609756097561,
    0.23157894736842105,
    0.28923076923076924,
    0.28923076923076924,
    0.35517241379310344,
    0.33666666666666667,
    0.2676470588235294,
    0.4448979591836735,
    0.3709090909090909,
    0.36140350877192984,
    0.24722222222222223,
    0.21012658227848102,
    0.20506329113924052,
    0.23116883116883116,
    0.2535211267605634,
    0.27761194029850744,
    0.20246913580246914,
    0.43137254901960786,
    0.36428571428571427,
    0.4076923076923077,
    0.3225806451612903,
    0.2875,
    0.2131578947368421,
    0.21,
    0.2909090909090909,
    0.5804878048780487,
    0.2535211267605634
  ],
  "num_prompts": 50,
  "total_tokens_generated": 6468,
  "draft_k": 5,
  "max_new_tokens": 128,
  "target_model": "meta-llama/Llama-3.1-8B-Instruct",
  "draft_model": "meta-llama/Llama-3.2-1B-Instruct",
  "adapter_path": "results/exp4_llama/chat_lam_0.2/final",
  "domain": "chat",
  "seed": 42
}