{
  "num_prompts": 50,
  "avg_seq_len": 45.78,
  "kl_mean": 0.7202734351158142,
  "kl_std": 0.18437330424785614,
  "kl_per_prompt": [
    1.1328125,
    1.328125,
    0.875,
    0.609375,
    0.7734375,
    0.78515625,
    0.765625,
    0.9765625,
    0.8125,
    0.98828125,
    0.90234375,
    0.87890625,
    0.59375,
    0.9765625,
    0.8203125,
    0.55078125,
    0.921875,
    0.6953125,
    1.0859375,
    0.91015625,
    0.67578125,
    0.671875,
    0.8359375,
    0.68359375,
    0.63671875,
    0.62109375,
    0.48828125,
    0.69140625,
    0.54296875,
    0.64453125,
    0.609375,
    0.79296875,
    0.74609375,
    0.6328125,
    0.671875,
    0.59375,
    0.68359375,
    0.53125,
    0.61328125,
    0.64453125,
    0.5390625,
    0.734375,
    0.60546875,
    0.65625,
    0.6015625,
    0.546875,
    0.49609375,
    0.470703125,
    0.470703125,
    0.498046875
  ],
  "js_mean": 0.11536132544279099,
  "js_std": 0.02211817353963852,
  "js_per_prompt": [
    0.1591796875,
    0.1943359375,
    0.125,
    0.0947265625,
    0.11474609375,
    0.12255859375,
    0.10595703125,
    0.1435546875,
    0.1259765625,
    0.1435546875,
    0.14453125,
    0.11376953125,
    0.09033203125,
    0.14453125,
    0.11962890625,
    0.087890625,
    0.1259765625,
    0.09521484375,
    0.1494140625,
    0.1455078125,
    0.12451171875,
    0.1201171875,
    0.1298828125,
    0.12060546875,
    0.10888671875,
    0.103515625,
    0.07861328125,
    0.10595703125,
    0.09033203125,
    0.1103515625,
    0.09765625,
    0.1279296875,
    0.12890625,
    0.1181640625,
    0.111328125,
    0.10107421875,
    0.1171875,
    0.09228515625,
    0.10888671875,
    0.1171875,
    0.099609375,
    0.1220703125,
    0.107421875,
    0.11962890625,
    0.109375,
    0.09326171875,
    0.0869140625,
    0.0908203125,
    0.0849609375,
    0.09423828125
  ],
  "tv_mean": 0.31953126192092896,
  "tv_std": 0.041160572320222855,
  "tv_per_prompt": [
    0.369140625,
    0.45703125,
    0.330078125,
    0.310546875,
    0.310546875,
    0.3359375,
    0.2890625,
    0.376953125,
    0.326171875,
    0.37890625,
    0.33984375,
    0.306640625,
    0.26953125,
    0.390625,
    0.3203125,
    0.259765625,
    0.349609375,
    0.279296875,
    0.3828125,
    0.392578125,
    0.3515625,
    0.318359375,
    0.34765625,
    0.345703125,
    0.314453125,
    0.3046875,
    0.25390625,
    0.294921875,
    0.275390625,
    0.326171875,
    0.287109375,
    0.328125,
    0.34375,
    0.326171875,
    0.3203125,
    0.296875,
    0.3359375,
    0.271484375,
    0.296875,
    0.3125,
    0.3125,
    0.33203125,
    0.306640625,
    0.349609375,
    0.287109375,
    0.279296875,
    0.26171875,
    0.291015625,
    0.248046875,
    0.28125
  ],
  "target_model": "meta-llama/Llama-3.1-8B-Instruct",
  "draft_model": "meta-llama/Llama-3.2-1B-Instruct",
  "adapter_path": "results/exp4_llama/chat_lam_0.2/final",
  "domain": "chat",
  "divergence_types": [
    "kl",
    "js",
    "tv"
  ],
  "max_seq_len": 512,
  "seed": 42
}