{
  "argmax_agreement": 0.6547565877623939,
  "argmax_agreement_std": 0.09430090337991714,
  "top5_overlap": 0.6320871875793524,
  "top5_overlap_std": 0.03666975349187851,
  "per_prompt_agreement": [
    0.5714285714285714,
    0.3684210526315789,
    0.6111111111111112,
    0.7727272727272727,
    0.6666666666666666,
    0.6470588235294118,
    0.6111111111111112,
    0.6086956521739131,
    0.7,
    0.6666666666666666,
    0.7083333333333334,
    0.6153846153846154,
    0.75,
    0.4375,
    0.5555555555555556,
    0.8095238095238095,
    0.7222222222222222,
    0.7727272727272727,
    0.6875,
    0.375,
    0.5686274509803921,
    0.6792452830188679,
    0.575,
    0.5918367346938775,
    0.5813953488372093,
    0.6666666666666666,
    0.7758620689655172,
    0.6666666666666666,
    0.6888888888888889,
    0.5434782608695652,
    0.7333333333333333,
    0.6170212765957447,
    0.6136363636363636,
    0.6041666666666666,
    0.7647058823529411,
    0.5952380952380952,
    0.5405405405405406,
    0.7142857142857143,
    0.7346938775510204,
    0.6521739130434783,
    0.5714285714285714,
    0.6352941176470588,
    0.6547619047619048,
    0.5875,
    0.693069306930693,
    0.7127659574468085,
    0.7391304347826086,
    0.6176470588235294,
    0.7526881720430108,
    0.6767676767676768
  ],
  "per_prompt_top5_overlap": [
    0.5333333333333333,
    0.6105263157894737,
    0.5666666666666668,
    0.6818181818181819,
    0.6111111111111112,
    0.6235294117647059,
    0.6888888888888889,
    0.591304347826087,
    0.5800000000000001,
    0.6,
    0.5750000000000001,
    0.7076923076923076,
    0.6833333333333335,
    0.6,
    0.6444444444444444,
    0.6380952380952382,
    0.6444444444444445,
    0.6545454545454547,
    0.5999999999999999,
    0.575,
    0.6352941176470591,
    0.5924528301886794,
    0.6300000000000003,
    0.6204081632653063,
    0.6697674418604653,
    0.666666666666667,
    0.6655172413793102,
    0.6416666666666669,
    0.6488888888888892,
    0.6913043478260871,
    0.6666666666666669,
    0.6000000000000001,
    0.6000000000000004,
    0.6250000000000003,
    0.6274509803921572,
    0.6523809523809526,
    0.6270270270270272,
    0.6693877551020411,
    0.6408163265306126,
    0.6043478260869567,
    0.6285714285714287,
    0.6423529411764705,
    0.6095238095238096,
    0.6499999999999998,
    0.6,
    0.6574468085106383,
    0.6673913043478259,
    0.6470588235294116,
    0.6344086021505373,
    0.6828282828282823
  ],
  "num_prompts": 50,
  "total_positions": 2239,
  "target_model": "meta-llama/Llama-3.1-8B-Instruct",
  "draft_model": "meta-llama/Llama-3.2-1B-Instruct",
  "adapter_path": "results/exp1_llama/baseline_chat/final",
  "domain": "chat",
  "seed": 42
}