{
  "argmax_agreement": 0.7012058954890577,
  "argmax_agreement_std": 0.08750485628843307,
  "top5_overlap": 0.7018182130322428,
  "top5_overlap_std": 0.041969239711761475,
  "per_prompt_agreement": [
    0.5714285714285714,
    0.42105263157894735,
    0.6111111111111112,
    0.7272727272727273,
    0.6111111111111112,
    0.6470588235294118,
    0.7222222222222222,
    0.6521739130434783,
    0.65,
    0.6666666666666666,
    0.6666666666666666,
    0.6923076923076923,
    0.75,
    0.5,
    0.6666666666666666,
    0.8571428571428571,
    0.7222222222222222,
    0.8636363636363636,
    0.6875,
    0.5,
    0.6274509803921569,
    0.7358490566037735,
    0.675,
    0.673469387755102,
    0.6046511627906976,
    0.7380952380952381,
    0.8103448275862069,
    0.75,
    0.7555555555555555,
    0.6086956521739131,
    0.7333333333333333,
    0.5957446808510638,
    0.6818181818181818,
    0.6875,
    0.803921568627451,
    0.6904761904761905,
    0.5945945945945946,
    0.7755102040816326,
    0.7755102040816326,
    0.6956521739130435,
    0.5714285714285714,
    0.6941176470588235,
    0.7142857142857143,
    0.6875,
    0.7425742574257426,
    0.7553191489361702,
    0.7934782608695652,
    0.6764705882352942,
    0.7741935483870968,
    0.7171717171717171
  ],
  "per_prompt_top5_overlap": [
    0.6571428571428571,
    0.6947368421052631,
    0.6666666666666666,
    0.7363636363636363,
    0.7111111111111111,
    0.6823529411764706,
    0.7777777777777779,
    0.6434782608695653,
    0.6500000000000001,
    0.7523809523809525,
    0.6083333333333335,
    0.7846153846153847,
    0.7416666666666668,
    0.7625000000000001,
    0.7555555555555555,
    0.6952380952380953,
    0.7555555555555558,
    0.690909090909091,
    0.6875,
    0.625,
    0.7058823529411768,
    0.649056603773585,
    0.7050000000000001,
    0.6816326530612248,
    0.7488372093023258,
    0.7523809523809529,
    0.7241379310344827,
    0.7083333333333335,
    0.6933333333333337,
    0.7869565217391303,
    0.724444444444445,
    0.663829787234043,
    0.6545454545454548,
    0.6875000000000003,
    0.682352941176471,
    0.747619047619048,
    0.7189189189189192,
    0.7428571428571431,
    0.6938775510204083,
    0.6608695652173915,
    0.6659340659340658,
    0.7035294117647057,
    0.6571428571428571,
    0.6949999999999996,
    0.6613861386138613,
    0.7212765957446806,
    0.6978260869565213,
    0.6941176470588232,
    0.6602150537634405,
    0.7232323232323228
  ],
  "num_prompts": 50,
  "total_positions": 2239,
  "target_model": "meta-llama/Llama-3.1-8B-Instruct",
  "draft_model": "meta-llama/Llama-3.2-1B-Instruct",
  "adapter_path": "results/exp4_llama/chat_lam_0.5/final",
  "domain": "chat",
  "seed": 42
}