{
  "argmax_agreement": 0.6770879857079053,
  "argmax_agreement_std": 0.0797976478934288,
  "top5_overlap": 0.6626014168239064,
  "top5_overlap_std": 0.041751209646463394,
  "per_prompt_agreement": [
    0.5238095238095238,
    0.5263157894736842,
    0.6111111111111112,
    0.7727272727272727,
    0.6666666666666666,
    0.6470588235294118,
    0.6666666666666666,
    0.6521739130434783,
    0.7,
    0.5714285714285714,
    0.625,
    0.7692307692307693,
    0.7916666666666666,
    0.5,
    0.6666666666666666,
    0.6190476190476191,
    0.6111111111111112,
    0.7727272727272727,
    0.75,
    0.4375,
    0.6078431372549019,
    0.6981132075471698,
    0.675,
    0.5918367346938775,
    0.5813953488372093,
    0.7142857142857143,
    0.7586206896551724,
    0.6875,
    0.7777777777777778,
    0.5869565217391305,
    0.7111111111111111,
    0.6382978723404256,
    0.6818181818181818,
    0.75,
    0.7254901960784313,
    0.6428571428571429,
    0.5945945945945946,
    0.7346938775510204,
    0.7959183673469388,
    0.6304347826086957,
    0.5934065934065934,
    0.6470588235294118,
    0.6547619047619048,
    0.6375,
    0.7029702970297029,
    0.7127659574468085,
    0.7608695652173914,
    0.6862745098039216,
    0.7419354838709677,
    0.696969696969697
  ],
  "per_prompt_top5_overlap": [
    0.6000000000000001,
    0.6210526315789472,
    0.6888888888888889,
    0.6818181818181818,
    0.6444444444444444,
    0.6117647058823531,
    0.6888888888888889,
    0.5652173913043479,
    0.64,
    0.6761904761904761,
    0.5833333333333334,
    0.7230769230769231,
    0.7333333333333334,
    0.7000000000000001,
    0.7222222222222222,
    0.6857142857142857,
    0.7444444444444445,
    0.6090909090909092,
    0.6,
    0.6375,
    0.666666666666667,
    0.6037735849056607,
    0.6650000000000003,
    0.6326530612244899,
    0.7023255813953492,
    0.6761904761904765,
    0.6827586206896553,
    0.6791666666666668,
    0.6222222222222226,
    0.7130434782608698,
    0.6933333333333336,
    0.6340425531914897,
    0.6363636363636366,
    0.6750000000000003,
    0.6823529411764709,
    0.7047619047619051,
    0.6972972972972975,
    0.7265306122448981,
    0.685714285714286,
    0.6391304347826087,
    0.6505494505494505,
    0.6517647058823528,
    0.6261904761904763,
    0.6574999999999995,
    0.6019801980198021,
    0.6936170212765956,
    0.6673913043478257,
    0.6784313725490192,
    0.6344086021505375,
    0.6929292929292924
  ],
  "num_prompts": 50,
  "total_positions": 2239,
  "target_model": "meta-llama/Llama-3.1-8B-Instruct",
  "draft_model": "meta-llama/Llama-3.2-1B-Instruct",
  "adapter_path": null,
  "domain": "chat",
  "seed": 42
}