{
  "argmax_agreement": 0.7576379388964888,
  "argmax_agreement_std": 0.0842793732881546,
  "top5_overlap": 0.6618185177650042,
  "top5_overlap_std": 0.028096340596675873,
  "per_prompt_agreement": [
    0.8,
    0.6190476190476191,
    0.896551724137931,
    0.8260869565217391,
    0.8823529411764706,
    0.7027027027027027,
    0.8095238095238095,
    0.8518518518518519,
    0.9615384615384616,
    0.8518518518518519,
    0.9,
    0.7441860465116279,
    0.7241379310344828,
    0.7647058823529411,
    0.8518518518518519,
    0.8571428571428571,
    0.6129032258064516,
    0.8666666666666667,
    0.7714285714285715,
    0.8620689655172413,
    0.7887323943661971,
    0.6964285714285714,
    0.6511627906976745,
    0.9024390243902439,
    0.6923076923076923,
    0.8444444444444444,
    0.6853932584269663,
    0.7402597402597403,
    0.8741258741258742,
    0.7564102564102564,
    0.8547008547008547,
    0.7701149425287356,
    0.6716417910447762,
    0.7989130434782609,
    0.7014925373134329,
    0.7402597402597403,
    0.6231884057971014,
    0.7837837837837838,
    0.7111111111111111,
    0.7202797202797203,
    0.7386363636363636,
    0.7892376681614349,
    0.7243589743589743,
    0.7872340425531915,
    0.71875,
    0.8445378151260504,
    0.6940298507462687,
    0.6538461538461539,
    0.717741935483871,
    0.6864406779661016
  ],
  "per_prompt_top5_overlap": [
    0.68,
    0.6476190476190476,
    0.7172413793103449,
    0.6869565217391306,
    0.6764705882352945,
    0.6108108108108109,
    0.6857142857142858,
    0.7037037037037038,
    0.6769230769230771,
    0.6814814814814817,
    0.6466666666666667,
    0.6558139534883725,
    0.6758620689655173,
    0.647058823529412,
    0.7111111111111114,
    0.6642857142857144,
    0.6838709677419357,
    0.646666666666667,
    0.7200000000000002,
    0.6482758620689657,
    0.6563380281690138,
    0.6321428571428573,
    0.6372093023255817,
    0.7073170731707314,
    0.6246153846153847,
    0.684444444444444,
    0.6808988764044941,
    0.6623376623376621,
    0.6433566433566427,
    0.6102564102564101,
    0.6803418803418798,
    0.6252873563218388,
    0.6955223880597015,
    0.6804347826086944,
    0.6268656716417907,
    0.6753246753246753,
    0.6608695652173914,
    0.6522522522522518,
    0.6511111111111105,
    0.6475524475524466,
    0.6397727272727263,
    0.644843049327353,
    0.666666666666666,
    0.6691489361702117,
    0.6614583333333323,
    0.66890756302521,
    0.6641791044776114,
    0.6096153846153839,
    0.665322580645161,
    0.5999999999999994
  ],
  "num_prompts": 50,
  "total_positions": 4386,
  "target_model": "meta-llama/Llama-3.1-8B-Instruct",
  "draft_model": "meta-llama/Llama-3.2-1B-Instruct",
  "adapter_path": "results/exp1_llama/baseline_code/final",
  "domain": "code",
  "seed": 42
}