{
  "argmax_agreement": 0.7699498404012768,
  "argmax_agreement_std": 0.0938253104686737,
  "top5_overlap": 0.6818813433452472,
  "top5_overlap_std": 0.03552526235580444,
  "per_prompt_agreement": [
    0.85,
    0.8095238095238095,
    0.9310344827586207,
    0.8695652173913043,
    0.8823529411764706,
    0.6216216216216216,
    0.8571428571428571,
    0.8148148148148148,
    0.9615384615384616,
    0.8518518518518519,
    0.9,
    0.813953488372093,
    0.8620689655172413,
    0.8235294117647058,
    0.8518518518518519,
    0.8928571428571429,
    0.5161290322580645,
    0.9,
    0.6857142857142857,
    0.8620689655172413,
    0.7746478873239436,
    0.875,
    0.6046511627906976,
    0.8902439024390244,
    0.6923076923076923,
    0.8444444444444444,
    0.7191011235955056,
    0.7922077922077922,
    0.8881118881118881,
    0.8461538461538461,
    0.8461538461538461,
    0.8275862068965517,
    0.7313432835820896,
    0.8315217391304348,
    0.7611940298507462,
    0.7532467532467533,
    0.6231884057971014,
    0.8108108108108109,
    0.7333333333333333,
    0.7272727272727273,
    0.7159090909090909,
    0.7668161434977578,
    0.7564102564102564,
    0.7659574468085106,
    0.7760416666666666,
    0.8403361344537815,
    0.6791044776119403,
    0.6490384615384616,
    0.7217741935483871,
    0.6779661016949152
  ],
  "per_prompt_top5_overlap": [
    0.7300000000000001,
    0.7047619047619049,
    0.737931034482759,
    0.7304347826086959,
    0.6588235294117649,
    0.6756756756756759,
    0.7047619047619049,
    0.7185185185185186,
    0.6846153846153847,
    0.7555555555555556,
    0.6533333333333335,
    0.693023255813954,
    0.703448275862069,
    0.6529411764705885,
    0.7407407407407411,
    0.7142857142857145,
    0.7354838709677418,
    0.6933333333333336,
    0.7371428571428574,
    0.6896551724137933,
    0.6704225352112674,
    0.6642857142857145,
    0.646511627906977,
    0.6707317073170732,
    0.6184615384615384,
    0.6866666666666663,
    0.7168539325842693,
    0.6857142857142856,
    0.6615384615384605,
    0.6102564102564103,
    0.6769230769230765,
    0.6620689655172414,
    0.7074626865671642,
    0.6891304347826073,
    0.6477611940298506,
    0.6909090909090908,
    0.6666666666666666,
    0.7171171171171165,
    0.6622222222222216,
    0.6713286713286701,
    0.6545454545454537,
    0.6690582959641251,
    0.6858974358974351,
    0.678723404255318,
    0.6645833333333323,
    0.6848739495798318,
    0.6567164179104473,
    0.6009615384615375,
    0.6629032258064512,
    0.5983050847457623
  ],
  "num_prompts": 50,
  "total_positions": 4386,
  "target_model": "meta-llama/Llama-3.1-8B-Instruct",
  "draft_model": "meta-llama/Llama-3.2-1B-Instruct",
  "adapter_path": null,
  "domain": "code",
  "seed": 42
}