{
  "argmax_agreement": 0.7895576835385317,
  "argmax_agreement_std": 0.07363985478878021,
  "top5_overlap": 0.7052190420904195,
  "top5_overlap_std": 0.029854683205485344,
  "per_prompt_agreement": [
    0.8,
    0.7619047619047619,
    0.9310344827586207,
    0.8260869565217391,
    0.8823529411764706,
    0.7297297297297297,
    0.9047619047619048,
    0.8888888888888888,
    0.9615384615384616,
    0.8148148148148148,
    0.9,
    0.813953488372093,
    0.7931034482758621,
    0.7941176470588235,
    0.8888888888888888,
    0.9285714285714286,
    0.6774193548387096,
    0.9,
    0.7428571428571429,
    0.896551724137931,
    0.7887323943661971,
    0.7678571428571429,
    0.7209302325581395,
    0.9024390243902439,
    0.7230769230769231,
    0.8333333333333334,
    0.7415730337078652,
    0.7662337662337663,
    0.9230769230769231,
    0.7948717948717948,
    0.8717948717948718,
    0.8160919540229885,
    0.7313432835820896,
    0.8532608695652174,
    0.7761194029850746,
    0.7792207792207793,
    0.6956521739130435,
    0.8198198198198198,
    0.7444444444444445,
    0.7342657342657343,
    0.7784090909090909,
    0.7982062780269058,
    0.7564102564102564,
    0.8085106382978723,
    0.7552083333333334,
    0.8781512605042017,
    0.7313432835820896,
    0.6826923076923077,
    0.7338709677419355,
    0.711864406779661
  ],
  "per_prompt_top5_overlap": [
    0.7200000000000001,
    0.7047619047619049,
    0.7448275862068967,
    0.7304347826086959,
    0.7000000000000002,
    0.6918918918918919,
    0.723809523809524,
    0.7185185185185186,
    0.7153846153846156,
    0.7481481481481483,
    0.6666666666666667,
    0.7255813953488376,
    0.710344827586207,
    0.6705882352941179,
    0.7629629629629633,
    0.7214285714285715,
    0.7161290322580647,
    0.6866666666666669,
    0.805714285714286,
    0.6965517241379311,
    0.6760563380281687,
    0.6964285714285714,
    0.6930232558139539,
    0.7097560975609752,
    0.6799999999999999,
    0.7066666666666663,
    0.7438202247191007,
    0.7168831168831167,
    0.6867132867132857,
    0.6666666666666666,
    0.705982905982905,
    0.6643678160919539,
    0.7462686567164178,
    0.7119565217391294,
    0.7044776119402982,
    0.7220779220779219,
    0.7043478260869565,
    0.7099099099099091,
    0.6933333333333328,
    0.6909090909090894,
    0.6840909090909082,
    0.6923766816143491,
    0.7141025641025635,
    0.7202127659574454,
    0.6947916666666658,
    0.6974789915966386,
    0.704477611940298,
    0.6269230769230763,
    0.7,
    0.6364406779661016
  ],
  "num_prompts": 50,
  "total_positions": 4386,
  "target_model": "meta-llama/Llama-3.1-8B-Instruct",
  "draft_model": "meta-llama/Llama-3.2-1B-Instruct",
  "adapter_path": "results/exp4_llama/code_lam_0.5/final",
  "domain": "code",
  "seed": 42
}