{
  "argmax_agreement": 0.7258805513016845,
  "argmax_agreement_std": 0.10159879922866821,
  "top5_overlap": 0.6631440921350851,
  "top5_overlap_std": 0.044636983424425125,
  "per_prompt_agreement": [
    0.8857142857142857,
    0.7368421052631579,
    0.7894736842105263,
    0.7,
    0.8148148148148148,
    0.3,
    0.75,
    0.8846153846153846,
    0.7352941176470589,
    0.8571428571428571,
    0.6666666666666666,
    0.8695652173913043,
    0.7619047619047619,
    0.6875,
    0.6956521739130435,
    0.7727272727272727,
    0.8076923076923077,
    0.47619047619047616,
    0.7037037037037037,
    0.8823529411764706,
    0.7777777777777778,
    0.717948717948718,
    0.6744186046511628,
    0.8,
    0.6222222222222222,
    0.717948717948718,
    0.6136363636363636,
    0.7049180327868853,
    0.7659574468085106,
    0.7843137254901961,
    0.5909090909090909,
    0.6857142857142857,
    0.7111111111111111,
    0.6666666666666666,
    0.7192982456140351,
    0.6842105263157895,
    0.7910447761194029,
    0.6136363636363636,
    0.6046511627906976,
    0.7714285714285715,
    0.6390977443609023,
    0.7281553398058253,
    0.7368421052631579,
    0.7477477477477478,
    0.7706422018348624,
    0.8125,
    0.7372881355932204,
    0.6833333333333333,
    0.7364341085271318,
    0.7578125
  ],
  "per_prompt_top5_overlap": [
    0.68,
    0.8000000000000002,
    0.6526315789473688,
    0.68,
    0.6666666666666669,
    0.5700000000000001,
    0.7100000000000001,
    0.6461538461538462,
    0.6705882352941179,
    0.7142857142857144,
    0.6476190476190476,
    0.7130434782608697,
    0.6857142857142858,
    0.5937500000000002,
    0.7043478260869567,
    0.6636363636363637,
    0.7384615384615386,
    0.7523809523809525,
    0.7037037037037038,
    0.6823529411764706,
    0.6388888888888887,
    0.6923076923076925,
    0.674418604651163,
    0.7111111111111115,
    0.6400000000000005,
    0.6820512820512823,
    0.7045454545454549,
    0.6262295081967214,
    0.6340425531914896,
    0.6627450980392159,
    0.6136363636363639,
    0.7085714285714289,
    0.6844444444444447,
    0.6458333333333336,
    0.6526315789473686,
    0.6736842105263158,
    0.6119402985074627,
    0.6454545454545458,
    0.6558139534883725,
    0.64,
    0.6646616541353376,
    0.6252427184466018,
    0.6336842105263158,
    0.6216216216216214,
    0.6330275229357795,
    0.6833333333333331,
    0.5813559322033895,
    0.5783333333333331,
    0.6310077519379845,
    0.6312499999999994
  ],
  "num_prompts": 50,
  "total_positions": 2612,
  "target_model": "meta-llama/Llama-3.1-8B-Instruct",
  "draft_model": "meta-llama/Llama-3.2-1B-Instruct",
  "adapter_path": "results/exp4_llama/medical_lam_0.5/final",
  "domain": "medical",
  "seed": 42
}