{
  "argmax_agreement": 0.7197549770290965,
  "argmax_agreement_std": 0.0922662690281868,
  "top5_overlap": 0.6201899622662469,
  "top5_overlap_std": 0.0461655892431736,
  "per_prompt_agreement": [
    0.8857142857142857,
    0.7894736842105263,
    0.868421052631579,
    0.7,
    0.7037037037037037,
    0.4,
    0.7,
    0.8461538461538461,
    0.7647058823529411,
    0.7619047619047619,
    0.6666666666666666,
    0.8695652173913043,
    0.7619047619047619,
    0.71875,
    0.6521739130434783,
    0.7272727272727273,
    0.8846153846153846,
    0.5238095238095238,
    0.7037037037037037,
    0.8235294117647058,
    0.7638888888888888,
    0.7948717948717948,
    0.6976744186046512,
    0.8,
    0.7111111111111111,
    0.7948717948717948,
    0.6363636363636364,
    0.6885245901639344,
    0.8085106382978723,
    0.6862745098039216,
    0.5909090909090909,
    0.6,
    0.6444444444444445,
    0.75,
    0.7017543859649122,
    0.6578947368421053,
    0.746268656716418,
    0.6136363636363636,
    0.6511627906976745,
    0.7428571428571429,
    0.6090225563909775,
    0.7572815533980582,
    0.6842105263157895,
    0.7837837837837838,
    0.7614678899082569,
    0.8020833333333334,
    0.7372881355932204,
    0.6333333333333333,
    0.7209302325581395,
    0.71875
  ],
  "per_prompt_top5_overlap": [
    0.6457142857142859,
    0.7263157894736842,
    0.6368421052631582,
    0.6500000000000001,
    0.6148148148148148,
    0.48,
    0.69,
    0.6153846153846155,
    0.611764705882353,
    0.6571428571428571,
    0.6285714285714286,
    0.6956521739130435,
    0.6380952380952382,
    0.5750000000000001,
    0.6956521739130435,
    0.6000000000000001,
    0.6692307692307693,
    0.6761904761904762,
    0.6296296296296298,
    0.6000000000000001,
    0.5972222222222222,
    0.6717948717948719,
    0.6279069767441862,
    0.635555555555556,
    0.5955555555555556,
    0.6769230769230772,
    0.6545454545454548,
    0.580327868852459,
    0.5659574468085108,
    0.5843137254901962,
    0.5681818181818183,
    0.6914285714285718,
    0.6488888888888892,
    0.6375000000000002,
    0.6385964912280703,
    0.6210526315789476,
    0.5671641791044777,
    0.5909090909090909,
    0.6139534883720933,
    0.6114285714285715,
    0.6210526315789467,
    0.5844660194174754,
    0.597894736842105,
    0.6090090090090087,
    0.5816513761467889,
    0.6458333333333329,
    0.5525423728813559,
    0.5499999999999999,
    0.5643410852713178,
    0.5874999999999992
  ],
  "num_prompts": 50,
  "total_positions": 2612,
  "target_model": "meta-llama/Llama-3.1-8B-Instruct",
  "draft_model": "meta-llama/Llama-3.2-1B-Instruct",
  "adapter_path": null,
  "domain": "medical",
  "seed": 42
}