{
  "argmax_agreement": 0.6830015313935681,
  "argmax_agreement_std": 0.10375741124153137,
  "top5_overlap": 0.5949064852934495,
  "top5_overlap_std": 0.0429508350789547,
  "per_prompt_agreement": [
    0.8571428571428571,
    0.7368421052631579,
    0.7368421052631579,
    0.7,
    0.7777777777777778,
    0.35,
    0.7,
    0.8846153846153846,
    0.6176470588235294,
    0.8571428571428571,
    0.7142857142857143,
    0.8695652173913043,
    0.7619047619047619,
    0.65625,
    0.6086956521739131,
    0.7272727272727273,
    0.8076923076923077,
    0.42857142857142855,
    0.6666666666666666,
    0.7647058823529411,
    0.7222222222222222,
    0.6923076923076923,
    0.6046511627906976,
    0.7777777777777778,
    0.5777777777777777,
    0.717948717948718,
    0.5454545454545454,
    0.5573770491803278,
    0.7659574468085106,
    0.7254901960784313,
    0.5,
    0.6571428571428571,
    0.6444444444444445,
    0.6458333333333334,
    0.6666666666666666,
    0.631578947368421,
    0.7313432835820896,
    0.6136363636363636,
    0.5813953488372093,
    0.7285714285714285,
    0.5864661654135338,
    0.6699029126213593,
    0.6842105263157895,
    0.7117117117117117,
    0.7614678899082569,
    0.6979166666666666,
    0.6864406779661016,
    0.625,
    0.7364341085271318,
    0.7421875
  ],
  "per_prompt_top5_overlap": [
    0.6285714285714287,
    0.7157894736842106,
    0.5473684210526318,
    0.5900000000000001,
    0.5925925925925927,
    0.51,
    0.6599999999999999,
    0.6,
    0.5588235294117646,
    0.6571428571428574,
    0.5619047619047619,
    0.6608695652173914,
    0.6095238095238095,
    0.49374999999999997,
    0.6260869565217392,
    0.5818181818181819,
    0.6692307692307693,
    0.6571428571428571,
    0.5851851851851853,
    0.5764705882352942,
    0.588888888888889,
    0.6410256410256412,
    0.604651162790698,
    0.6355555555555559,
    0.5555555555555558,
    0.630769230769231,
    0.6181818181818183,
    0.5475409836065575,
    0.5914893617021278,
    0.5764705882352942,
    0.5454545454545454,
    0.6457142857142859,
    0.6000000000000002,
    0.6083333333333335,
    0.6000000000000002,
    0.6052631578947372,
    0.5373134328358212,
    0.5818181818181821,
    0.6139534883720931,
    0.5800000000000001,
    0.5939849624060147,
    0.5533980582524269,
    0.5852631578947367,
    0.5801801801801801,
    0.581651376146789,
    0.6187499999999998,
    0.5491525423728814,
    0.53,
    0.5751937984496123,
    0.5874999999999996
  ],
  "num_prompts": 50,
  "total_positions": 2612,
  "target_model": "meta-llama/Llama-3.1-8B-Instruct",
  "draft_model": "meta-llama/Llama-3.2-1B-Instruct",
  "adapter_path": "results/exp1_llama/baseline_medical/final",
  "domain": "medical",
  "seed": 42
}