{
  "argmax_agreement": 0.7392694063926941,
  "argmax_agreement_std": 0.09857940673828125,
  "top5_overlap": 0.6871375272200758,
  "top5_overlap_std": 0.05478838458657265,
  "per_prompt_agreement": [
    0.7368421052631579,
    0.75,
    0.9642857142857143,
    0.7727272727272727,
    0.9090909090909091,
    0.6666666666666666,
    0.75,
    0.8846153846153846,
    0.92,
    0.8076923076923077,
    0.8620689655172413,
    0.7380952380952381,
    0.75,
    0.8484848484848485,
    0.6538461538461539,
    0.8888888888888888,
    0.6,
    0.896551724137931,
    0.7058823529411765,
    0.8214285714285714,
    0.8285714285714286,
    0.6909090909090909,
    0.5714285714285714,
    0.8395061728395061,
    0.59375,
    0.8651685393258427,
    0.6956521739130435,
    0.7631578947368421,
    0.8251748251748252,
    0.8181818181818182,
    0.8898305084745762,
    0.7906976744186046,
    0.6212121212121212,
    0.7801047120418848,
    0.7014925373134329,
    0.6282051282051282,
    0.5588235294117647,
    0.7454545454545455,
    0.7078651685393258,
    0.7132867132867133,
    0.6949152542372882,
    0.7387387387387387,
    0.6838709677419355,
    0.772020725388601,
    0.76,
    0.8445378151260504,
    0.6814814814814815,
    0.6473429951690821,
    0.6746031746031746,
    0.6425531914893617
  ],
  "per_prompt_top5_overlap": [
    0.7789473684210527,
    0.7400000000000002,
    0.7857142857142859,
    0.7727272727272729,
    0.7454545454545456,
    0.6722222222222225,
    0.7100000000000001,
    0.753846153846154,
    0.7520000000000002,
    0.7538461538461539,
    0.724137931034483,
    0.6571428571428575,
    0.6785714285714286,
    0.7090909090909092,
    0.7076923076923077,
    0.7777777777777778,
    0.646666666666667,
    0.7379310344827588,
    0.7294117647058825,
    0.7285714285714288,
    0.7342857142857142,
    0.6290909090909094,
    0.647619047619048,
    0.7407407407407405,
    0.6250000000000001,
    0.7460674157303366,
    0.7065217391304345,
    0.6473684210526316,
    0.6993006993006989,
    0.6259740259740255,
    0.7423728813559314,
    0.681395348837209,
    0.6272727272727271,
    0.6649214659685849,
    0.6119402985074627,
    0.6358974358974359,
    0.6382352941176468,
    0.685454545454545,
    0.6359550561797751,
    0.6545454545454538,
    0.6316384180790949,
    0.6666666666666662,
    0.6683870967741926,
    0.6860103626942993,
    0.6809999999999993,
    0.676470588235294,
    0.623703703703703,
    0.560386473429951,
    0.6404761904761908,
    0.5804255319148932
  ],
  "num_prompts": 50,
  "total_positions": 4380,
  "target_model": "Qwen/Qwen2.5-7B-Instruct",
  "draft_model": "Qwen/Qwen2.5-0.5B-Instruct",
  "adapter_path": "results/exp1/baseline_code/final",
  "domain": "code",
  "seed": 42
}