{
  "argmax_agreement": 0.6919814957594449,
  "argmax_agreement_std": 0.08641935884952545,
  "top5_overlap": 0.6179799811097711,
  "top5_overlap_std": 0.04693358764052391,
  "per_prompt_agreement": [
    0.7352941176470589,
    0.7777777777777778,
    0.6842105263157895,
    0.5789473684210527,
    0.8461538461538461,
    0.47368421052631576,
    0.8947368421052632,
    0.8,
    0.6176470588235294,
    0.7,
    0.7,
    0.6818181818181818,
    0.5,
    0.6451612903225806,
    0.5,
    0.6666666666666666,
    0.76,
    0.5,
    0.6923076923076923,
    0.5625,
    0.7222222222222222,
    0.6842105263157895,
    0.6046511627906976,
    0.7272727272727273,
    0.68,
    0.7368421052631579,
    0.6976744186046512,
    0.6721311475409836,
    0.7872340425531915,
    0.7254901960784313,
    0.5813953488372093,
    0.7352941176470589,
    0.6739130434782609,
    0.7446808510638298,
    0.7543859649122807,
    0.7297297297297297,
    0.696969696969697,
    0.6046511627906976,
    0.5952380952380952,
    0.7,
    0.6617647058823529,
    0.6923076923076923,
    0.776595744680851,
    0.7747747747747747,
    0.6851851851851852,
    0.7263157894736842,
    0.6833333333333333,
    0.6557377049180327,
    0.6461538461538462,
    0.7165354330708661
  ],
  "per_prompt_top5_overlap": [
    0.6117647058823529,
    0.7666666666666667,
    0.6421052631578947,
    0.6736842105263158,
    0.6384615384615385,
    0.5684210526315789,
    0.6947368421052631,
    0.664,
    0.6294117647058826,
    0.6499999999999999,
    0.6900000000000001,
    0.6272727272727272,
    0.6500000000000001,
    0.6258064516129032,
    0.609090909090909,
    0.6666666666666666,
    0.664,
    0.6500000000000001,
    0.6076923076923078,
    0.5875,
    0.6,
    0.6315789473684211,
    0.6325581395348839,
    0.631818181818182,
    0.6520000000000004,
    0.705263157894737,
    0.6325581395348839,
    0.6459016393442623,
    0.5957446808510638,
    0.6039215686274512,
    0.544186046511628,
    0.6411764705882355,
    0.6608695652173916,
    0.5872340425531916,
    0.6000000000000002,
    0.545945945945946,
    0.515151515151515,
    0.572093023255814,
    0.561904761904762,
    0.5800000000000001,
    0.6117647058823524,
    0.5942307692307692,
    0.5553191489361701,
    0.5963963963963963,
    0.5814814814814812,
    0.6042105263157891,
    0.5683333333333334,
    0.5737704918032785,
    0.5830769230769227,
    0.5732283464566928
  ],
  "num_prompts": 50,
  "total_positions": 2594,
  "target_model": "Qwen/Qwen2.5-7B-Instruct",
  "draft_model": "Qwen/Qwen2.5-0.5B-Instruct",
  "adapter_path": "results/exp1/baseline_medical/final",
  "domain": "medical",
  "seed": 42
}