{
  "argmax_agreement": 0.6493447808404881,
  "argmax_agreement_std": 0.09189611673355103,
  "top5_overlap": 0.6605865061055711,
  "top5_overlap_std": 0.04616156965494156,
  "per_prompt_agreement": [
    0.42857142857142855,
    0.3888888888888889,
    0.47058823529411764,
    0.6666666666666666,
    0.7058823529411765,
    0.625,
    0.8235294117647058,
    0.5909090909090909,
    0.7368421052631579,
    0.65,
    0.6956521739130435,
    0.5,
    0.5652173913043478,
    0.6,
    0.5882352941176471,
    0.65,
    0.6470588235294118,
    0.6666666666666666,
    0.4666666666666667,
    0.5333333333333333,
    0.68,
    0.7307692307692307,
    0.6153846153846154,
    0.5833333333333334,
    0.5952380952380952,
    0.6585365853658537,
    0.8095238095238095,
    0.723404255319149,
    0.6888888888888889,
    0.6666666666666666,
    0.6363636363636364,
    0.5869565217391305,
    0.6744186046511628,
    0.6170212765957447,
    0.6792452830188679,
    0.6744186046511628,
    0.6111111111111112,
    0.7291666666666666,
    0.7916666666666666,
    0.782608695652174,
    0.5777777777777777,
    0.5833333333333334,
    0.6385542168674698,
    0.5625,
    0.6470588235294118,
    0.7142857142857143,
    0.7692307692307693,
    0.5980392156862745,
    0.6304347826086957,
    0.6161616161616161
  ],
  "per_prompt_top5_overlap": [
    0.7047619047619048,
    0.6444444444444444,
    0.6470588235294118,
    0.6190476190476192,
    0.7764705882352941,
    0.625,
    0.7176470588235295,
    0.6090909090909091,
    0.7263157894736841,
    0.6600000000000001,
    0.591304347826087,
    0.7333333333333334,
    0.6434782608695653,
    0.6666666666666665,
    0.7176470588235295,
    0.7000000000000001,
    0.7411764705882353,
    0.6952380952380951,
    0.5733333333333334,
    0.6933333333333332,
    0.6360000000000002,
    0.6269230769230771,
    0.6102564102564103,
    0.6083333333333335,
    0.6761904761904762,
    0.6731707317073172,
    0.6857142857142857,
    0.7319148936170216,
    0.6666666666666669,
    0.6888888888888891,
    0.6818181818181821,
    0.6130434782608698,
    0.6372093023255815,
    0.6425531914893621,
    0.6301886792452831,
    0.7069767441860467,
    0.6611111111111111,
    0.6208333333333337,
    0.7000000000000003,
    0.7043478260869568,
    0.6377777777777778,
    0.6309523809523807,
    0.636144578313253,
    0.6499999999999997,
    0.5843137254901961,
    0.630612244897959,
    0.6835164835164832,
    0.6745098039215685,
    0.5695652173913043,
    0.6444444444444442
  ],
  "num_prompts": 50,
  "total_positions": 2213,
  "target_model": "Qwen/Qwen2.5-7B-Instruct",
  "draft_model": "Qwen/Qwen2.5-0.5B-Instruct",
  "adapter_path": null,
  "domain": "chat",
  "seed": 42
}