{
  "argmax_agreement": 0.7965753424657535,
  "argmax_agreement_std": 0.07402856647968292,
  "top5_overlap": 0.7446663383675979,
  "top5_overlap_std": 0.03553563356399536,
  "per_prompt_agreement": [
    0.7894736842105263,
    0.75,
    0.9642857142857143,
    0.7727272727272727,
    0.8787878787878788,
    0.6666666666666666,
    0.85,
    0.9230769230769231,
    0.96,
    0.8076923076923077,
    0.8275862068965517,
    0.8095238095238095,
    0.75,
    0.8787878787878788,
    0.6923076923076923,
    0.8518518518518519,
    0.6333333333333333,
    0.8620689655172413,
    0.7647058823529411,
    0.8571428571428571,
    0.8714285714285714,
    0.7818181818181819,
    0.6904761904761905,
    0.8518518518518519,
    0.71875,
    0.898876404494382,
    0.7608695652173914,
    0.8421052631578947,
    0.8881118881118881,
    0.8571428571428571,
    0.9067796610169492,
    0.7674418604651163,
    0.7727272727272727,
    0.8272251308900523,
    0.8059701492537313,
    0.782051282051282,
    0.6764705882352942,
    0.8090909090909091,
    0.797752808988764,
    0.7622377622377622,
    0.7966101694915254,
    0.7927927927927928,
    0.7870967741935484,
    0.8134715025906736,
    0.805,
    0.8781512605042017,
    0.7555555555555555,
    0.714975845410628,
    0.7301587301587301,
    0.7063829787234043
  ],
  "per_prompt_top5_overlap": [
    0.8000000000000002,
    0.7700000000000001,
    0.792857142857143,
    0.8,
    0.76969696969697,
    0.7555555555555559,
    0.7300000000000002,
    0.7846153846153848,
    0.7680000000000001,
    0.7846153846153847,
    0.7586206896551728,
    0.7523809523809527,
    0.7071428571428573,
    0.7212121212121213,
    0.7307692307692311,
    0.7925925925925928,
    0.686666666666667,
    0.7517241379310348,
    0.8235294117647061,
    0.7500000000000003,
    0.7685714285714286,
    0.7127272727272728,
    0.7380952380952384,
    0.7506172839506171,
    0.7218749999999999,
    0.7797752808988758,
    0.778260869565217,
    0.7315789473684206,
    0.7706293706293698,
    0.7012987012987012,
    0.7677966101694905,
    0.7488372093023251,
    0.73030303030303,
    0.7246073298429307,
    0.701492537313433,
    0.7358974358974358,
    0.7499999999999999,
    0.7690909090909082,
    0.7168539325842694,
    0.7230769230769222,
    0.7310734463276827,
    0.7396396396396394,
    0.744516129032257,
    0.762694300518134,
    0.7459999999999992,
    0.7352941176470589,
    0.7170370370370363,
    0.6347826086956515,
    0.7079365079365085,
    0.662978723404255
  ],
  "num_prompts": 50,
  "total_positions": 4380,
  "target_model": "Qwen/Qwen2.5-7B-Instruct",
  "draft_model": "Qwen/Qwen2.5-0.5B-Instruct",
  "adapter_path": "results/exp4/code_lam_1.0/final",
  "domain": "code",
  "seed": 42
}