{
  "argmax_agreement": 0.7467232074016962,
  "argmax_agreement_std": 0.08047512173652649,
  "top5_overlap": 0.6742783300306818,
  "top5_overlap_std": 0.04328855499625206,
  "per_prompt_agreement": [
    0.8235294117647058,
    0.7777777777777778,
    0.7631578947368421,
    0.631578947368421,
    0.8076923076923077,
    0.47368421052631576,
    0.8947368421052632,
    0.84,
    0.7647058823529411,
    0.7,
    0.8,
    0.7272727272727273,
    0.6,
    0.8064516129032258,
    0.6818181818181818,
    0.8095238095238095,
    0.8,
    0.65,
    0.7692307692307693,
    0.5625,
    0.7916666666666666,
    0.7105263157894737,
    0.6976744186046512,
    0.75,
    0.76,
    0.7368421052631579,
    0.7209302325581395,
    0.6885245901639344,
    0.8297872340425532,
    0.803921568627451,
    0.627906976744186,
    0.7941176470588235,
    0.782608695652174,
    0.7659574468085106,
    0.8245614035087719,
    0.7297297297297297,
    0.7878787878787878,
    0.6046511627906976,
    0.5952380952380952,
    0.8,
    0.7279411764705882,
    0.7307692307692307,
    0.7659574468085106,
    0.7927927927927928,
    0.7592592592592593,
    0.8210526315789474,
    0.7333333333333333,
    0.7049180327868853,
    0.7076923076923077,
    0.7637795275590551
  ],
  "per_prompt_top5_overlap": [
    0.6588235294117648,
    0.8000000000000002,
    0.7157894736842109,
    0.7157894736842106,
    0.7000000000000001,
    0.6210526315789473,
    0.7157894736842106,
    0.6560000000000001,
    0.7058823529411766,
    0.67,
    0.7,
    0.7000000000000001,
    0.7099999999999999,
    0.6967741935483871,
    0.6363636363636365,
    0.7047619047619049,
    0.7040000000000002,
    0.6900000000000002,
    0.6846153846153847,
    0.675,
    0.6444444444444444,
    0.6789473684210529,
    0.72093023255814,
    0.6727272727272728,
    0.736,
    0.7368421052631583,
    0.6790697674418606,
    0.7147540983606555,
    0.642553191489362,
    0.6784313725490198,
    0.5953488372093024,
    0.6882352941176473,
    0.7434782608695655,
    0.6382978723404256,
    0.691228070175439,
    0.6162162162162165,
    0.5909090909090909,
    0.632558139534884,
    0.6095238095238094,
    0.6457142857142857,
    0.6911764705882346,
    0.6749999999999996,
    0.5999999999999999,
    0.6648648648648644,
    0.6388888888888886,
    0.6968421052631575,
    0.6166666666666666,
    0.6590163934426226,
    0.621538461538461,
    0.633070866141732
  ],
  "num_prompts": 50,
  "total_positions": 2594,
  "target_model": "Qwen/Qwen2.5-7B-Instruct",
  "draft_model": "Qwen/Qwen2.5-0.5B-Instruct",
  "adapter_path": "results/exp4/medical_lam_1.0/final",
  "domain": "medical",
  "seed": 42
}