{
  "argmax_agreement": 0.6633529145955717,
  "argmax_agreement_std": 0.08009742945432663,
  "top5_overlap": 0.657684018013274,
  "top5_overlap_std": 0.03736880421638489,
  "per_prompt_agreement": [
    0.7619047619047619,
    0.4444444444444444,
    0.5294117647058824,
    0.6666666666666666,
    0.6470588235294118,
    0.625,
    0.8235294117647058,
    0.5454545454545454,
    0.7368421052631579,
    0.7,
    0.7391304347826086,
    0.5,
    0.5652173913043478,
    0.5333333333333333,
    0.5882352941176471,
    0.65,
    0.6470588235294118,
    0.6666666666666666,
    0.6,
    0.6,
    0.76,
    0.7307692307692307,
    0.6410256410256411,
    0.625,
    0.6428571428571429,
    0.6341463414634146,
    0.8412698412698413,
    0.6808510638297872,
    0.6666666666666666,
    0.6666666666666666,
    0.7045454545454546,
    0.6086956521739131,
    0.627906976744186,
    0.6595744680851063,
    0.660377358490566,
    0.6046511627906976,
    0.6111111111111112,
    0.7083333333333334,
    0.7916666666666666,
    0.782608695652174,
    0.6222222222222222,
    0.6071428571428571,
    0.6626506024096386,
    0.5875,
    0.6568627450980392,
    0.6938775510204082,
    0.7692307692307693,
    0.5980392156862745,
    0.6630434782608695,
    0.6363636363636364
  ],
  "per_prompt_top5_overlap": [
    0.6857142857142857,
    0.5999999999999999,
    0.6705882352941177,
    0.6380952380952382,
    0.7411764705882353,
    0.5875,
    0.7058823529411765,
    0.6,
    0.6736842105263158,
    0.67,
    0.5826086956521739,
    0.7000000000000001,
    0.6260869565217391,
    0.6533333333333334,
    0.7058823529411766,
    0.6700000000000002,
    0.6705882352941177,
    0.6571428571428571,
    0.6133333333333333,
    0.6933333333333334,
    0.6560000000000001,
    0.630769230769231,
    0.6307692307692309,
    0.6583333333333338,
    0.6952380952380953,
    0.678048780487805,
    0.7174603174603174,
    0.7063829787234045,
    0.6622222222222225,
    0.6755555555555558,
    0.6909090909090913,
    0.6000000000000002,
    0.6465116279069768,
    0.6425531914893621,
    0.6490566037735849,
    0.6651162790697676,
    0.6499999999999999,
    0.629166666666667,
    0.6708333333333337,
    0.721739130434783,
    0.6377777777777778,
    0.6571428571428568,
    0.6457831325301205,
    0.6599999999999997,
    0.6215686274509805,
    0.6387755102040815,
    0.6989010989010987,
    0.6803921568627448,
    0.5717391304347826,
    0.6505050505050503
  ],
  "num_prompts": 50,
  "total_positions": 2213,
  "target_model": "Qwen/Qwen2.5-7B-Instruct",
  "draft_model": "Qwen/Qwen2.5-0.5B-Instruct",
  "adapter_path": "results/exp1/baseline_chat/final",
  "domain": "chat",
  "seed": 42
}