{
  "argmax_agreement": 0.7515981735159817,
  "argmax_agreement_std": 0.08507118374109268,
  "top5_overlap": 0.6974772418884289,
  "top5_overlap_std": 0.05168461799621582,
  "per_prompt_agreement": [
    0.7894736842105263,
    0.7,
    0.9285714285714286,
    0.7727272727272727,
    0.8484848484848485,
    0.6388888888888888,
    0.8,
    0.9230769230769231,
    0.96,
    0.8461538461538461,
    0.896551724137931,
    0.8333333333333334,
    0.6785714285714286,
    0.7878787878787878,
    0.6923076923076923,
    0.8518518518518519,
    0.6666666666666666,
    0.7931034482758621,
    0.7058823529411765,
    0.8571428571428571,
    0.8142857142857143,
    0.7636363636363637,
    0.5952380952380952,
    0.8518518518518519,
    0.671875,
    0.8539325842696629,
    0.7717391304347826,
    0.7894736842105263,
    0.8461538461538461,
    0.7662337662337663,
    0.8983050847457628,
    0.8023255813953488,
    0.7121212121212122,
    0.7853403141361257,
    0.746268656716418,
    0.717948717948718,
    0.6323529411764706,
    0.8090909090909091,
    0.7078651685393258,
    0.7132867132867133,
    0.7062146892655368,
    0.7432432432432432,
    0.6967741935483871,
    0.7823834196891192,
    0.755,
    0.8235294117647058,
    0.6962962962962963,
    0.6666666666666666,
    0.6666666666666666,
    0.6425531914893617
  ],
  "per_prompt_top5_overlap": [
    0.7894736842105264,
    0.74,
    0.7857142857142858,
    0.7545454545454546,
    0.7696969696969699,
    0.6888888888888891,
    0.6900000000000002,
    0.7923076923076925,
    0.7600000000000001,
    0.7615384615384617,
    0.7172413793103452,
    0.6523809523809527,
    0.6857142857142858,
    0.7212121212121213,
    0.6923076923076924,
    0.7703703703703705,
    0.6333333333333335,
    0.737931034482759,
    0.6882352941176473,
    0.7214285714285716,
    0.737142857142857,
    0.6400000000000002,
    0.6619047619047621,
    0.7308641975308641,
    0.625,
    0.7483146067415725,
    0.7217391304347823,
    0.7078947368421049,
    0.7398601398601391,
    0.6285714285714282,
    0.7440677966101686,
    0.7162790697674416,
    0.6636363636363634,
    0.6722513089005222,
    0.626865671641791,
    0.6487179487179484,
    0.6588235294117646,
    0.7418181818181813,
    0.6651685393258425,
    0.6629370629370621,
    0.6790960451977391,
    0.688288288288288,
    0.6941935483870958,
    0.6994818652849726,
    0.6809999999999995,
    0.6890756302521007,
    0.6385185185185179,
    0.5777777777777772,
    0.636507936507937,
    0.5957446808510636
  ],
  "num_prompts": 50,
  "total_positions": 4380,
  "target_model": "Qwen/Qwen2.5-7B-Instruct",
  "draft_model": "Qwen/Qwen2.5-0.5B-Instruct",
  "adapter_path": null,
  "domain": "code",
  "seed": 42
}