{
  "argmax_agreement": 0.7101002313030069,
  "argmax_agreement_std": 0.08934691548347473,
  "top5_overlap": 0.6224306178228464,
  "top5_overlap_std": 0.05708811804652214,
  "per_prompt_agreement": [
    0.7647058823529411,
    0.8333333333333334,
    0.7894736842105263,
    0.631578947368421,
    0.8846153846153846,
    0.47368421052631576,
    0.8421052631578947,
    0.88,
    0.7352941176470589,
    0.65,
    0.85,
    0.7727272727272727,
    0.6,
    0.8064516129032258,
    0.5454545454545454,
    0.8095238095238095,
    0.72,
    0.6,
    0.7692307692307693,
    0.5625,
    0.75,
    0.6578947368421053,
    0.5813953488372093,
    0.75,
    0.76,
    0.7368421052631579,
    0.627906976744186,
    0.6229508196721312,
    0.7872340425531915,
    0.7058823529411765,
    0.6046511627906976,
    0.7352941176470589,
    0.6956521739130435,
    0.7872340425531915,
    0.7719298245614035,
    0.6756756756756757,
    0.7727272727272727,
    0.7441860465116279,
    0.5714285714285714,
    0.6857142857142857,
    0.6764705882352942,
    0.6923076923076923,
    0.723404255319149,
    0.7477477477477478,
    0.7129629629629629,
    0.7473684210526316,
    0.6833333333333333,
    0.6885245901639344,
    0.6461538461538462,
    0.7401574803149606
  ],
  "per_prompt_top5_overlap": [
    0.6176470588235293,
    0.7555555555555556,
    0.6473684210526317,
    0.6736842105263158,
    0.6769230769230768,
    0.5263157894736842,
    0.7263157894736842,
    0.672,
    0.6588235294117649,
    0.67,
    0.7000000000000001,
    0.6454545454545454,
    0.65,
    0.6580645161290322,
    0.6272727272727273,
    0.7047619047619049,
    0.7200000000000002,
    0.6300000000000001,
    0.6153846153846154,
    0.6000000000000001,
    0.6083333333333332,
    0.6157894736842106,
    0.6790697674418608,
    0.6045454545454549,
    0.6600000000000003,
    0.705263157894737,
    0.6651162790697677,
    0.6295081967213115,
    0.5787234042553192,
    0.6000000000000001,
    0.5348837209302327,
    0.6823529411764708,
    0.6478260869565219,
    0.574468085106383,
    0.6350877192982459,
    0.5351351351351351,
    0.5242424242424243,
    0.5813953488372092,
    0.5666666666666667,
    0.5600000000000002,
    0.6205882352941172,
    0.5788461538461538,
    0.5702127659574466,
    0.5747747747747748,
    0.5740740740740738,
    0.6126315789473683,
    0.5350000000000003,
    0.5754098360655733,
    0.5553846153846151,
    0.5606299212598423
  ],
  "num_prompts": 50,
  "total_positions": 2594,
  "target_model": "Qwen/Qwen2.5-7B-Instruct",
  "draft_model": "Qwen/Qwen2.5-0.5B-Instruct",
  "adapter_path": null,
  "domain": "medical",
  "seed": 42
}