{
  "argmax_agreement": 0.7252598282873927,
  "argmax_agreement_std": 0.08461254835128784,
  "top5_overlap": 0.7128739800544787,
  "top5_overlap_std": 0.03476962447166443,
  "per_prompt_agreement": [
    0.7142857142857143,
    0.5555555555555556,
    0.5882352941176471,
    0.8095238095238095,
    0.5882352941176471,
    0.6875,
    0.8823529411764706,
    0.5909090909090909,
    0.7368421052631579,
    0.8,
    0.8260869565217391,
    0.5833333333333334,
    0.6086956521739131,
    0.6,
    0.6470588235294118,
    0.65,
    0.6470588235294118,
    0.6666666666666666,
    0.6,
    0.6666666666666666,
    0.74,
    0.7884615384615384,
    0.717948717948718,
    0.625,
    0.7142857142857143,
    0.6829268292682927,
    0.8888888888888888,
    0.8085106382978723,
    0.7333333333333333,
    0.7777777777777778,
    0.7727272727272727,
    0.6086956521739131,
    0.7209302325581395,
    0.6595744680851063,
    0.7547169811320755,
    0.7441860465116279,
    0.6666666666666666,
    0.75,
    0.8541666666666666,
    0.7608695652173914,
    0.6444444444444445,
    0.75,
    0.6626506024096386,
    0.6625,
    0.7450980392156863,
    0.8061224489795918,
    0.8681318681318682,
    0.7058823529411765,
    0.6956521739130435,
    0.7070707070707071
  ],
  "per_prompt_top5_overlap": [
    0.7142857142857144,
    0.6777777777777777,
    0.7176470588235294,
    0.6952380952380952,
    0.8,
    0.675,
    0.7058823529411766,
    0.7000000000000001,
    0.6947368421052632,
    0.7000000000000001,
    0.6173913043478262,
    0.7166666666666667,
    0.6695652173913045,
    0.7466666666666666,
    0.7411764705882353,
    0.7200000000000002,
    0.7647058823529412,
    0.7428571428571431,
    0.6266666666666666,
    0.7600000000000001,
    0.684,
    0.703846153846154,
    0.6666666666666671,
    0.7375000000000002,
    0.742857142857143,
    0.7317073170731709,
    0.7396825396825398,
    0.74468085106383,
    0.737777777777778,
    0.737777777777778,
    0.7136363636363638,
    0.6913043478260873,
    0.688372093023256,
    0.6978723404255321,
    0.7169811320754719,
    0.7255813953488375,
    0.7055555555555558,
    0.6916666666666672,
    0.7250000000000004,
    0.7652173913043482,
    0.7222222222222218,
    0.7071428571428567,
    0.6891566265060238,
    0.7324999999999997,
    0.680392156862745,
    0.7040816326530609,
    0.7538461538461536,
    0.7431372549019606,
    0.6499999999999997,
    0.7272727272727267
  ],
  "num_prompts": 50,
  "total_positions": 2213,
  "target_model": "Qwen/Qwen2.5-7B-Instruct",
  "draft_model": "Qwen/Qwen2.5-0.5B-Instruct",
  "adapter_path": "results/exp4/chat_lam_1.0/final",
  "domain": "chat",
  "seed": 42
}