{
  "alpha": 0.5509021842355176,
  "alpha_std": 0.13710369169712067,
  "mean_accepted_length": 2.754510921177588,
  "per_position_alpha": [
    0.6747388414055081,
    0.8930330752990852,
    0.8912529550827423,
    0.9106984969053935,
    0.9223300970873787
  ],
  "per_prompt_alpha": [
    0.48695652173913045,
    0.52,
    0.5380952380952381,
    0.7636363636363637,
    0.7875,
    0.5523809523809524,
    0.585,
    0.4765957446808511,
    0.6648648648648648,
    0.6,
    0.8533333333333334,
    0.35172413793103446,
    0.5609756097560976,
    0.4956521739130435,
    0.5272727272727272,
    0.6555555555555556,
    0.59,
    0.8266666666666667,
    0.44081632653061226,
    0.43137254901960786,
    0.5476190476190477,
    0.8620689655172413,
    0.6153846153846154,
    0.711764705882353,
    0.6324324324324324,
    0.7515151515151515,
    0.6263157894736842,
    0.5255813953488372,
    0.4625,
    0.5022222222222222,
    0.68,
    0.9629629629629629,
    0.4625,
    0.6263157894736842,
    0.3890909090909091,
    0.4583333333333333,
    0.605,
    0.3890909090909091,
    0.5948717948717949,
    0.6102564102564103,
    0.49130434782608695,
    0.428,
    0.6486486486486487,
    0.5714285714285714,
    0.6,
    0.35789473684210527,
    0.432,
    0.5658536585365853,
    0.4036363636363636,
    0.4765957446808511
  ],
  "num_prompts": 50,
  "total_tokens_generated": 6486,
  "draft_k": 5,
  "max_new_tokens": 128,
  "target_model": "meta-llama/Llama-3.1-8B-Instruct",
  "draft_model": "meta-llama/Llama-3.2-1B-Instruct",
  "adapter_path": "results/exp6_llama/token_match_lam_0.5/final",
  "domain": "code",
  "seed": 42
}