{
  "num_prompts": 50,
  "avg_seq_len": 88.72,
  "kl_mean": 0.5814843773841858,
  "kl_std": 0.16147543489933014,
  "kl_per_prompt": [
    0.70703125,
    1.015625,
    0.61328125,
    0.71484375,
    0.47265625,
    0.95703125,
    0.68359375,
    0.53515625,
    0.423828125,
    0.5625,
    0.470703125,
    0.7265625,
    0.546875,
    0.63671875,
    0.4921875,
    0.5,
    0.52734375,
    0.5625,
    0.74609375,
    0.78125,
    0.392578125,
    0.73828125,
    0.83203125,
    0.29296875,
    0.85546875,
    0.3125,
    0.6484375,
    0.60546875,
    0.376953125,
    0.6640625,
    0.2734375,
    0.58203125,
    0.6484375,
    0.37109375,
    0.7421875,
    0.58984375,
    0.69140625,
    0.455078125,
    0.59765625,
    0.51171875,
    0.515625,
    0.42578125,
    0.52734375,
    0.466796875,
    0.51171875,
    0.3515625,
    0.55078125,
    0.69921875,
    0.5,
    0.66796875
  ],
  "js_mean": 0.09290038794279099,
  "js_std": 0.023609863594174385,
  "js_per_prompt": [
    0.10693359375,
    0.146484375,
    0.08544921875,
    0.103515625,
    0.07275390625,
    0.1513671875,
    0.10107421875,
    0.08154296875,
    0.058837890625,
    0.08447265625,
    0.06982421875,
    0.10986328125,
    0.09521484375,
    0.09814453125,
    0.07177734375,
    0.0751953125,
    0.0966796875,
    0.0751953125,
    0.11767578125,
    0.0927734375,
    0.0673828125,
    0.115234375,
    0.1328125,
    0.0478515625,
    0.1318359375,
    0.055908203125,
    0.1025390625,
    0.0966796875,
    0.06298828125,
    0.109375,
    0.050537109375,
    0.08740234375,
    0.10498046875,
    0.06689453125,
    0.11474609375,
    0.09912109375,
    0.1162109375,
    0.0771484375,
    0.10302734375,
    0.08740234375,
    0.08642578125,
    0.07666015625,
    0.0927734375,
    0.08544921875,
    0.08984375,
    0.059326171875,
    0.095703125,
    0.1240234375,
    0.08935546875,
    0.12060546875
  ],
  "tv_mean": 0.2421875,
  "tv_std": 0.052653856575489044,
  "tv_per_prompt": [
    0.25390625,
    0.32421875,
    0.212890625,
    0.2392578125,
    0.17578125,
    0.35546875,
    0.2373046875,
    0.2158203125,
    0.15234375,
    0.212890625,
    0.1689453125,
    0.251953125,
    0.24609375,
    0.2392578125,
    0.2021484375,
    0.1943359375,
    0.2890625,
    0.1728515625,
    0.296875,
    0.220703125,
    0.1826171875,
    0.296875,
    0.349609375,
    0.15625,
    0.310546875,
    0.1708984375,
    0.28515625,
    0.23828125,
    0.1767578125,
    0.265625,
    0.1572265625,
    0.228515625,
    0.287109375,
    0.1845703125,
    0.2734375,
    0.28125,
    0.31640625,
    0.2109375,
    0.28515625,
    0.2421875,
    0.255859375,
    0.2236328125,
    0.267578125,
    0.2431640625,
    0.25390625,
    0.1708984375,
    0.267578125,
    0.310546875,
    0.248046875,
    0.306640625
  ],
  "target_model": "meta-llama/Llama-3.1-8B-Instruct",
  "draft_model": "meta-llama/Llama-3.2-1B-Instruct",
  "adapter_path": "results/exp6_llama/token_match_lam_0.5/final",
  "domain": "code",
  "divergence_types": [
    "kl",
    "js",
    "tv"
  ],
  "max_seq_len": 512,
  "seed": 42
}