{
  "alpha": 0.5508788598574822,
  "alpha_std": 0.15169893205165863,
  "mean_accepted_length": 2.754394299287411,
  "per_position_alpha": [
    0.6741092636579572,
    0.897815362931642,
    0.8854003139717426,
    0.9237588652482269,
    0.8973128598848369
  ],
  "per_prompt_alpha": [
    0.6153846153846154,
    0.7294117647058823,
    0.595,
    0.8620689655172413,
    0.8689655172413793,
    0.6205128205128205,
    0.49777777777777776,
    0.605,
    0.631578947368421,
    0.428,
    0.8266666666666667,
    0.4153846153846154,
    0.58,
    0.5609756097560976,
    0.6648648648648648,
    0.6263157894736842,
    0.6263157894736842,
    0.8758620689655172,
    0.5022222222222222,
    0.5666666666666667,
    0.5348837209302325,
    0.49130434782608695,
    0.4076923076923077,
    0.68,
    0.4826086956521739,
    0.8258064516129032,
    0.5948717948717949,
    0.59,
    0.6432432432432432,
    0.3888888888888889,
    0.595,
    1.0,
    0.5395348837209303,
    0.5181818181818182,
    0.34576271186440677,
    0.49777777777777776,
    0.4808510638297872,
    0.6666666666666666,
    0.41509433962264153,
    0.5666666666666667,
    0.46122448979591835,
    0.46122448979591835,
    0.8064516129032258,
    0.6594594594594595,
    0.6,
    0.4235294117647059,
    0.3781818181818182,
    0.4583333333333333,
    0.3389830508474576,
    0.3814814814814815
  ],
  "num_prompts": 50,
  "total_tokens_generated": 6484,
  "draft_k": 5,
  "max_new_tokens": 128,
  "target_model": "Qwen/Qwen2.5-7B-Instruct",
  "draft_model": "Qwen/Qwen2.5-0.5B-Instruct",
  "adapter_path": "results/exp6/js_lam_0.01/final",
  "domain": "code",
  "seed": 42
}