{
  "num_prompts": 50,
  "avg_seq_len": 88.6,
  "kl_mean": 0.6273437738418579,
  "kl_std": 0.1882818639278412,
  "kl_per_prompt": [
    0.77734375,
    0.8828125,
    0.546875,
    0.6953125,
    0.5,
    0.703125,
    0.86328125,
    0.4921875,
    0.53125,
    0.6328125,
    0.57421875,
    0.5234375,
    0.7734375,
    0.51171875,
    0.625,
    0.56640625,
    0.984375,
    0.59375,
    0.73046875,
    0.59765625,
    0.388671875,
    0.92578125,
    0.91015625,
    0.357421875,
    0.85546875,
    0.279296875,
    0.55078125,
    0.625,
    0.337890625,
    0.671875,
    0.25,
    0.58203125,
    0.6796875,
    0.400390625,
    0.875,
    0.89453125,
    0.83203125,
    0.43359375,
    0.6796875,
    0.57421875,
    0.59765625,
    0.4921875,
    0.609375,
    0.46875,
    0.51953125,
    0.298828125,
    0.72265625,
    0.94921875,
    0.5859375,
    0.9140625
  ],
  "js_mean": 0.09537597745656967,
  "js_std": 0.034307945519685745,
  "js_per_prompt": [
    0.07666015625,
    0.10205078125,
    0.057373046875,
    0.07177734375,
    0.05615234375,
    0.1328125,
    0.09716796875,
    0.0634765625,
    0.04541015625,
    0.060791015625,
    0.0576171875,
    0.09619140625,
    0.09375,
    0.06298828125,
    0.07177734375,
    0.057373046875,
    0.1279296875,
    0.062255859375,
    0.11181640625,
    0.064453125,
    0.05712890625,
    0.1435546875,
    0.16015625,
    0.058349609375,
    0.150390625,
    0.040283203125,
    0.09814453125,
    0.1064453125,
    0.06640625,
    0.10888671875,
    0.04052734375,
    0.08984375,
    0.12890625,
    0.0849609375,
    0.142578125,
    0.1259765625,
    0.1435546875,
    0.08056640625,
    0.12109375,
    0.10791015625,
    0.11181640625,
    0.09375,
    0.11376953125,
    0.09521484375,
    0.103515625,
    0.058349609375,
    0.140625,
    0.1611328125,
    0.10791015625,
    0.1572265625
  ],
  "tv_mean": 0.2537207007408142,
  "tv_std": 0.07373683154582977,
  "tv_per_prompt": [
    0.22265625,
    0.279296875,
    0.1611328125,
    0.20703125,
    0.1748046875,
    0.330078125,
    0.255859375,
    0.1884765625,
    0.11962890625,
    0.181640625,
    0.1591796875,
    0.2431640625,
    0.2373046875,
    0.1787109375,
    0.216796875,
    0.173828125,
    0.330078125,
    0.16015625,
    0.291015625,
    0.1943359375,
    0.169921875,
    0.35546875,
    0.392578125,
    0.185546875,
    0.361328125,
    0.1376953125,
    0.27734375,
    0.279296875,
    0.1943359375,
    0.271484375,
    0.1357421875,
    0.234375,
    0.345703125,
    0.2314453125,
    0.328125,
    0.318359375,
    0.369140625,
    0.220703125,
    0.3203125,
    0.287109375,
    0.310546875,
    0.26171875,
    0.302734375,
    0.263671875,
    0.28125,
    0.177734375,
    0.353515625,
    0.36328125,
    0.283203125,
    0.3671875
  ],
  "target_model": "Qwen/Qwen2.5-7B-Instruct",
  "draft_model": "Qwen/Qwen2.5-0.5B-Instruct",
  "adapter_path": "results/exp6/js_lam_0.01/final",
  "domain": "code",
  "divergence_types": [
    "kl",
    "js",
    "tv"
  ],
  "max_seq_len": 512,
  "seed": 42
}