{
  "alpha": 0.5487422876127195,
  "alpha_std": 0.15005473792552948,
  "mean_accepted_length": 2.7437114380635976,
  "per_position_alpha": [
    0.6729947793070716,
    0.9033850493653033,
    0.8805620608899297,
    0.9086879432624113,
    0.9063414634146342
  ],
  "per_prompt_alpha": [
    0.5948717948717949,
    0.7294117647058823,
    0.595,
    0.8620689655172413,
    0.8689655172413793,
    0.6205128205128205,
    0.49777777777777776,
    0.7575757575757576,
    0.6210526315789474,
    0.432,
    0.8266666666666667,
    0.37454545454545457,
    0.4448979591836735,
    0.49777777777777776,
    0.6648648648648648,
    0.6263157894736842,
    0.6263157894736842,
    0.9071428571428571,
    0.5022222222222222,
    0.5666666666666667,
    0.5348837209302325,
    0.49130434782608695,
    0.424,
    0.68,
    0.49333333333333335,
    0.8258064516129032,
    0.5948717948717949,
    0.6102564102564103,
    0.6432432432432432,
    0.5066666666666667,
    0.6051282051282051,
    1.0,
    0.58,
    0.5181818181818182,
    0.32459016393442625,
    0.49777777777777776,
    0.41568627450980394,
    0.6153846153846154,
    0.46122448979591835,
    0.5666666666666667,
    0.46122448979591835,
    0.4489795918367347,
    0.4723404255319149,
    0.6594594594594595,
    0.5571428571428572,
    0.4235294117647059,
    0.4115384615384615,
    0.5658536585365853,
    0.375,
    0.3814814814814815
  ],
  "num_prompts": 50,
  "total_tokens_generated": 6470,
  "draft_k": 5,
  "max_new_tokens": 128,
  "target_model": "Qwen/Qwen2.5-7B-Instruct",
  "draft_model": "Qwen/Qwen2.5-0.5B-Instruct",
  "adapter_path": "results/exp6/token_match_lam_0.01/final",
  "domain": "code",
  "seed": 42
}