{
  "num_prompts": 50,
  "avg_seq_len": 88.6,
  "kl_mean": 0.6287500262260437,
  "kl_std": 0.18885566294193268,
  "kl_per_prompt": [
    0.77734375,
    0.875,
    0.546875,
    0.69921875,
    0.5,
    0.70703125,
    0.8671875,
    0.490234375,
    0.53125,
    0.625,
    0.5703125,
    0.5234375,
    0.765625,
    0.5078125,
    0.625,
    0.5625,
    0.98046875,
    0.59375,
    0.7421875,
    0.59375,
    0.38671875,
    0.9296875,
    0.91796875,
    0.35546875,
    0.859375,
    0.279296875,
    0.5546875,
    0.640625,
    0.34375,
    0.68359375,
    0.248046875,
    0.58203125,
    0.6796875,
    0.404296875,
    0.8828125,
    0.89453125,
    0.83203125,
    0.439453125,
    0.6875,
    0.578125,
    0.6015625,
    0.49609375,
    0.609375,
    0.46875,
    0.5234375,
    0.298828125,
    0.7265625,
    0.953125,
    0.58203125,
    0.9140625
  ],
  "js_mean": 0.09571289271116257,
  "js_std": 0.034658949822187424,
  "js_per_prompt": [
    0.07568359375,
    0.10107421875,
    0.05712890625,
    0.07275390625,
    0.056396484375,
    0.1337890625,
    0.0986328125,
    0.0634765625,
    0.04541015625,
    0.060546875,
    0.05712890625,
    0.0966796875,
    0.0927734375,
    0.062255859375,
    0.072265625,
    0.056884765625,
    0.12890625,
    0.06298828125,
    0.11279296875,
    0.0634765625,
    0.05712890625,
    0.14453125,
    0.1630859375,
    0.05810546875,
    0.150390625,
    0.040283203125,
    0.0986328125,
    0.10791015625,
    0.0673828125,
    0.109375,
    0.040283203125,
    0.08984375,
    0.12890625,
    0.08642578125,
    0.1435546875,
    0.126953125,
    0.14453125,
    0.08154296875,
    0.12109375,
    0.1083984375,
    0.11279296875,
    0.09423828125,
    0.11376953125,
    0.09521484375,
    0.10400390625,
    0.058349609375,
    0.140625,
    0.162109375,
    0.10791015625,
    0.1572265625
  ],
  "tv_mean": 0.2540917992591858,
  "tv_std": 0.07425027340650558,
  "tv_per_prompt": [
    0.2197265625,
    0.275390625,
    0.1630859375,
    0.208984375,
    0.173828125,
    0.33203125,
    0.2578125,
    0.189453125,
    0.11669921875,
    0.1806640625,
    0.1591796875,
    0.2431640625,
    0.2373046875,
    0.1787109375,
    0.21875,
    0.171875,
    0.33203125,
    0.1630859375,
    0.29296875,
    0.1923828125,
    0.169921875,
    0.35546875,
    0.396484375,
    0.185546875,
    0.361328125,
    0.1376953125,
    0.27734375,
    0.283203125,
    0.1962890625,
    0.271484375,
    0.1337890625,
    0.2333984375,
    0.345703125,
    0.232421875,
    0.330078125,
    0.318359375,
    0.37109375,
    0.22265625,
    0.3203125,
    0.287109375,
    0.3125,
    0.26171875,
    0.302734375,
    0.263671875,
    0.283203125,
    0.1767578125,
    0.353515625,
    0.36328125,
    0.283203125,
    0.3671875
  ],
  "target_model": "Qwen/Qwen2.5-7B-Instruct",
  "draft_model": "Qwen/Qwen2.5-0.5B-Instruct",
  "adapter_path": "results/exp6/token_match_lam_0.01/final",
  "domain": "code",
  "divergence_types": [
    "kl",
    "js",
    "tv"
  ],
  "max_seq_len": 512,
  "seed": 42
}