{
  "alpha": 0.295,
  "alpha_std": 0.06308399140834808,
  "mean_accepted_length": 1.475,
  "per_position_alpha": [
    0.4820987654320988,
    0.7516005121638925,
    0.7589437819420783,
    0.7384960718294051,
    0.7507598784194529
  ],
  "per_prompt_alpha": [
    0.25555555555555554,
    0.25507246376811593,
    0.290625,
    0.27761194029850744,
    0.36140350877192984,
    0.2923076923076923,
    0.30793650793650795,
    0.2823529411764706,
    0.30153846153846153,
    0.3389830508474576,
    0.2571428571428571,
    0.3225806451612903,
    0.42745098039215684,
    0.296875,
    0.23835616438356164,
    0.2542857142857143,
    0.2076923076923077,
    0.25205479452054796,
    0.3096774193548387,
    0.34385964912280703,
    0.3,
    0.21842105263157896,
    0.28484848484848485,
    0.5066666666666667,
    0.28484848484848485,
    0.2608695652173913,
    0.3586206896551724,
    0.37454545454545457,
    0.2742857142857143,
    0.3,
    0.33559322033898303,
    0.2735294117647059,
    0.49130434782608695,
    0.2563380281690141,
    0.26,
    0.34576271186440677,
    0.23513513513513515,
    0.22857142857142856,
    0.32786885245901637,
    0.32666666666666666,
    0.428,
    0.32063492063492066,
    0.28615384615384615,
    0.2676470588235294,
    0.24383561643835616,
    0.2563380281690141,
    0.37142857142857144,
    0.26571428571428574,
    0.2542857142857143,
    0.28923076923076924
  ],
  "num_prompts": 50,
  "total_tokens_generated": 6457,
  "draft_k": 5,
  "max_new_tokens": 128,
  "target_model": "Qwen/Qwen2.5-7B-Instruct",
  "draft_model": "Qwen/Qwen2.5-0.5B-Instruct",
  "adapter_path": "results/exp4/chat_lam_0.05/final",
  "domain": "chat",
  "seed": 42
}