{
  "num_prompts": 50,
  "avg_seq_len": 45.26,
  "kl_mean": 0.8501562476158142,
  "kl_std": 0.2636170983314514,
  "kl_per_prompt": [
    1.3828125,
    1.4765625,
    0.796875,
    0.86328125,
    1.0703125,
    1.40625,
    0.77734375,
    0.9140625,
    1.0703125,
    1.15625,
    0.98046875,
    1.125,
    0.90234375,
    1.359375,
    1.0078125,
    0.671875,
    1.1484375,
    0.6875,
    1.5390625,
    0.94921875,
    0.67578125,
    0.890625,
    0.91796875,
    0.66796875,
    0.765625,
    0.79296875,
    0.45703125,
    0.65234375,
    0.61328125,
    0.890625,
    0.5703125,
    0.9765625,
    0.8359375,
    0.8671875,
    0.66796875,
    0.5234375,
    0.68359375,
    0.71875,
    0.66796875,
    0.6484375,
    0.5703125,
    0.85546875,
    0.5625,
    0.71875,
    0.8125,
    0.5,
    0.515625,
    0.5546875,
    0.91796875,
    0.73046875
  ],
  "js_mean": 0.1189257800579071,
  "js_std": 0.023025136440992355,
  "js_per_prompt": [
    0.142578125,
    0.1962890625,
    0.1083984375,
    0.1259765625,
    0.08837890625,
    0.181640625,
    0.10400390625,
    0.1376953125,
    0.10791015625,
    0.11572265625,
    0.1318359375,
    0.1337890625,
    0.14453125,
    0.1357421875,
    0.11328125,
    0.10595703125,
    0.12060546875,
    0.08837890625,
    0.14453125,
    0.1142578125,
    0.11474609375,
    0.13671875,
    0.12890625,
    0.11279296875,
    0.10400390625,
    0.11767578125,
    0.07373046875,
    0.09814453125,
    0.10986328125,
    0.12890625,
    0.0927734375,
    0.1318359375,
    0.1328125,
    0.130859375,
    0.11865234375,
    0.0869140625,
    0.119140625,
    0.1044921875,
    0.09912109375,
    0.087890625,
    0.11181640625,
    0.1328125,
    0.1064453125,
    0.12353515625,
    0.1298828125,
    0.09130859375,
    0.08740234375,
    0.1103515625,
    0.1484375,
    0.1328125
  ],
  "tv_mean": 0.3203125,
  "tv_std": 0.04254496097564697,
  "tv_per_prompt": [
    0.359375,
    0.451171875,
    0.30078125,
    0.33984375,
    0.2470703125,
    0.40625,
    0.287109375,
    0.37109375,
    0.271484375,
    0.328125,
    0.328125,
    0.345703125,
    0.38671875,
    0.345703125,
    0.306640625,
    0.287109375,
    0.322265625,
    0.2578125,
    0.365234375,
    0.3203125,
    0.314453125,
    0.341796875,
    0.337890625,
    0.322265625,
    0.294921875,
    0.33203125,
    0.2333984375,
    0.283203125,
    0.310546875,
    0.357421875,
    0.275390625,
    0.322265625,
    0.337890625,
    0.34765625,
    0.328125,
    0.26171875,
    0.33984375,
    0.28125,
    0.271484375,
    0.2578125,
    0.333984375,
    0.359375,
    0.3046875,
    0.345703125,
    0.322265625,
    0.27734375,
    0.259765625,
    0.322265625,
    0.361328125,
    0.349609375
  ],
  "target_model": "Qwen/Qwen2.5-7B-Instruct",
  "draft_model": "Qwen/Qwen2.5-0.5B-Instruct",
  "adapter_path": "results/exp4/chat_lam_0.05/final",
  "domain": "chat",
  "divergence_types": [
    "kl",
    "js",
    "tv"
  ],
  "max_seq_len": 512,
  "seed": 42
}