{
  "alpha": 0.25561342592592595,
  "alpha_std": 0.08053097128868103,
  "mean_accepted_length": 1.2780671296296295,
  "per_position_alpha": [
    0.4429976851851852,
    0.7158719790986283,
    0.7354014598540146,
    0.6885856079404467,
    0.772972972972973
  ],
  "per_prompt_alpha": [
    0.25833333333333336,
    0.16551724137931034,
    0.17647058823529413,
    0.2410958904109589,
    0.23157894736842105,
    0.17701149425287357,
    0.23513513513513515,
    0.2535211267605634,
    0.44583333333333336,
    0.20512820512820512,
    0.1883720930232558,
    0.3096774193548387,
    0.3525423728813559,
    0.19759036144578312,
    0.3064516129032258,
    0.2591549295774648,
    0.21764705882352942,
    0.46808510638297873,
    0.17701149425287357,
    0.2075,
    0.3064516129032258,
    0.23783783783783785,
    0.14285714285714285,
    0.31290322580645163,
    0.1738095238095238,
    0.19506172839506172,
    0.17209302325581396,
    0.2153846153846154,
    0.3709090909090909,
    0.2608695652173913,
    0.27058823529411763,
    0.3,
    0.25853658536585367,
    0.24166666666666667,
    0.2579710144927536,
    0.1975609756097561,
    0.4,
    0.3111111111111111,
    0.2818181818181818,
    0.2236842105263158,
    0.432,
    0.2571428571428571,
    0.3258064516129032,
    0.3607142857142857,
    0.22077922077922077,
    0.42745098039215684,
    0.21025641025641026,
    0.25277777777777777,
    0.4074074074074074,
    0.24266666666666667
  ],
  "num_prompts": 50,
  "total_tokens_generated": 6342,
  "draft_k": 5,
  "max_new_tokens": 128,
  "target_model": "meta-llama/Llama-3.1-8B-Instruct",
  "draft_model": "meta-llama/Llama-3.2-1B-Instruct",
  "adapter_path": "results/exp4_llama/chat_lam_0.01/final",
  "domain": "chat",
  "seed": 42
}