{
  "num_prompts": 50,
  "avg_seq_len": 45.78,
  "kl_mean": 1.084140658378601,
  "kl_std": 0.3352891206741333,
  "kl_per_prompt": [
    1.65625,
    2.171875,
    1.5,
    1.015625,
    1.28125,
    1.3359375,
    1.3125,
    1.421875,
    1.2890625,
    1.5234375,
    1.328125,
    1.484375,
    0.98046875,
    1.6015625,
    1.421875,
    0.95703125,
    1.46875,
    1.1484375,
    1.71875,
    1.4765625,
    0.94921875,
    0.89453125,
    1.21875,
    0.9375,
    0.91015625,
    0.9140625,
    0.71875,
    1.0,
    0.8125,
    0.96875,
    0.86328125,
    1.0859375,
    1.09375,
    0.88671875,
    0.96484375,
    0.8828125,
    1.0078125,
    0.76953125,
    0.86328125,
    0.90234375,
    0.71484375,
    1.0078125,
    0.80078125,
    0.86328125,
    0.7578125,
    0.74609375,
    0.6796875,
    0.625,
    0.59765625,
    0.67578125
  ],
  "js_mean": 0.1445605456829071,
  "js_std": 0.029623795300722122,
  "js_per_prompt": [
    0.1923828125,
    0.25390625,
    0.173828125,
    0.12353515625,
    0.1484375,
    0.1611328125,
    0.142578125,
    0.173828125,
    0.16015625,
    0.1865234375,
    0.173828125,
    0.1484375,
    0.11669921875,
    0.1923828125,
    0.166015625,
    0.11572265625,
    0.1640625,
    0.1259765625,
    0.1865234375,
    0.1865234375,
    0.1474609375,
    0.140625,
    0.1650390625,
    0.1435546875,
    0.1337890625,
    0.1298828125,
    0.0986328125,
    0.134765625,
    0.115234375,
    0.1435546875,
    0.1181640625,
    0.154296875,
    0.1630859375,
    0.142578125,
    0.138671875,
    0.1298828125,
    0.146484375,
    0.1123046875,
    0.130859375,
    0.142578125,
    0.11865234375,
    0.1494140625,
    0.1279296875,
    0.1435546875,
    0.1279296875,
    0.1123046875,
    0.10595703125,
    0.10791015625,
    0.0966796875,
    0.11376953125
  ],
  "tv_mean": 0.35777342319488525,
  "tv_std": 0.04802624508738518,
  "tv_per_prompt": [
    0.40625,
    0.5234375,
    0.390625,
    0.349609375,
    0.349609375,
    0.37890625,
    0.3359375,
    0.412109375,
    0.3671875,
    0.435546875,
    0.373046875,
    0.349609375,
    0.302734375,
    0.44140625,
    0.3828125,
    0.296875,
    0.3984375,
    0.318359375,
    0.4296875,
    0.447265625,
    0.380859375,
    0.349609375,
    0.396484375,
    0.376953125,
    0.349609375,
    0.341796875,
    0.283203125,
    0.33984375,
    0.3125,
    0.369140625,
    0.31640625,
    0.36328125,
    0.38671875,
    0.361328125,
    0.359375,
    0.333984375,
    0.37109375,
    0.30078125,
    0.326171875,
    0.345703125,
    0.341796875,
    0.3671875,
    0.3359375,
    0.380859375,
    0.314453125,
    0.310546875,
    0.287109375,
    0.318359375,
    0.267578125,
    0.310546875
  ],
  "target_model": "meta-llama/Llama-3.1-8B-Instruct",
  "draft_model": "meta-llama/Llama-3.2-1B-Instruct",
  "adapter_path": "results/exp4_llama/chat_lam_0.01/final",
  "domain": "chat",
  "divergence_types": [
    "kl",
    "js",
    "tv"
  ],
  "max_seq_len": 512,
  "seed": 42
}