{
  "alpha": 0.4063286313381624,
  "alpha_std": 0.08968235552310944,
  "mean_accepted_length": 2.031643156690812,
  "per_position_alpha": [
    0.5669081204727411,
    0.8305312710154674,
    0.8242914979757086,
    0.8526522593320236,
    0.8306451612903226
  ],
  "per_prompt_alpha": [
    0.3389830508474576,
    0.309375,
    0.5380952380952381,
    0.3962962962962963,
    0.3233333333333333,
    0.575,
    0.39245283018867927,
    0.3781818181818182,
    0.4037735849056604,
    0.41568627450980394,
    0.33666666666666667,
    0.45416666666666666,
    0.49130434782608695,
    0.3962962962962963,
    0.3678571428571429,
    0.3684210526315789,
    0.3781818181818182,
    0.40370370370370373,
    0.2953846153846154,
    0.41568627450980394,
    0.49333333333333335,
    0.33114754098360655,
    0.5022222222222222,
    0.3962962962962963,
    0.4583333333333333,
    0.3678571428571429,
    0.40384615384615385,
    0.5609756097560976,
    0.76875,
    0.436,
    0.2676056338028169,
    0.4448979591836735,
    0.48695652173913045,
    0.35789473684210527,
    0.5318181818181819,
    0.48695652173913045,
    0.31290322580645163,
    0.4708333333333333,
    0.3525423728813559,
    0.432,
    0.37142857142857144,
    0.4666666666666667,
    0.34,
    0.49130434782608695,
    0.42745098039215684,
    0.28615384615384615,
    0.3678571428571429,
    0.39615384615384613,
    0.5428571428571428,
    0.3888888888888889
  ],
  "num_prompts": 50,
  "total_tokens_generated": 6465,
  "draft_k": 5,
  "max_new_tokens": 128,
  "target_model": "meta-llama/Llama-3.1-8B-Instruct",
  "draft_model": "meta-llama/Llama-3.2-1B-Instruct",
  "adapter_path": "results/exp4_llama/chat_lam_1.0/final",
  "domain": "chat",
  "seed": 42
}