{
  "num_prompts": 50,
  "avg_seq_len": 45.78,
  "kl_mean": 0.4205859303474426,
  "kl_std": 0.0863880142569542,
  "kl_per_prompt": [
    0.6953125,
    0.58203125,
    0.431640625,
    0.33984375,
    0.447265625,
    0.4453125,
    0.380859375,
    0.59375,
    0.4765625,
    0.490234375,
    0.55078125,
    0.515625,
    0.33984375,
    0.490234375,
    0.419921875,
    0.322265625,
    0.48046875,
    0.375,
    0.625,
    0.515625,
    0.41015625,
    0.451171875,
    0.41015625,
    0.447265625,
    0.40625,
    0.337890625,
    0.271484375,
    0.396484375,
    0.3359375,
    0.373046875,
    0.39453125,
    0.490234375,
    0.388671875,
    0.376953125,
    0.40234375,
    0.365234375,
    0.40234375,
    0.33984375,
    0.388671875,
    0.40625,
    0.3515625,
    0.43359375,
    0.423828125,
    0.435546875,
    0.4375,
    0.341796875,
    0.294921875,
    0.30859375,
    0.361328125,
    0.328125
  ],
  "js_mean": 0.08051269501447678,
  "js_std": 0.014261102303862572,
  "js_per_prompt": [
    0.12158203125,
    0.1123046875,
    0.07958984375,
    0.06689453125,
    0.08544921875,
    0.08935546875,
    0.07080078125,
    0.1025390625,
    0.09375,
    0.09033203125,
    0.10693359375,
    0.0869140625,
    0.06640625,
    0.08984375,
    0.07763671875,
    0.06591796875,
    0.0859375,
    0.06298828125,
    0.10546875,
    0.10400390625,
    0.0869140625,
    0.09033203125,
    0.07568359375,
    0.08837890625,
    0.0791015625,
    0.06787109375,
    0.052001953125,
    0.07080078125,
    0.06396484375,
    0.076171875,
    0.072265625,
    0.08984375,
    0.07666015625,
    0.08154296875,
    0.078125,
    0.0712890625,
    0.0791015625,
    0.0673828125,
    0.078125,
    0.0810546875,
    0.072265625,
    0.0830078125,
    0.07958984375,
    0.08740234375,
    0.0849609375,
    0.0654296875,
    0.05859375,
    0.06689453125,
    0.06884765625,
    0.0673828125
  ],
  "tv_mean": 0.26386719942092896,
  "tv_std": 0.03110704943537712,
  "tv_per_prompt": [
    0.322265625,
    0.341796875,
    0.2578125,
    0.2490234375,
    0.271484375,
    0.2890625,
    0.2294921875,
    0.318359375,
    0.279296875,
    0.2890625,
    0.29296875,
    0.265625,
    0.232421875,
    0.310546875,
    0.2578125,
    0.2216796875,
    0.28125,
    0.220703125,
    0.3203125,
    0.3203125,
    0.2890625,
    0.2734375,
    0.259765625,
    0.29296875,
    0.26953125,
    0.2412109375,
    0.203125,
    0.2353515625,
    0.2333984375,
    0.2734375,
    0.2431640625,
    0.267578125,
    0.259765625,
    0.267578125,
    0.265625,
    0.24609375,
    0.28125,
    0.2314453125,
    0.25,
    0.2578125,
    0.263671875,
    0.265625,
    0.2578125,
    0.29296875,
    0.251953125,
    0.2294921875,
    0.2138671875,
    0.248046875,
    0.2216796875,
    0.2353515625
  ],
  "target_model": "meta-llama/Llama-3.1-8B-Instruct",
  "draft_model": "meta-llama/Llama-3.2-1B-Instruct",
  "adapter_path": "results/exp4_llama/chat_lam_1.0/final",
  "domain": "chat",
  "divergence_types": [
    "kl",
    "js",
    "tv"
  ],
  "max_seq_len": 512,
  "seed": 42
}