{
  "alpha": 0.5938569989929506,
  "alpha_std": 0.13099192082881927,
  "mean_accepted_length": 2.9692849949647533,
  "per_position_alpha": [
    0.7059415911379657,
    0.9122681883024251,
    0.9077404222048475,
    0.9224806201550387,
    0.9187675070028011
  ],
  "per_prompt_alpha": [
    0.5348837209302325,
    0.6971428571428572,
    0.5560975609756098,
    0.8620689655172413,
    0.8,
    0.5302325581395348,
    0.6153846153846154,
    0.7393939393939394,
    0.6157894736842106,
    0.5948717948717949,
    0.7454545454545455,
    0.3649122807017544,
    0.5441860465116279,
    0.8129032258064516,
    0.7085714285714285,
    0.8466666666666667,
    0.5022222222222222,
    0.6486486486486487,
    0.4448979591836735,
    0.6666666666666666,
    0.5707317073170731,
    0.6702702702702703,
    0.5302325581395348,
    0.6378378378378379,
    0.78125,
    0.8258064516129032,
    0.5666666666666667,
    0.58,
    0.6432432432432432,
    0.7085714285714285,
    0.6,
    1.0,
    0.5658536585365853,
    0.6368421052631579,
    0.37142857142857144,
    0.4851063829787234,
    0.5348837209302325,
    0.6611111111111111,
    0.5022222222222222,
    0.6263157894736842,
    0.5348837209302325,
    0.45,
    0.4956521739130435,
    0.6432432432432432,
    0.7028571428571428,
    0.42745098039215684,
    0.5756097560975609,
    0.5488372093023256,
    0.5707317073170731,
    0.448
  ],
  "num_prompts": 50,
  "total_tokens_generated": 6481,
  "draft_k": 5,
  "max_new_tokens": 128,
  "target_model": "Qwen/Qwen2.5-7B-Instruct",
  "draft_model": "Qwen/Qwen2.5-0.5B-Instruct",
  "adapter_path": "results/exp4/code_lam_1.0/final",
  "domain": "code",
  "seed": 42
}