{
  "alpha": 0.31637764932562623,
  "alpha_std": 0.08526121079921722,
  "mean_accepted_length": 1.581888246628131,
  "per_position_alpha": [
    0.5073859987154785,
    0.740506329113924,
    0.7692307692307693,
    0.7844444444444445,
    0.8073654390934845
  ],
  "per_prompt_alpha": [
    0.3389830508474576,
    0.1813953488372093,
    0.28615384615384615,
    0.4765957446808511,
    0.3620689655172414,
    0.575,
    0.2128205128205128,
    0.27941176470588236,
    0.34098360655737703,
    0.3258064516129032,
    0.309375,
    0.3719298245614035,
    0.37454545454545457,
    0.3709090909090909,
    0.326984126984127,
    0.3225806451612903,
    0.32063492063492066,
    0.4075471698113208,
    0.30158730158730157,
    0.4075471698113208,
    0.26956521739130435,
    0.28484848484848485,
    0.23243243243243245,
    0.3142857142857143,
    0.2591549295774648,
    0.23733333333333334,
    0.5272727272727272,
    0.2923076923076923,
    0.42,
    0.45416666666666666,
    0.2465753424657534,
    0.26,
    0.2394736842105263,
    0.20512820512820512,
    0.34576271186440677,
    0.2647887323943662,
    0.18620689655172415,
    0.4583333333333333,
    0.33666666666666667,
    0.3258064516129032,
    0.33,
    0.3193548387096774,
    0.30158730158730157,
    0.4448979591836735,
    0.40384615384615385,
    0.35517241379310344,
    0.2153846153846154,
    0.3288135593220339,
    0.31290322580645163,
    0.432
  ],
  "num_prompts": 50,
  "total_tokens_generated": 6460,
  "draft_k": 5,
  "max_new_tokens": 128,
  "target_model": "google/gemma-2-9b-it",
  "draft_model": "google/gemma-2-2b-it",
  "adapter_path": "results/exp3_gemma/chat_lam0.1/final",
  "domain": "chat",
  "seed": 42
}