{
  "alpha": 0.6266736953083817,
  "alpha_std": 0.14256706833839417,
  "mean_accepted_length": 3.133368476541908,
  "per_position_alpha": [
    0.7332630469161835,
    0.9130122214234364,
    0.9228346456692913,
    0.9308873720136519,
    0.9349220898258478
  ],
  "per_prompt_alpha": [
    0.6594594594594595,
    0.6486486486486487,
    0.4956521739130435,
    0.7575757575757576,
    0.775,
    0.5111111111111111,
    0.6378378378378379,
    0.775,
    0.6648648648648648,
    0.5255813953488372,
    0.9407407407407408,
    0.6611111111111111,
    0.509090909090909,
    0.5571428571428572,
    0.6387096774193548,
    0.7515151515151515,
    0.5523809523809524,
    0.8258064516129032,
    0.37142857142857144,
    0.48695652173913045,
    0.9285714285714286,
    0.8689655172413793,
    0.6153846153846154,
    0.86,
    0.5948717948717949,
    0.76875,
    0.5571428571428572,
    0.5255813953488372,
    0.6914285714285714,
    0.59,
    0.5902439024390244,
    1.0,
    0.7235294117647059,
    0.6378378378378379,
    0.5136363636363637,
    0.5476190476190477,
    0.6833333333333333,
    0.631578947368421,
    0.58,
    0.5609756097560976,
    0.7352941176470589,
    0.44081632653061226,
    0.8689655172413793,
    0.58,
    0.6777777777777778,
    0.48695652173913045,
    0.5333333333333333,
    0.8827586206896552,
    0.49130434782608695,
    0.5534883720930233
  ],
  "num_prompts": 50,
  "total_tokens_generated": 6450,
  "draft_k": 5,
  "max_new_tokens": 128,
  "target_model": "google/gemma-2-9b-it",
  "draft_model": "google/gemma-2-2b-it",
  "adapter_path": "results/exp3_gemma/code_lam0.1/final",
  "domain": "code",
  "seed": 42
}