{
  "alpha": 0.30473767885532593,
  "alpha_std": 0.08886868506669998,
  "mean_accepted_length": 1.5236883942766295,
  "per_position_alpha": [
    0.468362480127186,
    0.781398506449423,
    0.7827975673327541,
    0.7913429522752498,
    0.7769985974754559
  ],
  "per_prompt_alpha": [
    0.263768115942029,
    0.22105263157894736,
    0.3508771929824561,
    0.2923076923076923,
    0.17701149425287357,
    0.33448275862068966,
    0.224,
    0.3890909090909091,
    0.29375,
    0.2920634920634921,
    0.24722222222222223,
    0.26865671641791045,
    0.35714285714285715,
    0.3678571428571429,
    0.22133333333333333,
    0.28059701492537314,
    0.2131578947368421,
    0.3413793103448276,
    0.26285714285714284,
    0.36363636363636365,
    0.28484848484848485,
    0.4115384615384615,
    0.33220338983050846,
    0.3559322033898305,
    0.3962962962962963,
    0.2878787878787879,
    0.2507042253521127,
    0.31475409836065577,
    0.25507246376811593,
    0.25753424657534246,
    0.290625,
    0.24722222222222223,
    0.3482758620689655,
    0.3047619047619048,
    0.775,
    0.26857142857142857,
    0.33448275862068966,
    0.32131147540983607,
    0.33559322033898303,
    0.5045454545454545,
    0.2967741935483871,
    0.3508771929824561,
    0.31290322580645163,
    0.4076923076923077,
    0.25970149253731345,
    0.33793103448275863,
    0.28923076923076924,
    0.303125,
    0.3046153846153846,
    0.3114754098360656
  ],
  "num_prompts": 50,
  "total_tokens_generated": 6464,
  "draft_k": 5,
  "max_new_tokens": 128,
  "target_model": "google/gemma-2-9b-it",
  "draft_model": "google/gemma-2-2b-it",
  "adapter_path": "results/exp3_gemma/medical_lam0.1/final",
  "domain": "medical",
  "seed": 42
}