{
  "num_prompts": 50,
  "avg_seq_len": 98.74,
  "kl_mean": 0.6473827958106995,
  "kl_std": 0.2098107486963272,
  "kl_per_prompt": [
    1.0,
    1.0390625,
    0.95703125,
    0.765625,
    0.66015625,
    0.734375,
    1.234375,
    0.62890625,
    0.83203125,
    0.84375,
    0.625,
    0.54296875,
    0.859375,
    0.8515625,
    0.8359375,
    1.0390625,
    0.671875,
    0.76953125,
    0.80078125,
    0.8203125,
    0.41796875,
    0.6796875,
    0.89453125,
    0.47265625,
    0.73046875,
    0.435546875,
    0.59765625,
    0.578125,
    0.37109375,
    0.470703125,
    0.30859375,
    0.48828125,
    0.83203125,
    0.408203125,
    0.62890625,
    0.5,
    0.59375,
    0.41796875,
    0.62890625,
    0.5390625,
    0.470703125,
    0.35546875,
    0.474609375,
    0.53125,
    0.54296875,
    0.30078125,
    0.52734375,
    0.65234375,
    0.4375,
    0.5703125
  ],
  "js_mean": 0.08606933802366257,
  "js_std": 0.021165119484066963,
  "js_per_prompt": [
    0.10400390625,
    0.11328125,
    0.10888671875,
    0.0849609375,
    0.0771484375,
    0.109375,
    0.150390625,
    0.078125,
    0.0830078125,
    0.09619140625,
    0.0654296875,
    0.0771484375,
    0.1044921875,
    0.10400390625,
    0.09228515625,
    0.11572265625,
    0.1005859375,
    0.091796875,
    0.1015625,
    0.08935546875,
    0.04931640625,
    0.0947265625,
    0.12255859375,
    0.061279296875,
    0.107421875,
    0.058837890625,
    0.083984375,
    0.08447265625,
    0.060302734375,
    0.0654296875,
    0.040283203125,
    0.06640625,
    0.1083984375,
    0.0625,
    0.083984375,
    0.0810546875,
    0.09033203125,
    0.064453125,
    0.09423828125,
    0.0869140625,
    0.0751953125,
    0.058349609375,
    0.08203125,
    0.078125,
    0.083984375,
    0.04638671875,
    0.08837890625,
    0.099609375,
    0.07568359375,
    0.10107421875
  ],
  "tv_mean": 0.22978515923023224,
  "tv_std": 0.04749177768826485,
  "tv_per_prompt": [
    0.2421875,
    0.271484375,
    0.263671875,
    0.2177734375,
    0.2060546875,
    0.283203125,
    0.349609375,
    0.2060546875,
    0.1884765625,
    0.240234375,
    0.1552734375,
    0.2041015625,
    0.271484375,
    0.2470703125,
    0.236328125,
    0.27734375,
    0.265625,
    0.2236328125,
    0.251953125,
    0.2421875,
    0.1435546875,
    0.2578125,
    0.33203125,
    0.173828125,
    0.283203125,
    0.1611328125,
    0.2412109375,
    0.228515625,
    0.171875,
    0.1796875,
    0.12890625,
    0.1806640625,
    0.296875,
    0.1806640625,
    0.20703125,
    0.244140625,
    0.26953125,
    0.1767578125,
    0.25390625,
    0.2470703125,
    0.2275390625,
    0.1845703125,
    0.248046875,
    0.2314453125,
    0.240234375,
    0.142578125,
    0.251953125,
    0.259765625,
    0.2236328125,
    0.27734375
  ],
  "target_model": "google/gemma-2-9b-it",
  "draft_model": "google/gemma-2-2b-it",
  "adapter_path": "results/exp3_gemma/code_lam0.1/final",
  "domain": "code",
  "divergence_types": [
    "kl",
    "js",
    "tv"
  ],
  "max_seq_len": 512,
  "seed": 42
}