{
  "num_prompts": 50,
  "avg_seq_len": 46.08,
  "kl_mean": 1.26953125,
  "kl_std": 0.38141486048698425,
  "kl_per_prompt": [
    1.46875,
    2.65625,
    1.875,
    1.578125,
    1.21875,
    1.4921875,
    1.578125,
    1.4140625,
    1.625,
    1.34375,
    1.6796875,
    1.875,
    1.34375,
    1.7890625,
    1.6484375,
    1.4296875,
    1.40625,
    1.3828125,
    1.5703125,
    2.125,
    1.078125,
    1.109375,
    1.46875,
    1.34375,
    1.046875,
    1.1015625,
    0.78125,
    1.1875,
    0.8125,
    0.87109375,
    1.1015625,
    0.98828125,
    1.2890625,
    1.0,
    1.2109375,
    1.1640625,
    1.140625,
    0.91796875,
    1.1171875,
    1.2109375,
    0.98828125,
    0.984375,
    0.9375,
    1.0546875,
    0.87890625,
    0.91796875,
    0.7734375,
    0.8203125,
    0.85546875,
    0.82421875
  ],
  "js_mean": 0.12451171875,
  "js_std": 0.025430262088775635,
  "js_per_prompt": [
    0.138671875,
    0.2255859375,
    0.158203125,
    0.123046875,
    0.10498046875,
    0.142578125,
    0.12255859375,
    0.1455078125,
    0.1416015625,
    0.1328125,
    0.173828125,
    0.1298828125,
    0.1103515625,
    0.1640625,
    0.173828125,
    0.12060546875,
    0.134765625,
    0.134765625,
    0.1201171875,
    0.146484375,
    0.11376953125,
    0.11572265625,
    0.1376953125,
    0.134765625,
    0.1044921875,
    0.12353515625,
    0.09228515625,
    0.1259765625,
    0.10498046875,
    0.0869140625,
    0.115234375,
    0.0966796875,
    0.1455078125,
    0.123046875,
    0.11328125,
    0.10888671875,
    0.1298828125,
    0.0966796875,
    0.126953125,
    0.126953125,
    0.11572265625,
    0.11279296875,
    0.10400390625,
    0.134765625,
    0.10009765625,
    0.10009765625,
    0.08544921875,
    0.10546875,
    0.10009765625,
    0.099609375
  ],
  "tv_mean": 0.3282421827316284,
  "tv_std": 0.050472795963287354,
  "tv_per_prompt": [
    0.357421875,
    0.498046875,
    0.3828125,
    0.3125,
    0.275390625,
    0.361328125,
    0.3125,
    0.36328125,
    0.353515625,
    0.33984375,
    0.412109375,
    0.34765625,
    0.28125,
    0.4375,
    0.43359375,
    0.314453125,
    0.365234375,
    0.328125,
    0.310546875,
    0.40625,
    0.310546875,
    0.31640625,
    0.34765625,
    0.34765625,
    0.28515625,
    0.33203125,
    0.251953125,
    0.33203125,
    0.2890625,
    0.265625,
    0.294921875,
    0.28125,
    0.373046875,
    0.326171875,
    0.291015625,
    0.306640625,
    0.35546875,
    0.263671875,
    0.32421875,
    0.33203125,
    0.33203125,
    0.30859375,
    0.29296875,
    0.375,
    0.283203125,
    0.27734375,
    0.259765625,
    0.3046875,
    0.26953125,
    0.2890625
  ],
  "target_model": "google/gemma-2-9b-it",
  "draft_model": "google/gemma-2-2b-it",
  "adapter_path": "results/exp3_gemma/chat_lam0.1/final",
  "domain": "chat",
  "divergence_types": [
    "kl",
    "js",
    "tv"
  ],
  "max_seq_len": 512,
  "seed": 42
}