{
  "num_prompts": 50,
  "avg_seq_len": 50.14,
  "kl_mean": 1.0515625476837158,
  "kl_std": 0.26944053173065186,
  "kl_per_prompt": [
    0.84375,
    1.21875,
    1.0390625,
    1.1875,
    1.359375,
    1.296875,
    1.4140625,
    0.953125,
    1.2265625,
    1.390625,
    1.28125,
    1.4140625,
    1.625,
    1.28125,
    1.4921875,
    1.2265625,
    1.625,
    0.984375,
    1.2890625,
    1.4375,
    0.79296875,
    1.09375,
    0.86328125,
    0.6875,
    0.85546875,
    0.99609375,
    1.1640625,
    0.96484375,
    0.6328125,
    0.90625,
    1.21875,
    1.1328125,
    0.90234375,
    1.0859375,
    0.92578125,
    1.0390625,
    0.984375,
    1.140625,
    1.28125,
    0.71875,
    0.6171875,
    0.62109375,
    0.95703125,
    0.765625,
    0.8203125,
    0.73828125,
    0.7734375,
    0.8828125,
    0.67578125,
    0.75390625
  ],
  "js_mean": 0.12509766221046448,
  "js_std": 0.022371508181095123,
  "js_per_prompt": [
    0.1015625,
    0.1337890625,
    0.11572265625,
    0.1318359375,
    0.125,
    0.15625,
    0.146484375,
    0.1015625,
    0.13671875,
    0.1328125,
    0.1328125,
    0.12890625,
    0.1650390625,
    0.1494140625,
    0.16796875,
    0.1484375,
    0.1494140625,
    0.125,
    0.1484375,
    0.15625,
    0.103515625,
    0.126953125,
    0.10302734375,
    0.08740234375,
    0.11328125,
    0.11279296875,
    0.1484375,
    0.126953125,
    0.07958984375,
    0.1162109375,
    0.15625,
    0.1416015625,
    0.11669921875,
    0.1201171875,
    0.11328125,
    0.1357421875,
    0.1279296875,
    0.1318359375,
    0.171875,
    0.09814453125,
    0.1005859375,
    0.095703125,
    0.1318359375,
    0.10693359375,
    0.1025390625,
    0.10107421875,
    0.09375,
    0.1279296875,
    0.095703125,
    0.11376953125
  ],
  "tv_mean": 0.3164648413658142,
  "tv_std": 0.043855275958776474,
  "tv_per_prompt": [
    0.251953125,
    0.32421875,
    0.298828125,
    0.330078125,
    0.302734375,
    0.396484375,
    0.337890625,
    0.2490234375,
    0.33984375,
    0.310546875,
    0.328125,
    0.318359375,
    0.376953125,
    0.353515625,
    0.3984375,
    0.349609375,
    0.349609375,
    0.337890625,
    0.373046875,
    0.375,
    0.283203125,
    0.326171875,
    0.294921875,
    0.2353515625,
    0.306640625,
    0.306640625,
    0.37890625,
    0.337890625,
    0.2216796875,
    0.291015625,
    0.36328125,
    0.359375,
    0.32421875,
    0.28515625,
    0.30078125,
    0.337890625,
    0.3046875,
    0.322265625,
    0.4140625,
    0.27734375,
    0.2890625,
    0.271484375,
    0.326171875,
    0.28515625,
    0.26953125,
    0.267578125,
    0.251953125,
    0.333984375,
    0.2578125,
    0.296875
  ],
  "target_model": "google/gemma-2-9b-it",
  "draft_model": "google/gemma-2-2b-it",
  "adapter_path": "results/exp3_gemma/medical_lam0.1/final",
  "domain": "medical",
  "divergence_types": [
    "kl",
    "js",
    "tv"
  ],
  "max_seq_len": 512,
  "seed": 42
}