{
  "alpha": 0.5775913129318855,
  "alpha_std": 0.13313521444797516,
  "mean_accepted_length": 2.8879565646594276,
  "per_position_alpha": [
    0.6984205330700889,
    0.8975265017667845,
    0.9031496062992126,
    0.9154315605928509,
    0.9228571428571428
  ],
  "per_prompt_alpha": [
    0.8193548387096774,
    0.5395348837209303,
    0.595,
    0.78125,
    0.7085714285714285,
    0.585,
    0.6263157894736842,
    0.5111111111111111,
    0.6944444444444444,
    0.5136363636363637,
    0.8,
    0.6256410256410256,
    0.5348837209302325,
    0.6153846153846154,
    0.6242424242424243,
    0.654054054054054,
    0.6857142857142857,
    0.8266666666666667,
    0.3508771929824561,
    0.5707317073170731,
    0.5707317073170731,
    0.8620689655172413,
    0.5136363636363637,
    0.6914285714285714,
    0.6555555555555556,
    0.6777777777777778,
    0.5948717948717949,
    0.5255813953488372,
    0.7935483870967742,
    0.6368421052631579,
    0.6555555555555556,
    0.9629629629629629,
    0.4074074074074074,
    0.58,
    0.48936170212765956,
    0.4956521739130435,
    0.5948717948717949,
    0.5227272727272727,
    0.6611111111111111,
    0.4808510638297872,
    0.5227272727272727,
    0.3724137931034483,
    0.6421052631578947,
    0.4625,
    0.711764705882353,
    0.34915254237288135,
    0.4723404255319149,
    0.5571428571428572,
    0.432,
    0.46530612244897956
  ],
  "num_prompts": 50,
  "total_tokens_generated": 6462,
  "draft_k": 5,
  "max_new_tokens": 128,
  "target_model": "meta-llama/Llama-3.1-8B-Instruct",
  "draft_model": "meta-llama/Llama-3.2-1B-Instruct",
  "adapter_path": "results/exp6_llama/reverse_kl_lam_0.5/final",
  "domain": "code",
  "seed": 42
}