{
  "num_prompts": 50,
  "avg_seq_len": 88.72,
  "kl_mean": 0.4431836009025574,
  "kl_std": 0.10760646313428879,
  "kl_per_prompt": [
    0.55859375,
    0.69140625,
    0.5234375,
    0.6015625,
    0.39453125,
    0.671875,
    0.5390625,
    0.447265625,
    0.30859375,
    0.421875,
    0.38671875,
    0.453125,
    0.45703125,
    0.53515625,
    0.34375,
    0.388671875,
    0.41796875,
    0.45703125,
    0.498046875,
    0.66015625,
    0.357421875,
    0.45703125,
    0.5546875,
    0.265625,
    0.5703125,
    0.2890625,
    0.4140625,
    0.431640625,
    0.287109375,
    0.5078125,
    0.2490234375,
    0.447265625,
    0.484375,
    0.271484375,
    0.49609375,
    0.447265625,
    0.52734375,
    0.310546875,
    0.515625,
    0.3984375,
    0.4296875,
    0.359375,
    0.41015625,
    0.345703125,
    0.400390625,
    0.2578125,
    0.412109375,
    0.56640625,
    0.412109375,
    0.52734375
  ],
  "js_mean": 0.06979003548622131,
  "js_std": 0.01571512594819069,
  "js_per_prompt": [
    0.08447265625,
    0.1025390625,
    0.0703125,
    0.083984375,
    0.06005859375,
    0.1015625,
    0.07958984375,
    0.06689453125,
    0.042724609375,
    0.06103515625,
    0.0556640625,
    0.06494140625,
    0.07763671875,
    0.07861328125,
    0.05078125,
    0.0576171875,
    0.0751953125,
    0.059814453125,
    0.07177734375,
    0.07568359375,
    0.0595703125,
    0.06982421875,
    0.0888671875,
    0.041748046875,
    0.091796875,
    0.05029296875,
    0.06689453125,
    0.06640625,
    0.0458984375,
    0.0830078125,
    0.0439453125,
    0.0654296875,
    0.07861328125,
    0.05029296875,
    0.07568359375,
    0.0732421875,
    0.0888671875,
    0.0498046875,
    0.0849609375,
    0.06884765625,
    0.07177734375,
    0.0634765625,
    0.0712890625,
    0.0634765625,
    0.0703125,
    0.04345703125,
    0.07177734375,
    0.1005859375,
    0.0712890625,
    0.09716796875
  ],
  "tv_mean": 0.21287108957767487,
  "tv_std": 0.042329635471105576,
  "tv_per_prompt": [
    0.2294921875,
    0.271484375,
    0.1953125,
    0.2177734375,
    0.1650390625,
    0.296875,
    0.2119140625,
    0.208984375,
    0.130859375,
    0.1806640625,
    0.15625,
    0.1953125,
    0.2236328125,
    0.2197265625,
    0.166015625,
    0.1728515625,
    0.2578125,
    0.150390625,
    0.2333984375,
    0.203125,
    0.177734375,
    0.2314453125,
    0.287109375,
    0.1513671875,
    0.255859375,
    0.1689453125,
    0.2333984375,
    0.203125,
    0.154296875,
    0.234375,
    0.1533203125,
    0.19921875,
    0.255859375,
    0.1630859375,
    0.224609375,
    0.2392578125,
    0.287109375,
    0.169921875,
    0.265625,
    0.216796875,
    0.2353515625,
    0.2060546875,
    0.2392578125,
    0.2177734375,
    0.2275390625,
    0.1474609375,
    0.232421875,
    0.28125,
    0.2236328125,
    0.2734375
  ],
  "target_model": "meta-llama/Llama-3.1-8B-Instruct",
  "draft_model": "meta-llama/Llama-3.2-1B-Instruct",
  "adapter_path": "results/exp6_llama/reverse_kl_lam_0.5/final",
  "domain": "code",
  "divergence_types": [
    "kl",
    "js",
    "tv"
  ],
  "max_seq_len": 512,
  "seed": 42
}