{
  "num_prompts": 50,
  "avg_seq_len": 45.26,
  "kl_mean": 0.5054687261581421,
  "kl_std": 0.1249869167804718,
  "kl_per_prompt": [
    0.8359375,
    0.8125,
    0.52734375,
    0.5546875,
    0.4296875,
    0.828125,
    0.470703125,
    0.59375,
    0.470703125,
    0.515625,
    0.60546875,
    0.60546875,
    0.609375,
    0.6015625,
    0.494140625,
    0.447265625,
    0.65625,
    0.390625,
    0.765625,
    0.50390625,
    0.44921875,
    0.5390625,
    0.5625,
    0.453125,
    0.416015625,
    0.43359375,
    0.310546875,
    0.373046875,
    0.423828125,
    0.498046875,
    0.380859375,
    0.61328125,
    0.51171875,
    0.52734375,
    0.431640625,
    0.376953125,
    0.451171875,
    0.37890625,
    0.38671875,
    0.396484375,
    0.40234375,
    0.515625,
    0.42578125,
    0.490234375,
    0.5390625,
    0.369140625,
    0.322265625,
    0.396484375,
    0.67578125,
    0.50390625
  ],
  "js_mean": 0.09610839933156967,
  "js_std": 0.01999105140566826,
  "js_per_prompt": [
    0.12890625,
    0.15234375,
    0.09423828125,
    0.1064453125,
    0.07666015625,
    0.1533203125,
    0.083984375,
    0.115234375,
    0.08642578125,
    0.0927734375,
    0.11767578125,
    0.10595703125,
    0.123046875,
    0.11328125,
    0.09228515625,
    0.09033203125,
    0.09765625,
    0.07080078125,
    0.12890625,
    0.0888671875,
    0.08935546875,
    0.1103515625,
    0.099609375,
    0.08935546875,
    0.08154296875,
    0.09423828125,
    0.058837890625,
    0.0751953125,
    0.0869140625,
    0.10107421875,
    0.07373046875,
    0.10205078125,
    0.10302734375,
    0.1083984375,
    0.08935546875,
    0.0703125,
    0.0947265625,
    0.080078125,
    0.076171875,
    0.068359375,
    0.087890625,
    0.10302734375,
    0.08935546875,
    0.09375,
    0.10498046875,
    0.07373046875,
    0.06884765625,
    0.08642578125,
    0.11962890625,
    0.10595703125
  ],
  "tv_mean": 0.2859179675579071,
  "tv_std": 0.03949571028351784,
  "tv_per_prompt": [
    0.341796875,
    0.390625,
    0.2734375,
    0.310546875,
    0.2333984375,
    0.375,
    0.267578125,
    0.333984375,
    0.2470703125,
    0.29296875,
    0.314453125,
    0.302734375,
    0.357421875,
    0.318359375,
    0.287109375,
    0.265625,
    0.287109375,
    0.2265625,
    0.34375,
    0.275390625,
    0.275390625,
    0.30859375,
    0.296875,
    0.28125,
    0.259765625,
    0.296875,
    0.2041015625,
    0.2431640625,
    0.271484375,
    0.3125,
    0.2392578125,
    0.283203125,
    0.29296875,
    0.31640625,
    0.283203125,
    0.2333984375,
    0.30078125,
    0.24609375,
    0.236328125,
    0.224609375,
    0.294921875,
    0.310546875,
    0.27734375,
    0.29296875,
    0.283203125,
    0.248046875,
    0.2294921875,
    0.28125,
    0.3203125,
    0.306640625
  ],
  "target_model": "Qwen/Qwen2.5-7B-Instruct",
  "draft_model": "Qwen/Qwen2.5-0.5B-Instruct",
  "adapter_path": "results/exp4/chat_lam_0.5/final",
  "domain": "chat",
  "divergence_types": [
    "kl",
    "js",
    "tv"
  ],
  "max_seq_len": 512,
  "seed": 42
}