{
  "alpha": 0.3951933909125047,
  "alpha_std": 0.08180085569620132,
  "mean_accepted_length": 1.9759669545625234,
  "per_position_alpha": [
    0.5471273000375516,
    0.8359643102264928,
    0.825944170771757,
    0.8499005964214712,
    0.8491228070175438
  ],
  "per_prompt_alpha": [
    0.37454545454545457,
    0.40384615384615385,
    0.3389830508474576,
    0.4075471698113208,
    0.4075471698113208,
    0.5560975609756098,
    0.5707317073170731,
    0.4037735849056604,
    0.37142857142857144,
    0.3684210526315789,
    0.432,
    0.3508771929824561,
    0.36140350877192984,
    0.35789473684210527,
    0.5441860465116279,
    0.43673469387755104,
    0.3927272727272727,
    0.32786885245901637,
    0.3423728813559322,
    0.5348837209302325,
    0.3886792452830189,
    0.44,
    0.25142857142857145,
    0.39615384615384613,
    0.5136363636363637,
    0.3888888888888889,
    0.37142857142857144,
    0.24857142857142858,
    0.3607142857142857,
    0.37142857142857144,
    0.5560975609756098,
    0.4076923076923077,
    0.30158730158730157,
    0.428,
    0.36727272727272725,
    0.4808510638297872,
    0.3684210526315789,
    0.432,
    0.36140350877192984,
    0.48695652173913045,
    0.5897435897435898,
    0.3142857142857143,
    0.3814814814814815,
    0.35172413793103446,
    0.3344262295081967,
    0.5116279069767442,
    0.3925925925925926,
    0.5560975609756098,
    0.33666666666666667,
    0.32
  ],
  "num_prompts": 50,
  "total_tokens_generated": 6468,
  "draft_k": 5,
  "max_new_tokens": 128,
  "target_model": "meta-llama/Llama-3.1-8B-Instruct",
  "draft_model": "meta-llama/Llama-3.2-1B-Instruct",
  "adapter_path": "results/exp4_llama/medical_lam_0.1/final",
  "domain": "medical",
  "seed": 42
}