{
  "num_prompts": 50,
  "avg_seq_len": 53.24,
  "kl_mean": 0.794140636920929,
  "kl_std": 0.18859171867370605,
  "kl_per_prompt": [
    0.62109375,
    0.9140625,
    0.9296875,
    0.9921875,
    0.74609375,
    1.1875,
    0.87890625,
    0.68359375,
    1.109375,
    0.7578125,
    1.0078125,
    0.73046875,
    0.89453125,
    1.2109375,
    0.9375,
    0.859375,
    0.7421875,
    1.1640625,
    0.86328125,
    1.0078125,
    0.5859375,
    0.76953125,
    0.75,
    0.58984375,
    0.7578125,
    0.69140625,
    0.7578125,
    0.8203125,
    0.59375,
    0.69140625,
    1.265625,
    0.84375,
    0.76953125,
    0.71875,
    0.66796875,
    0.921875,
    0.67578125,
    0.9296875,
    0.93359375,
    0.5859375,
    0.546875,
    0.62109375,
    0.6015625,
    0.58984375,
    0.5078125,
    0.64453125,
    0.6875,
    0.84375,
    0.546875,
    0.55859375
  ],
  "js_mean": 0.11913085728883743,
  "js_std": 0.022264132276177406,
  "js_per_prompt": [
    0.08837890625,
    0.115234375,
    0.11865234375,
    0.1376953125,
    0.09814453125,
    0.181640625,
    0.1171875,
    0.08251953125,
    0.1357421875,
    0.1064453125,
    0.1337890625,
    0.09423828125,
    0.10986328125,
    0.169921875,
    0.130859375,
    0.1142578125,
    0.09423828125,
    0.15625,
    0.1376953125,
    0.134765625,
    0.09619140625,
    0.12451171875,
    0.11962890625,
    0.09765625,
    0.12109375,
    0.10107421875,
    0.1201171875,
    0.1279296875,
    0.08203125,
    0.111328125,
    0.1669921875,
    0.126953125,
    0.12060546875,
    0.11572265625,
    0.1083984375,
    0.1435546875,
    0.11083984375,
    0.1416015625,
    0.1552734375,
    0.0986328125,
    0.10107421875,
    0.1181640625,
    0.107421875,
    0.10791015625,
    0.091796875,
    0.1123046875,
    0.11865234375,
    0.142578125,
    0.10302734375,
    0.10595703125
  ],
  "tv_mean": 0.3052929639816284,
  "tv_std": 0.046646032482385635,
  "tv_per_prompt": [
    0.228515625,
    0.283203125,
    0.3046875,
    0.341796875,
    0.265625,
    0.43359375,
    0.3046875,
    0.2109375,
    0.328125,
    0.271484375,
    0.337890625,
    0.2451171875,
    0.28515625,
    0.388671875,
    0.3359375,
    0.287109375,
    0.265625,
    0.3984375,
    0.353515625,
    0.3359375,
    0.255859375,
    0.32421875,
    0.326171875,
    0.259765625,
    0.31640625,
    0.275390625,
    0.32421875,
    0.337890625,
    0.2158203125,
    0.291015625,
    0.369140625,
    0.328125,
    0.32421875,
    0.2890625,
    0.28515625,
    0.353515625,
    0.265625,
    0.35546875,
    0.384765625,
    0.271484375,
    0.283203125,
    0.310546875,
    0.29296875,
    0.283203125,
    0.2470703125,
    0.2890625,
    0.296875,
    0.345703125,
    0.2734375,
    0.283203125
  ],
  "target_model": "meta-llama/Llama-3.1-8B-Instruct",
  "draft_model": "meta-llama/Llama-3.2-1B-Instruct",
  "adapter_path": "results/exp4_llama/medical_lam_0.1/final",
  "domain": "medical",
  "divergence_types": [
    "kl",
    "js",
    "tv"
  ],
  "max_seq_len": 512,
  "seed": 42
}