{
  "alpha": 0.5493838862559242,
  "alpha_std": 0.13667921721935272,
  "mean_accepted_length": 2.746919431279621,
  "per_position_alpha": [
    0.6753554502369669,
    0.8919298245614035,
    0.8843430369787569,
    0.9234875444839857,
    0.9036608863198459
  ],
  "per_prompt_alpha": [
    0.5609756097560976,
    0.7575757575757576,
    0.595,
    0.8620689655172413,
    0.6914285714285714,
    0.631578947368421,
    0.432,
    0.7393939393939394,
    0.6368421052631579,
    0.49333333333333335,
    0.7393939393939394,
    0.3111111111111111,
    0.5,
    0.4115384615384615,
    0.7142857142857143,
    0.5022222222222222,
    0.6263157894736842,
    0.595,
    0.5,
    0.5658536585365853,
    0.5707317073170731,
    0.6702702702702703,
    0.5136363636363637,
    0.6153846153846154,
    0.5022222222222222,
    0.8258064516129032,
    0.5428571428571428,
    0.5476190476190477,
    0.6432432432432432,
    0.6,
    0.5897435897435898,
    1.0,
    0.6,
    0.7294117647058823,
    0.4075471698113208,
    0.4851063829787234,
    0.44,
    0.5272727272727272,
    0.5476190476190477,
    0.5666666666666667,
    0.38181818181818183,
    0.4269230769230769,
    0.4666666666666667,
    0.6432432432432432,
    0.6611111111111111,
    0.26571428571428574,
    0.47391304347826085,
    0.58,
    0.5707317073170731,
    0.432
  ],
  "num_prompts": 50,
  "total_tokens_generated": 6481,
  "draft_k": 5,
  "max_new_tokens": 128,
  "target_model": "Qwen/Qwen2.5-7B-Instruct",
  "draft_model": "Qwen/Qwen2.5-0.5B-Instruct",
  "adapter_path": "results/exp4/code_lam_0.5/final",
  "domain": "code",
  "seed": 42
}