{
  "num_prompts": 50,
  "avg_seq_len": 88.6,
  "kl_mean": 0.3120800852775574,
  "kl_std": 0.1505308449268341,
  "kl_per_prompt": [
    0.1904296875,
    0.333984375,
    0.1806640625,
    0.1962890625,
    0.140625,
    0.4140625,
    0.30078125,
    0.26171875,
    0.11279296875,
    0.2216796875,
    0.205078125,
    0.2412109375,
    0.36328125,
    0.185546875,
    0.212890625,
    0.171875,
    0.875,
    0.234375,
    0.373046875,
    0.2041015625,
    0.193359375,
    0.443359375,
    0.494140625,
    0.203125,
    0.5234375,
    0.142578125,
    0.28125,
    0.27734375,
    0.1796875,
    0.31640625,
    0.1318359375,
    0.244140625,
    0.36328125,
    0.26953125,
    0.453125,
    0.3203125,
    0.421875,
    0.1904296875,
    0.3515625,
    0.384765625,
    0.353515625,
    0.296875,
    0.33203125,
    0.306640625,
    0.330078125,
    0.1728515625,
    0.4609375,
    0.69140625,
    0.4140625,
    0.640625
  ],
  "js_mean": 0.062431640923023224,
  "js_std": 0.025177787989377975,
  "js_per_prompt": [
    0.039306640625,
    0.06689453125,
    0.0361328125,
    0.04150390625,
    0.030029296875,
    0.0869140625,
    0.062255859375,
    0.04052734375,
    0.022216796875,
    0.03515625,
    0.0361328125,
    0.051025390625,
    0.06787109375,
    0.039306640625,
    0.046875,
    0.034423828125,
    0.11376953125,
    0.043212890625,
    0.06982421875,
    0.041015625,
    0.04345703125,
    0.0849609375,
    0.09716796875,
    0.046875,
    0.10205078125,
    0.02978515625,
    0.06103515625,
    0.058349609375,
    0.040283203125,
    0.06494140625,
    0.03125,
    0.0537109375,
    0.0771484375,
    0.06201171875,
    0.087890625,
    0.06591796875,
    0.0849609375,
    0.043701171875,
    0.0791015625,
    0.07958984375,
    0.07666015625,
    0.0654296875,
    0.07421875,
    0.06689453125,
    0.07470703125,
    0.039306640625,
    0.09716796875,
    0.1279296875,
    0.08154296875,
    0.119140625
  ],
  "tv_mean": 0.20359374582767487,
  "tv_std": 0.057988155633211136,
  "tv_per_prompt": [
    0.1689453125,
    0.228515625,
    0.1337890625,
    0.1689453125,
    0.12890625,
    0.267578125,
    0.2060546875,
    0.1513671875,
    0.0927734375,
    0.146484375,
    0.1298828125,
    0.1767578125,
    0.2060546875,
    0.1474609375,
    0.1845703125,
    0.1416015625,
    0.30859375,
    0.13671875,
    0.2353515625,
    0.15625,
    0.1494140625,
    0.265625,
    0.302734375,
    0.16796875,
    0.279296875,
    0.1220703125,
    0.21875,
    0.1962890625,
    0.1474609375,
    0.19921875,
    0.12109375,
    0.1845703125,
    0.255859375,
    0.1962890625,
    0.248046875,
    0.2294921875,
    0.267578125,
    0.1611328125,
    0.25390625,
    0.2412109375,
    0.251953125,
    0.21484375,
    0.240234375,
    0.2197265625,
    0.236328125,
    0.142578125,
    0.28515625,
    0.3125,
    0.2392578125,
    0.3125
  ],
  "target_model": "Qwen/Qwen2.5-7B-Instruct",
  "draft_model": "Qwen/Qwen2.5-0.5B-Instruct",
  "adapter_path": "results/exp4/code_lam_0.5/final",
  "domain": "code",
  "divergence_types": [
    "kl",
    "js",
    "tv"
  ],
  "max_seq_len": 512,
  "seed": 42
}