{
  "num_prompts": 50,
  "avg_seq_len": 88.6,
  "kl_mean": 0.5947461128234863,
  "kl_std": 0.17749138176441193,
  "kl_per_prompt": [
    0.76171875,
    0.8671875,
    0.546875,
    0.68359375,
    0.484375,
    0.671875,
    0.8515625,
    0.48046875,
    0.52734375,
    0.625,
    0.5703125,
    0.484375,
    0.76171875,
    0.50390625,
    0.625,
    0.5625,
    0.94921875,
    0.59375,
    0.6640625,
    0.58984375,
    0.380859375,
    0.84765625,
    0.859375,
    0.349609375,
    0.796875,
    0.271484375,
    0.5078125,
    0.56640625,
    0.30078125,
    0.609375,
    0.2431640625,
    0.546875,
    0.625,
    0.376953125,
    0.79296875,
    0.82421875,
    0.76171875,
    0.396484375,
    0.625,
    0.54296875,
    0.546875,
    0.455078125,
    0.55078125,
    0.435546875,
    0.482421875,
    0.271484375,
    0.671875,
    0.89453125,
    0.546875,
    0.8515625
  ],
  "js_mean": 0.09058593958616257,
  "js_std": 0.03174629062414169,
  "js_per_prompt": [
    0.0732421875,
    0.099609375,
    0.056640625,
    0.06982421875,
    0.053466796875,
    0.1259765625,
    0.0966796875,
    0.061767578125,
    0.044921875,
    0.059326171875,
    0.056884765625,
    0.08935546875,
    0.09228515625,
    0.0615234375,
    0.07177734375,
    0.056396484375,
    0.1240234375,
    0.062255859375,
    0.10546875,
    0.06298828125,
    0.05615234375,
    0.134765625,
    0.15234375,
    0.05712890625,
    0.1416015625,
    0.038818359375,
    0.091796875,
    0.0986328125,
    0.06005859375,
    0.10009765625,
    0.0390625,
    0.083984375,
    0.1201171875,
    0.0810546875,
    0.1337890625,
    0.11767578125,
    0.130859375,
    0.07421875,
    0.11328125,
    0.1025390625,
    0.10498046875,
    0.087890625,
    0.10546875,
    0.0888671875,
    0.09765625,
    0.053955078125,
    0.1318359375,
    0.154296875,
    0.1025390625,
    0.1494140625
  ],
  "tv_mean": 0.2454492151737213,
  "tv_std": 0.07027418166399002,
  "tv_per_prompt": [
    0.216796875,
    0.271484375,
    0.158203125,
    0.203125,
    0.166015625,
    0.3203125,
    0.251953125,
    0.185546875,
    0.1162109375,
    0.17578125,
    0.1572265625,
    0.2333984375,
    0.2373046875,
    0.17578125,
    0.2177734375,
    0.169921875,
    0.322265625,
    0.1591796875,
    0.28515625,
    0.189453125,
    0.16796875,
    0.33984375,
    0.3828125,
    0.181640625,
    0.345703125,
    0.134765625,
    0.265625,
    0.265625,
    0.181640625,
    0.255859375,
    0.1328125,
    0.2255859375,
    0.330078125,
    0.224609375,
    0.31640625,
    0.306640625,
    0.349609375,
    0.2099609375,
    0.30859375,
    0.27734375,
    0.298828125,
    0.251953125,
    0.2890625,
    0.25390625,
    0.271484375,
    0.1689453125,
    0.33984375,
    0.3515625,
    0.2734375,
    0.357421875
  ],
  "target_model": "Qwen/Qwen2.5-7B-Instruct",
  "draft_model": "Qwen/Qwen2.5-0.5B-Instruct",
  "adapter_path": "results/exp4/code_lam_0.1/final",
  "domain": "code",
  "divergence_types": [
    "kl",
    "js",
    "tv"
  ],
  "max_seq_len": 512,
  "seed": 42
}