{
  "alpha": 0.6,
  "alpha_std": 0.14413340389728546,
  "mean_accepted_length": 3.0,
  "per_position_alpha": [
    0.7120365667851701,
    0.9065620542082738,
    0.912667191188041,
    0.928448275862069,
    0.9257195914577531
  ],
  "per_prompt_alpha": [
    0.7235294117647059,
    0.8258064516129032,
    0.5395348837209303,
    0.8620689655172413,
    0.7235294117647059,
    0.5714285714285714,
    0.595,
    0.5714285714285714,
    0.6102564102564103,
    0.49130434782608695,
    0.8928571428571429,
    0.5619047619047619,
    0.7935483870967742,
    0.6153846153846154,
    0.7294117647058823,
    0.7352941176470589,
    0.7294117647058823,
    0.8064516129032258,
    0.6,
    0.7294117647058823,
    0.7235294117647059,
    0.7333333333333333,
    0.45416666666666666,
    0.6914285714285714,
    0.6432432432432432,
    0.7176470588235294,
    0.4583333333333333,
    0.6051282051282051,
    0.7454545454545455,
    0.428,
    0.5488372093023256,
    0.9555555555555556,
    0.5302325581395348,
    0.5,
    0.5560975609756098,
    0.6914285714285714,
    0.49333333333333335,
    0.7875,
    0.6888888888888889,
    0.6666666666666666,
    0.7142857142857143,
    0.3586206896551724,
    0.35517241379310344,
    0.6914285714285714,
    0.59,
    0.3781818181818182,
    0.32459016393442625,
    0.6210526315789474,
    0.45416666666666666,
    0.5476190476190477
  ],
  "num_prompts": 50,
  "total_tokens_generated": 6474,
  "draft_k": 5,
  "max_new_tokens": 128,
  "pipeline": "standard",
  "adaptation_steps": 1000,
  "target_adapter": "results/exp1/baseline_code/final",
  "draft_adapter": "results/exp7/draft_adapted_standard_steps_1000"
}