{
  "alpha": 0.5587133941430629,
  "alpha_std": 0.15172463655471802,
  "mean_accepted_length": 2.7935669707153146,
  "per_position_alpha": [
    0.6821891502640423,
    0.8937368050668544,
    0.8905511811023622,
    0.9195402298850575,
    0.9201923076923076
  ],
  "per_prompt_alpha": [
    0.3962962962962963,
    0.86,
    0.2579710144927536,
    0.8620689655172413,
    0.7454545454545455,
    0.7294117647058823,
    0.8064516129032258,
    0.6256410256410256,
    0.5,
    0.5181818181818182,
    0.6914285714285714,
    0.44081632653061226,
    0.585,
    0.5523809523809524,
    0.6153846153846154,
    0.4826086956521739,
    0.6263157894736842,
    0.6555555555555556,
    0.296875,
    0.5853658536585366,
    0.6205128205128205,
    0.8551724137931035,
    0.5111111111111111,
    0.6102564102564103,
    0.6432432432432432,
    0.8258064516129032,
    0.4666666666666667,
    0.6256410256410256,
    0.8266666666666667,
    0.4791666666666667,
    0.59,
    0.9555555555555556,
    0.6153846153846154,
    0.58,
    0.7028571428571428,
    0.40370370370370373,
    0.4,
    0.631578947368421,
    0.49777777777777776,
    0.6153846153846154,
    0.6153846153846154,
    0.4037735849056604,
    0.4826086956521739,
    0.6611111111111111,
    0.5658536585365853,
    0.4115384615384615,
    0.5181818181818182,
    0.6263157894736842,
    0.4235294117647059,
    0.44081632653061226
  ],
  "num_prompts": 50,
  "total_tokens_generated": 6481,
  "draft_k": 5,
  "max_new_tokens": 128,
  "pipeline": "specaware",
  "adaptation_steps": 1000,
  "target_adapter": "results/exp3_spec_aware_code_lam0.1/final",
  "draft_adapter": "results/exp7/draft_adapted_specaware_steps_1000"
}