{
  "alpha": 0.553860819828408,
  "alpha_std": 0.1578928679227829,
  "mean_accepted_length": 2.76930409914204,
  "per_position_alpha": [
    0.6782650142993327,
    0.8945888966971187,
    0.8923802042419482,
    0.9066901408450704,
    0.920388349514563
  ],
  "per_prompt_alpha": [
    0.4075471698113208,
    0.8533333333333334,
    0.2608695652173913,
    0.8266666666666667,
    0.78125,
    0.6594594594594595,
    0.84,
    0.5902439024390244,
    0.5804878048780487,
    0.5111111111111111,
    0.6432432432432432,
    0.4826086956521739,
    0.6153846153846154,
    0.585,
    0.6702702702702703,
    0.5302325581395348,
    0.6914285714285714,
    0.5948717948717949,
    0.28059701492537314,
    0.605,
    0.6,
    0.8620689655172413,
    0.46808510638297873,
    0.59,
    0.6210526315789474,
    0.9285714285714286,
    0.5523809523809524,
    0.654054054054054,
    0.8266666666666667,
    0.5043478260869565,
    0.5441860465116279,
    0.9555555555555556,
    0.5155555555555555,
    0.575,
    0.5441860465116279,
    0.37857142857142856,
    0.40384615384615385,
    0.7235294117647059,
    0.49777777777777776,
    0.6263157894736842,
    0.595,
    0.34,
    0.4489795918367347,
    0.7,
    0.5476190476190477,
    0.45714285714285713,
    0.4530612244897959,
    0.5348837209302325,
    0.432,
    0.4196078431372549
  ],
  "num_prompts": 50,
  "total_tokens_generated": 6485,
  "draft_k": 5,
  "max_new_tokens": 128,
  "pipeline": "specaware",
  "adaptation_steps": 500,
  "target_adapter": "results/exp3_spec_aware_code_lam0.1/final",
  "draft_adapter": "results/exp7/draft_adapted_specaware_steps_500"
}