{
  "alpha": 0.5741049534085336,
  "alpha_std": 0.15173538029193878,
  "mean_accepted_length": 2.870524767042668,
  "per_position_alpha": [
    0.6929867582148111,
    0.9051663128096249,
    0.890539483971853,
    0.922739244951712,
    0.9238820171265462
  ],
  "per_prompt_alpha": [
    0.7294117647058823,
    0.7636363636363637,
    0.6722222222222223,
    0.8266666666666667,
    0.8466666666666667,
    0.5666666666666667,
    0.5756097560975609,
    0.5534883720930233,
    0.59,
    0.6,
    0.8,
    0.46122448979591835,
    0.79375,
    0.58,
    0.7696969696969697,
    0.6648648648648648,
    0.7454545454545455,
    0.84,
    0.48695652173913045,
    0.6368421052631579,
    0.7028571428571428,
    0.6611111111111111,
    0.48695652173913045,
    0.6611111111111111,
    0.5428571428571428,
    0.9407407407407408,
    0.5523809523809524,
    0.5619047619047619,
    0.7176470588235294,
    0.3678571428571429,
    0.6157894736842106,
    0.9555555555555556,
    0.4851063829787234,
    0.45416666666666666,
    0.4115384615384615,
    0.49130434782608695,
    0.41568627450980394,
    0.7028571428571428,
    0.508695652173913,
    0.6051282051282051,
    0.5560975609756098,
    0.428,
    0.4723404255319149,
    0.654054054054054,
    0.4708333333333333,
    0.41568627450980394,
    0.36140350877192984,
    0.6432432432432432,
    0.3886792452830189,
    0.3709090909090909
  ],
  "num_prompts": 50,
  "total_tokens_generated": 6479,
  "draft_k": 5,
  "max_new_tokens": 128,
  "pipeline": "standard",
  "adaptation_steps": 200,
  "target_adapter": "results/exp1/baseline_code/final",
  "draft_adapter": "results/exp7/draft_adapted_standard_steps_200"
}