{
  "alpha": 0.5624336069531627,
  "alpha_std": 0.15746484696865082,
  "mean_accepted_length": 2.8121680347658136,
  "per_position_alpha": [
    0.6851762433606953,
    0.8999295278365046,
    0.8911511354737667,
    0.9112478031634447,
    0.9189971070395371
  ],
  "per_prompt_alpha": [
    0.7352941176470589,
    0.7636363636363637,
    0.5804878048780487,
    0.8266666666666667,
    0.9555555555555556,
    0.5666666666666667,
    0.5395348837209303,
    0.5902439024390244,
    0.59,
    0.5318181818181819,
    0.8,
    0.4666666666666667,
    0.7352941176470589,
    0.509090909090909,
    0.775,
    0.6888888888888889,
    0.5395348837209303,
    0.9923076923076923,
    0.5181818181818182,
    0.5756097560975609,
    0.6432432432432432,
    0.58,
    0.46808510638297873,
    0.631578947368421,
    0.4888888888888889,
    0.9,
    0.5428571428571428,
    0.631578947368421,
    0.6914285714285714,
    0.3781818181818182,
    0.6324324324324324,
    0.9555555555555556,
    0.4489795918367347,
    0.5227272727272727,
    0.3678571428571429,
    0.49130434782608695,
    0.4076923076923077,
    0.6486486486486487,
    0.4851063829787234,
    0.5043478260869565,
    0.575,
    0.4448979591836735,
    0.4723404255319149,
    0.654054054054054,
    0.595,
    0.3925925925925926,
    0.35172413793103446,
    0.5658536585365853,
    0.41568627450980394,
    0.3851851851851852
  ],
  "num_prompts": 50,
  "total_tokens_generated": 6476,
  "draft_k": 5,
  "max_new_tokens": 128,
  "pipeline": "standard",
  "adaptation_steps": 100,
  "target_adapter": "results/exp1/baseline_code/final",
  "draft_adapter": "results/exp7/draft_adapted_standard_steps_100"
}