{
  "alpha": 0.5346976744186046,
  "alpha_std": 0.15919405221939087,
  "mean_accepted_length": 2.6734883720930234,
  "per_position_alpha": [
    0.6609302325581395,
    0.8902181562280085,
    0.8837944664031621,
    0.907871198568873,
    0.9152709359605912
  ],
  "per_prompt_alpha": [
    0.43529411764705883,
    0.7636363636363637,
    0.3258064516129032,
    0.8620689655172413,
    0.8758620689655172,
    0.6648648648648648,
    0.8064516129032258,
    0.5902439024390244,
    0.59,
    0.4666666666666667,
    0.68,
    0.4117647058823529,
    0.6432432432432432,
    0.5428571428571428,
    0.7352941176470589,
    0.5111111111111111,
    0.5707317073170731,
    0.6210526315789474,
    0.28955223880597014,
    0.5609756097560976,
    0.6205128205128205,
    0.82,
    0.4583333333333333,
    0.6102564102564103,
    0.5209302325581395,
    0.9,
    0.5302325581395348,
    0.631578947368421,
    0.6914285714285714,
    0.48695652173913045,
    0.6051282051282051,
    0.9555555555555556,
    0.4723404255319149,
    0.57,
    0.35789473684210527,
    0.31746031746031744,
    0.4076923076923077,
    0.6486486486486487,
    0.4196078431372549,
    0.5066666666666667,
    0.4723404255319149,
    0.375,
    0.4723404255319149,
    0.7085714285714285,
    0.5609756097560976,
    0.41923076923076924,
    0.43137254901960786,
    0.6157894736842106,
    0.44,
    0.3851851851851852
  ],
  "num_prompts": 50,
  "total_tokens_generated": 6477,
  "draft_k": 5,
  "max_new_tokens": 128,
  "pipeline": "specaware",
  "adaptation_steps": 100,
  "target_adapter": "results/exp3_spec_aware_code_lam0.1/final",
  "draft_adapter": "results/exp7/draft_adapted_specaware_steps_100"
}