{
  "alpha": 0.5908817635270541,
  "alpha_std": 0.1499859243631363,
  "mean_accepted_length": 2.9544088176352705,
  "per_position_alpha": [
    0.7064128256513026,
    0.898581560283688,
    0.9155485398579322,
    0.9241379310344827,
    0.9216417910447762
  ],
  "per_prompt_alpha": [
    0.79375,
    0.8533333333333334,
    0.5948717948717949,
    0.8620689655172413,
    0.8758620689655172,
    0.6256410256410256,
    0.6153846153846154,
    0.5902439024390244,
    0.595,
    0.5155555555555555,
    0.8266666666666667,
    0.4808510638297872,
    0.8258064516129032,
    0.59,
    0.7411764705882353,
    0.7352941176470589,
    0.631578947368421,
    0.8064516129032258,
    0.58,
    0.6,
    0.6777777777777778,
    0.6611111111111111,
    0.4115384615384615,
    0.6666666666666666,
    0.6432432432432432,
    0.8129032258064516,
    0.4808510638297872,
    0.595,
    0.76875,
    0.42,
    0.5609756097560976,
    0.9555555555555556,
    0.509090909090909,
    0.5,
    0.48695652173913045,
    0.5707317073170731,
    0.43529411764705883,
    0.7875,
    0.6421052631578947,
    0.6432432432432432,
    0.6833333333333333,
    0.3525423728813559,
    0.3925925925925926,
    0.6777777777777778,
    0.5395348837209303,
    0.43673469387755104,
    0.36140350877192984,
    0.6666666666666666,
    0.4117647058823529,
    0.4448979591836735
  ],
  "num_prompts": 50,
  "total_tokens_generated": 6483,
  "draft_k": 5,
  "max_new_tokens": 128,
  "pipeline": "standard",
  "adaptation_steps": 500,
  "target_adapter": "results/exp1/baseline_code/final",
  "draft_adapter": "results/exp7/draft_adapted_standard_steps_500"
}