{
  "alpha": 0.5327770050996755,
  "alpha_std": 0.15992411971092224,
  "mean_accepted_length": 2.6638850254983772,
  "per_position_alpha": [
    0.6624942049142327,
    0.8880335899230231,
    0.8920409771473601,
    0.8816254416961131,
    0.9198396793587175
  ],
  "per_prompt_alpha": [
    0.3586206896551724,
    0.7636363636363637,
    0.28059701492537314,
    0.8620689655172413,
    0.8827586206896552,
    0.5619047619047619,
    0.7935483870967742,
    0.61,
    0.5571428571428572,
    0.4765957446808511,
    0.6378378378378379,
    0.3925925925925926,
    0.6666666666666666,
    0.5476190476190477,
    0.7085714285714285,
    0.4765957446808511,
    0.6486486486486487,
    0.6971428571428572,
    0.2811594202898551,
    0.5853658536585366,
    0.5658536585365853,
    0.7935483870967742,
    0.44081632653061226,
    0.6153846153846154,
    0.58,
    0.9407407407407408,
    0.4808510638297872,
    0.5348837209302325,
    0.7176470588235294,
    0.4978723404255319,
    0.49777777777777776,
    0.9555555555555556,
    0.4851063829787234,
    0.5333333333333333,
    0.4,
    0.3927272727272727,
    0.4,
    0.6777777777777778,
    0.5022222222222222,
    0.5348837209302325,
    0.509090909090909,
    0.4,
    0.4489795918367347,
    0.7,
    0.5476190476190477,
    0.4448979591836735,
    0.436,
    0.6210526315789474,
    0.44,
    0.3814814814814815
  ],
  "num_prompts": 50,
  "total_tokens_generated": 6474,
  "draft_k": 5,
  "max_new_tokens": 128,
  "pipeline": "specaware",
  "adaptation_steps": 200,
  "target_adapter": "results/exp3_spec_aware_code_lam0.1/final",
  "draft_adapter": "results/exp7/draft_adapted_specaware_steps_200"
}