{
  "standard_ft": {
    "steps": [
      0,
      100,
      200,
      500,
      1000
    ],
    "alpha": [
      0.5495016611295681,
      0.5624336069531627,
      0.5741049534085336,
      0.5908817635270541,
      0.6
    ],
    "alpha_std": [
      0.1526682823896408,
      0.15746484696865082,
      0.15173538029193878,
      0.1499859243631363,
      0.14413340389728546
    ]
  },
  "spec_aware_ft": {
    "steps": [
      0,
      100,
      200,
      500,
      1000
    ],
    "alpha": [
      0.53,
      0.5346976744186046,
      0.5327770050996755,
      0.553860819828408,
      0.5587133941430629
    ],
    "alpha_std": [
      0.1540454477071762,
      0.15919405221939087,
      0.15992411971092224,
      0.1578928679227829,
      0.15172463655471802
    ]
  }
}