{
  "alpha": 0.3041732036397866,
  "alpha_std": 0.09854359179735184,
  "mean_accepted_length": 1.520866018198933,
  "per_position_alpha": [
    0.49168497019140256,
    0.7472878111040204,
    0.7583262169086251,
    0.7713963963963963,
    0.7824817518248175
  ],
  "per_prompt_alpha": [
    0.25,
    0.2818181818181818,
    0.3064516129032258,
    0.30625,
    0.3586206896551724,
    0.2878787878787879,
    0.30793650793650795,
    0.20506329113924052,
    0.31290322580645163,
    0.32131147540983607,
    0.24722222222222223,
    0.29523809523809524,
    0.3423728813559322,
    0.2923076923076923,
    0.24383561643835616,
    0.31746031746031744,
    0.2128205128205128,
    0.26857142857142857,
    0.2535211267605634,
    0.2619718309859155,
    0.3607142857142857,
    0.21842105263157896,
    0.2753623188405797,
    0.8466666666666667,
    0.26285714285714284,
    0.2507042253521127,
    0.3466666666666667,
    0.4448979591836735,
    0.29253731343283584,
    0.3888888888888889,
    0.36727272727272725,
    0.28955223880597014,
    0.444,
    0.28923076923076924,
    0.25555555555555554,
    0.296875,
    0.2909090909090909,
    0.30793650793650795,
    0.37142857142857144,
    0.3096774193548387,
    0.34576271186440677,
    0.32063492063492066,
    0.5523809523809524,
    0.27246376811594203,
    0.22894736842105262,
    0.3508771929824561,
    0.3046153846153846,
    0.26956521739130435,
    0.29393939393939394,
    0.3180327868852459
  ],
  "num_prompts": 50,
  "total_tokens_generated": 6467,
  "draft_k": 5,
  "max_new_tokens": 128,
  "target_model": "Qwen/Qwen2.5-7B-Instruct",
  "draft_model": "Qwen/Qwen2.5-0.5B-Instruct",
  "adapter_path": "results/exp4/chat_lam_0.2/final",
  "domain": "chat",
  "seed": 42
}