{
  "num_prompts": 50,
  "avg_seq_len": 45.26,
  "kl_mean": 0.6128515601158142,
  "kl_std": 0.16275008022785187,
  "kl_per_prompt": [
    0.91015625,
    1.0625,
    0.6015625,
    0.58203125,
    0.51953125,
    1.0234375,
    0.5625,
    0.640625,
    0.87109375,
    0.63671875,
    0.70703125,
    0.6875,
    0.640625,
    0.734375,
    0.64453125,
    0.515625,
    0.91015625,
    0.416015625,
    0.91015625,
    0.58203125,
    0.53125,
    0.63671875,
    0.69140625,
    0.52734375,
    0.64453125,
    0.51171875,
    0.357421875,
    0.470703125,
    0.482421875,
    0.6015625,
    0.427734375,
    0.84765625,
    0.63671875,
    0.60546875,
    0.51171875,
    0.41015625,
    0.51953125,
    0.455078125,
    0.4921875,
    0.5625,
    0.46875,
    0.6875,
    0.478515625,
    0.60546875,
    0.64453125,
    0.419921875,
    0.40625,
    0.462890625,
    0.77734375,
    0.609375
  ],
  "js_mean": 0.10725586116313934,
  "js_std": 0.021501945331692696,
  "js_per_prompt": [
    0.1337890625,
    0.17578125,
    0.09912109375,
    0.11376953125,
    0.07861328125,
    0.1689453125,
    0.09326171875,
    0.12451171875,
    0.09716796875,
    0.10205078125,
    0.12255859375,
    0.115234375,
    0.130859375,
    0.1220703125,
    0.1015625,
    0.09716796875,
    0.10693359375,
    0.076171875,
    0.134765625,
    0.0986328125,
    0.10205078125,
    0.1240234375,
    0.11474609375,
    0.1015625,
    0.09423828125,
    0.10595703125,
    0.06640625,
    0.0869140625,
    0.0986328125,
    0.11474609375,
    0.08251953125,
    0.1201171875,
    0.119140625,
    0.119140625,
    0.10302734375,
    0.07861328125,
    0.107421875,
    0.09228515625,
    0.0888671875,
    0.0791015625,
    0.1005859375,
    0.12109375,
    0.09912109375,
    0.1103515625,
    0.11865234375,
    0.0830078125,
    0.080078125,
    0.099609375,
    0.1357421875,
    0.1220703125
  ],
  "tv_mean": 0.30375000834465027,
  "tv_std": 0.04083774983882904,
  "tv_per_prompt": [
    0.34765625,
    0.423828125,
    0.287109375,
    0.322265625,
    0.2373046875,
    0.388671875,
    0.27734375,
    0.353515625,
    0.259765625,
    0.310546875,
    0.318359375,
    0.322265625,
    0.369140625,
    0.330078125,
    0.29296875,
    0.275390625,
    0.302734375,
    0.2392578125,
    0.35546875,
    0.294921875,
    0.296875,
    0.326171875,
    0.3203125,
    0.302734375,
    0.28125,
    0.31640625,
    0.2197265625,
    0.263671875,
    0.29296875,
    0.3359375,
    0.259765625,
    0.3046875,
    0.31640625,
    0.33203125,
    0.306640625,
    0.2490234375,
    0.322265625,
    0.265625,
    0.25390625,
    0.2412109375,
    0.31640625,
    0.341796875,
    0.29296875,
    0.32421875,
    0.302734375,
    0.265625,
    0.2470703125,
    0.3046875,
    0.34375,
    0.33203125
  ],
  "target_model": "Qwen/Qwen2.5-7B-Instruct",
  "draft_model": "Qwen/Qwen2.5-0.5B-Instruct",
  "adapter_path": "results/exp4/chat_lam_0.2/final",
  "domain": "chat",
  "divergence_types": [
    "kl",
    "js",
    "tv"
  ],
  "max_seq_len": 512,
  "seed": 42
}