{
  "alpha": 0.6158057851239669,
  "alpha_std": 0.1446828991174698,
  "mean_accepted_length": 3.0790289256198347,
  "per_position_alpha": [
    0.7257231404958677,
    0.9167259786476868,
    0.907608695652174,
    0.9238665526090676,
    0.9435185185185185
  ],
  "per_prompt_alpha": [
    0.8064516129032258,
    0.5111111111111111,
    0.7176470588235294,
    0.86,
    0.9,
    0.585,
    0.79375,
    0.7636363636363637,
    0.7085714285714285,
    0.5428571428571428,
    0.8896551724137931,
    0.6914285714285714,
    0.59,
    0.654054054054054,
    0.8758620689655172,
    0.6594594594594595,
    0.595,
    0.7352941176470589,
    0.6421052631578947,
    0.5441860465116279,
    0.654054054054054,
    0.8758620689655172,
    0.7,
    0.6205128205128205,
    0.7176470588235294,
    0.7235294117647059,
    0.6051282051282051,
    0.8266666666666667,
    0.7935483870967742,
    0.5348837209302325,
    0.5523809523809524,
    0.9629629629629629,
    0.452,
    0.5560975609756098,
    0.5136363636363637,
    0.44081632653061226,
    0.6,
    0.4956521739130435,
    0.7085714285714285,
    0.6256410256410256,
    0.452,
    0.4826086956521739,
    0.5658536585365853,
    0.4791666666666667,
    0.711764705882353,
    0.3482758620689655,
    0.4075471698113208,
    0.5571428571428572,
    0.5441860465116279,
    0.4765957446808511
  ],
  "num_prompts": 50,
  "total_tokens_generated": 6492,
  "draft_k": 5,
  "max_new_tokens": 128,
  "target_model": "meta-llama/Llama-3.1-8B-Instruct",
  "draft_model": "meta-llama/Llama-3.2-1B-Instruct",
  "adapter_path": "results/exp4_llama/code_lam_1.0/final",
  "domain": "code",
  "seed": 42
}