{
  "num_prompts": 50,
  "avg_seq_len": 88.72,
  "kl_mean": 0.2962695360183716,
  "kl_std": 0.07963550090789795,
  "kl_per_prompt": [
    0.33984375,
    0.439453125,
    0.326171875,
    0.435546875,
    0.271484375,
    0.380859375,
    0.361328125,
    0.29296875,
    0.1552734375,
    0.263671875,
    0.265625,
    0.2119140625,
    0.33984375,
    0.3984375,
    0.1806640625,
    0.2353515625,
    0.3046875,
    0.328125,
    0.263671875,
    0.48046875,
    0.26953125,
    0.26953125,
    0.33203125,
    0.1708984375,
    0.388671875,
    0.21484375,
    0.2490234375,
    0.275390625,
    0.1806640625,
    0.3515625,
    0.1826171875,
    0.271484375,
    0.328125,
    0.2041015625,
    0.306640625,
    0.287109375,
    0.328125,
    0.1728515625,
    0.357421875,
    0.2890625,
    0.30078125,
    0.2734375,
    0.29296875,
    0.26171875,
    0.30078125,
    0.1689453125,
    0.29296875,
    0.46875,
    0.3203125,
    0.427734375
  ],
  "js_mean": 0.05616699159145355,
  "js_std": 0.014125012792646885,
  "js_per_prompt": [
    0.0654296875,
    0.07958984375,
    0.050537109375,
    0.06689453125,
    0.04736328125,
    0.07373046875,
    0.06201171875,
    0.05078125,
    0.028564453125,
    0.044677734375,
    0.04296875,
    0.041748046875,
    0.06787109375,
    0.0673828125,
    0.034423828125,
    0.044189453125,
    0.06640625,
    0.046875,
    0.051513671875,
    0.05615234375,
    0.05029296875,
    0.054443359375,
    0.0693359375,
    0.032470703125,
    0.0751953125,
    0.043212890625,
    0.049560546875,
    0.053955078125,
    0.037109375,
    0.0693359375,
    0.03759765625,
    0.05029296875,
    0.06494140625,
    0.044921875,
    0.06005859375,
    0.05712890625,
    0.0673828125,
    0.03564453125,
    0.0712890625,
    0.059326171875,
    0.06005859375,
    0.05615234375,
    0.060302734375,
    0.056640625,
    0.06103515625,
    0.036376953125,
    0.06103515625,
    0.09375,
    0.06298828125,
    0.08740234375
  ],
  "tv_mean": 0.18425780534744263,
  "tv_std": 0.04063684120774269,
  "tv_per_prompt": [
    0.19140625,
    0.224609375,
    0.15234375,
    0.189453125,
    0.134765625,
    0.2490234375,
    0.173828125,
    0.17578125,
    0.099609375,
    0.1455078125,
    0.130859375,
    0.1513671875,
    0.205078125,
    0.1943359375,
    0.1337890625,
    0.138671875,
    0.2451171875,
    0.12890625,
    0.1923828125,
    0.1611328125,
    0.1533203125,
    0.203125,
    0.24609375,
    0.1259765625,
    0.2265625,
    0.1494140625,
    0.1943359375,
    0.1767578125,
    0.134765625,
    0.2060546875,
    0.13671875,
    0.166015625,
    0.2275390625,
    0.150390625,
    0.19140625,
    0.2080078125,
    0.2421875,
    0.142578125,
    0.2353515625,
    0.193359375,
    0.208984375,
    0.1904296875,
    0.2158203125,
    0.197265625,
    0.205078125,
    0.1318359375,
    0.2099609375,
    0.265625,
    0.2060546875,
    0.25390625
  ],
  "target_model": "meta-llama/Llama-3.1-8B-Instruct",
  "draft_model": "meta-llama/Llama-3.2-1B-Instruct",
  "adapter_path": "results/exp4_llama/code_lam_1.0/final",
  "domain": "code",
  "divergence_types": [
    "kl",
    "js",
    "tv"
  ],
  "max_seq_len": 512,
  "seed": 42
}