{
  "lm_eval": {
    "mmlu": {
      "acc,none": 0.6427147130038456,
      "acc_stderr,none": 0.003788564340070718
    },
    "mmlu_humanities": {
      "acc,none": 0.5757704569606801,
      "acc_stderr,none": 0.0066687077595153675
    },
    "mmlu_formal_logic": {
      "acc,none": 0.42857142857142855,
      "acc_stderr,none": 0.04426266681379909
    },
    "mmlu_high_school_european_history": {
      "acc,none": 0.7333333333333333,
      "acc_stderr,none": 0.03453131801885417
    },
    "mmlu_high_school_us_history": {
      "acc,none": 0.8431372549019608,
      "acc_stderr,none": 0.02552472232455333
    },
    "mmlu_high_school_world_history": {
      "acc,none": 0.8143459915611815,
      "acc_stderr,none": 0.02531049537694487
    },
    "mmlu_international_law": {
      "acc,none": 0.8099173553719008,
      "acc_stderr,none": 0.03581796951709282
    },
    "mmlu_jurisprudence": {
      "acc,none": 0.7592592592592593,
      "acc_stderr,none": 0.041331194402438376
    },
    "mmlu_logical_fallacies": {
      "acc,none": 0.8159509202453987,
      "acc_stderr,none": 0.030446777687971733
    },
    "mmlu_moral_disputes": {
      "acc,none": 0.7312138728323699,
      "acc_stderr,none": 0.02386800326250011
    },
    "mmlu_moral_scenarios": {
      "acc,none": 0.288268156424581,
      "acc_stderr,none": 0.015149132860209432
    },
    "mmlu_philosophy": {
      "acc,none": 0.7041800643086816,
      "acc_stderr,none": 0.025922371788818788
    },
    "mmlu_prehistory": {
      "acc,none": 0.6975308641975309,
      "acc_stderr,none": 0.02555765398186803
    },
    "mmlu_professional_law": {
      "acc,none": 0.49478487614080835,
      "acc_stderr,none": 0.012769541449652547
    },
    "mmlu_world_religions": {
      "acc,none": 0.8245614035087719,
      "acc_stderr,none": 0.029170885500727654
    },
    "mmlu_other": {
      "acc,none": 0.727711618925008,
      "acc_stderr,none": 0.007703339375200079
    },
    "mmlu_business_ethics": {
      "acc,none": 0.64,
      "acc_stderr,none": 0.048241815132442176
    },
    "mmlu_clinical_knowledge": {
      "acc,none": 0.7811320754716982,
      "acc_stderr,none": 0.025447863825108604
    },
    "mmlu_college_medicine": {
      "acc,none": 0.6358381502890174,
      "acc_stderr,none": 0.03669072477416907
    },
    "mmlu_global_facts": {
      "acc,none": 0.42,
      "acc_stderr,none": 0.049604496374885836
    },
    "mmlu_human_aging": {
      "acc,none": 0.7174887892376681,
      "acc_stderr,none": 0.030216831011508762
    },
    "mmlu_management": {
      "acc,none": 0.8349514563106796,
      "acc_stderr,none": 0.03675668832233189
    },
    "mmlu_marketing": {
      "acc,none": 0.8846153846153846,
      "acc_stderr,none": 0.02093019318517933
    },
    "mmlu_medical_genetics": {
      "acc,none": 0.78,
      "acc_stderr,none": 0.04163331998932261
    },
    "mmlu_miscellaneous": {
      "acc,none": 0.8212005108556832,
      "acc_stderr,none": 0.013702643715368985
    },
    "mmlu_nutrition": {
      "acc,none": 0.7352941176470589,
      "acc_stderr,none": 0.0252616912197295
    },
    "mmlu_professional_accounting": {
      "acc,none": 0.5212765957446809,
      "acc_stderr,none": 0.029800481645628693
    },
    "mmlu_professional_medicine": {
      "acc,none": 0.75,
      "acc_stderr,none": 0.026303648393696036
    },
    "mmlu_virology": {
      "acc,none": 0.5301204819277109,
      "acc_stderr,none": 0.03885425420866766
    },
    "mmlu_social_sciences": {
      "acc,none": 0.7465063373415665,
      "acc_stderr,none": 0.007653223379934792
    },
    "mmlu_econometrics": {
      "acc,none": 0.45614035087719296,
      "acc_stderr,none": 0.046854730419077895
    },
    "mmlu_high_school_geography": {
      "acc,none": 0.803030303030303,
      "acc_stderr,none": 0.028335609732463355
    },
    "mmlu_high_school_government_and_politics": {
      "acc,none": 0.8860103626943006,
      "acc_stderr,none": 0.022935144053919426
    },
    "mmlu_high_school_macroeconomics": {
      "acc,none": 0.6538461538461539,
      "acc_stderr,none": 0.024121125416941183
    },
    "mmlu_high_school_microeconomics": {
      "acc,none": 0.7773109243697479,
      "acc_stderr,none": 0.02702543349888238
    },
    "mmlu_high_school_psychology": {
      "acc,none": 0.8348623853211009,
      "acc_stderr,none": 0.015919557829976075
    },
    "mmlu_human_sexuality": {
      "acc,none": 0.7862595419847328,
      "acc_stderr,none": 0.0359546161177469
    },
    "mmlu_professional_psychology": {
      "acc,none": 0.6748366013071896,
      "acc_stderr,none": 0.018950886770806304
    },
    "mmlu_public_relations": {
      "acc,none": 0.6363636363636364,
      "acc_stderr,none": 0.04607582090719976
    },
    "mmlu_security_studies": {
      "acc,none": 0.726530612244898,
      "acc_stderr,none": 0.028535560337128445
    },
    "mmlu_sociology": {
      "acc,none": 0.8557213930348259,
      "acc_stderr,none": 0.02484575321230605
    },
    "mmlu_us_foreign_policy": {
      "acc,none": 0.84,
      "acc_stderr,none": 0.03684529491774709
    },
    "mmlu_stem": {
      "acc,none": 0.5575642245480494,
      "acc_stderr,none": 0.00850068415597648
    },
    "mmlu_abstract_algebra": {
      "acc,none": 0.37,
      "acc_stderr,none": 0.048523658709391
    },
    "mmlu_anatomy": {
      "acc,none": 0.6518518518518519,
      "acc_stderr,none": 0.041153246103369526
    },
    "mmlu_astronomy": {
      "acc,none": 0.6907894736842105,
      "acc_stderr,none": 0.03761070869867479
    },
    "mmlu_college_biology": {
      "acc,none": 0.8055555555555556,
      "acc_stderr,none": 0.03309615177059005
    },
    "mmlu_college_chemistry": {
      "acc,none": 0.49,
      "acc_stderr,none": 0.05024183937956912
    },
    "mmlu_college_computer_science": {
      "acc,none": 0.47,
      "acc_stderr,none": 0.05016135580465919
    },
    "mmlu_college_mathematics": {
      "acc,none": 0.34,
      "acc_stderr,none": 0.04760952285695235
    },
    "mmlu_college_physics": {
      "acc,none": 0.4117647058823529,
      "acc_stderr,none": 0.048971049527263666
    },
    "mmlu_computer_security": {
      "acc,none": 0.78,
      "acc_stderr,none": 0.04163331998932262
    },
    "mmlu_conceptual_physics": {
      "acc,none": 0.5872340425531914,
      "acc_stderr,none": 0.03218471141400351
    },
    "mmlu_electrical_engineering": {
      "acc,none": 0.6068965517241379,
      "acc_stderr,none": 0.040703290137070705
    },
    "mmlu_elementary_mathematics": {
      "acc,none": 0.46296296296296297,
      "acc_stderr,none": 0.02568056464005688
    },
    "mmlu_high_school_biology": {
      "acc,none": 0.7741935483870968,
      "acc_stderr,none": 0.02378557788418101
    },
    "mmlu_high_school_chemistry": {
      "acc,none": 0.5862068965517241,
      "acc_stderr,none": 0.03465304488406795
    },
    "mmlu_high_school_computer_science": {
      "acc,none": 0.69,
      "acc_stderr,none": 0.04648231987117316
    },
    "mmlu_high_school_mathematics": {
      "acc,none": 0.362962962962963,
      "acc_stderr,none": 0.029318203645206865
    },
    "mmlu_high_school_physics": {
      "acc,none": 0.4105960264900662,
      "acc_stderr,none": 0.04016689594849927
    },
    "mmlu_high_school_statistics": {
      "acc,none": 0.5092592592592593,
      "acc_stderr,none": 0.034093869469927006
    },
    "mmlu_machine_learning": {
      "acc,none": 0.5625,
      "acc_stderr,none": 0.04708567521880525
    }
  },
  "target_model": "meta-llama/Llama-3.1-8B-Instruct",
  "adapter_path": "results/exp4_llama/chat_lam_0.5/final",
  "tasks": [
    "mmlu"
  ],
  "domain": "code",
  "seed": 42
}