{
  "lm_eval": {
    "medqa_4options": {
      "acc,none": 0.622152395915161,
      "acc_stderr,none": 0.013594497828332958,
      "acc_norm,none": 0.622152395915161,
      "acc_norm_stderr,none": 0.013594497828332958
    }
  },
  "target_model": "meta-llama/Llama-3.1-8B-Instruct",
  "adapter_path": null,
  "tasks": [
    "medqa_4options"
  ],
  "domain": "code",
  "seed": 42
}