{
  "lm_eval": {
    "mmlu": {
      "acc,none": 0.7174903859849024,
      "acc_stderr,none": 0.0035822168821521548
    },
    "mmlu_humanities": {
      "acc,none": 0.6354941551540914,
      "acc_stderr,none": 0.006571381946564986
    },
    "mmlu_formal_logic": {
      "acc,none": 0.5634920634920635,
      "acc_stderr,none": 0.04435932892851466
    },
    "mmlu_high_school_european_history": {
      "acc,none": 0.8484848484848485,
      "acc_stderr,none": 0.027998073798781657
    },
    "mmlu_high_school_us_history": {
      "acc,none": 0.8970588235294118,
      "acc_stderr,none": 0.021328337570804358
    },
    "mmlu_high_school_world_history": {
      "acc,none": 0.8776371308016878,
      "acc_stderr,none": 0.02133174182974679
    },
    "mmlu_international_law": {
      "acc,none": 0.8099173553719008,
      "acc_stderr,none": 0.03581796951709282
    },
    "mmlu_jurisprudence": {
      "acc,none": 0.7870370370370371,
      "acc_stderr,none": 0.03957835471980981
    },
    "mmlu_logical_fallacies": {
      "acc,none": 0.8220858895705522,
      "acc_stderr,none": 0.030047357655806635
    },
    "mmlu_moral_disputes": {
      "acc,none": 0.7658959537572254,
      "acc_stderr,none": 0.022797110278071128
    },
    "mmlu_moral_scenarios": {
      "acc,none": 0.41899441340782123,
      "acc_stderr,none": 0.016501579306861674
    },
    "mmlu_philosophy": {
      "acc,none": 0.7363344051446945,
      "acc_stderr,none": 0.02502553850053234
    },
    "mmlu_prehistory": {
      "acc,none": 0.8179012345679012,
      "acc_stderr,none": 0.021473491834808345
    },
    "mmlu_professional_law": {
      "acc,none": 0.5189048239895697,
      "acc_stderr,none": 0.012761104871472648
    },
    "mmlu_world_religions": {
      "acc,none": 0.8245614035087719,
      "acc_stderr,none": 0.029170885500727654
    },
    "mmlu_other": {
      "acc,none": 0.7650466688123592,
      "acc_stderr,none": 0.007294262943936959
    },
    "mmlu_business_ethics": {
      "acc,none": 0.78,
      "acc_stderr,none": 0.04163331998932263
    },
    "mmlu_clinical_knowledge": {
      "acc,none": 0.7773584905660378,
      "acc_stderr,none": 0.025604233470899105
    },
    "mmlu_college_medicine": {
      "acc,none": 0.6705202312138728,
      "acc_stderr,none": 0.03583901754736411
    },
    "mmlu_global_facts": {
      "acc,none": 0.46,
      "acc_stderr,none": 0.05009082659620332
    },
    "mmlu_human_aging": {
      "acc,none": 0.7802690582959642,
      "acc_stderr,none": 0.027790177064383605
    },
    "mmlu_management": {
      "acc,none": 0.883495145631068,
      "acc_stderr,none": 0.03176683948640406
    },
    "mmlu_marketing": {
      "acc,none": 0.9230769230769231,
      "acc_stderr,none": 0.017456987872436186
    },
    "mmlu_medical_genetics": {
      "acc,none": 0.84,
      "acc_stderr,none": 0.0368452949177471
    },
    "mmlu_miscellaneous": {
      "acc,none": 0.8531289910600255,
      "acc_stderr,none": 0.012658201736147293
    },
    "mmlu_nutrition": {
      "acc,none": 0.7875816993464052,
      "acc_stderr,none": 0.023420375478296125
    },
    "mmlu_professional_accounting": {
      "acc,none": 0.5567375886524822,
      "acc_stderr,none": 0.029634838473766
    },
    "mmlu_professional_medicine": {
      "acc,none": 0.7830882352941176,
      "acc_stderr,none": 0.025035845227711264
    },
    "mmlu_virology": {
      "acc,none": 0.5240963855421686,
      "acc_stderr,none": 0.03887971849597264
    },
    "mmlu_social_sciences": {
      "acc,none": 0.8274293142671433,
      "acc_stderr,none": 0.00669846719410248
    },
    "mmlu_econometrics": {
      "acc,none": 0.6666666666666666,
      "acc_stderr,none": 0.044346007015849245
    },
    "mmlu_high_school_geography": {
      "acc,none": 0.8787878787878788,
      "acc_stderr,none": 0.0232531579519421
    },
    "mmlu_high_school_government_and_politics": {
      "acc,none": 0.9430051813471503,
      "acc_stderr,none": 0.016731085293607555
    },
    "mmlu_high_school_macroeconomics": {
      "acc,none": 0.7897435897435897,
      "acc_stderr,none": 0.02066059748502692
    },
    "mmlu_high_school_microeconomics": {
      "acc,none": 0.865546218487395,
      "acc_stderr,none": 0.022159373072744442
    },
    "mmlu_high_school_psychology": {
      "acc,none": 0.9064220183486239,
      "acc_stderr,none": 0.01248684182460198
    },
    "mmlu_human_sexuality": {
      "acc,none": 0.8091603053435115,
      "acc_stderr,none": 0.03446513350752599
    },
    "mmlu_professional_psychology": {
      "acc,none": 0.7598039215686274,
      "acc_stderr,none": 0.01728276069516743
    },
    "mmlu_public_relations": {
      "acc,none": 0.7181818181818181,
      "acc_stderr,none": 0.04309118709946458
    },
    "mmlu_security_studies": {
      "acc,none": 0.7755102040816326,
      "acc_stderr,none": 0.0267114305555384
    },
    "mmlu_sociology": {
      "acc,none": 0.8955223880597015,
      "acc_stderr,none": 0.021628920516700637
    },
    "mmlu_us_foreign_policy": {
      "acc,none": 0.86,
      "acc_stderr,none": 0.03487350880197771
    },
    "mmlu_stem": {
      "acc,none": 0.6856961623850302,
      "acc_stderr,none": 0.007997536231888891
    },
    "mmlu_abstract_algebra": {
      "acc,none": 0.58,
      "acc_stderr,none": 0.049604496374885836
    },
    "mmlu_anatomy": {
      "acc,none": 0.7333333333333333,
      "acc_stderr,none": 0.038201699145179055
    },
    "mmlu_astronomy": {
      "acc,none": 0.8552631578947368,
      "acc_stderr,none": 0.028631951845930415
    },
    "mmlu_college_biology": {
      "acc,none": 0.8680555555555556,
      "acc_stderr,none": 0.028300968382044423
    },
    "mmlu_college_chemistry": {
      "acc,none": 0.53,
      "acc_stderr,none": 0.050161355804659205
    },
    "mmlu_college_computer_science": {
      "acc,none": 0.66,
      "acc_stderr,none": 0.04760952285695237
    },
    "mmlu_college_mathematics": {
      "acc,none": 0.43,
      "acc_stderr,none": 0.04975698519562428
    },
    "mmlu_college_physics": {
      "acc,none": 0.5098039215686274,
      "acc_stderr,none": 0.04974229460422817
    },
    "mmlu_computer_security": {
      "acc,none": 0.78,
      "acc_stderr,none": 0.04163331998932261
    },
    "mmlu_conceptual_physics": {
      "acc,none": 0.7702127659574468,
      "acc_stderr,none": 0.027501752944412414
    },
    "mmlu_electrical_engineering": {
      "acc,none": 0.7103448275862069,
      "acc_stderr,none": 0.03780019230438014
    },
    "mmlu_elementary_mathematics": {
      "acc,none": 0.671957671957672,
      "acc_stderr,none": 0.024180497164376882
    },
    "mmlu_high_school_biology": {
      "acc,none": 0.867741935483871,
      "acc_stderr,none": 0.019272015434846485
    },
    "mmlu_high_school_chemistry": {
      "acc,none": 0.6403940886699507,
      "acc_stderr,none": 0.03376458246509568
    },
    "mmlu_high_school_computer_science": {
      "acc,none": 0.81,
      "acc_stderr,none": 0.039427724440366234
    },
    "mmlu_high_school_mathematics": {
      "acc,none": 0.5481481481481482,
      "acc_stderr,none": 0.03034386299851263
    },
    "mmlu_high_school_physics": {
      "acc,none": 0.5761589403973509,
      "acc_stderr,none": 0.04034846678603395
    },
    "mmlu_high_school_statistics": {
      "acc,none": 0.6759259259259259,
      "acc_stderr,none": 0.03191923445686186
    },
    "mmlu_machine_learning": {
      "acc,none": 0.5267857142857143,
      "acc_stderr,none": 0.047389751192741546
    }
  },
  "target_model": "Qwen/Qwen2.5-7B-Instruct",
  "adapter_path": null,
  "tasks": [
    "mmlu"
  ],
  "domain": "code",
  "seed": 42
}