{
  "num_prompts": 50,
  "avg_seq_len": 88.72,
  "kl_mean": 0.5712109208106995,
  "kl_std": 0.15297876298427582,
  "kl_per_prompt": [
    0.7265625,
    0.96875,
    0.640625,
    0.71484375,
    0.4921875,
    0.92578125,
    0.70703125,
    0.5390625,
    0.42578125,
    0.5546875,
    0.470703125,
    0.69140625,
    0.55078125,
    0.62890625,
    0.494140625,
    0.5078125,
    0.515625,
    0.5625,
    0.7265625,
    0.796875,
    0.39453125,
    0.69140625,
    0.78125,
    0.3046875,
    0.80859375,
    0.3203125,
    0.62109375,
    0.578125,
    0.376953125,
    0.65234375,
    0.28125,
    0.56640625,
    0.62890625,
    0.353515625,
    0.71484375,
    0.59375,
    0.671875,
    0.435546875,
    0.58984375,
    0.5,
    0.50390625,
    0.421875,
    0.5078125,
    0.443359375,
    0.494140625,
    0.337890625,
    0.53125,
    0.6796875,
    0.490234375,
    0.64453125
  ],
  "js_mean": 0.09025390446186066,
  "js_std": 0.022027917206287384,
  "js_per_prompt": [
    0.10888671875,
    0.1416015625,
    0.08837890625,
    0.10302734375,
    0.0751953125,
    0.1455078125,
    0.10498046875,
    0.08203125,
    0.058349609375,
    0.08154296875,
    0.0693359375,
    0.103515625,
    0.09521484375,
    0.095703125,
    0.07177734375,
    0.0751953125,
    0.0927734375,
    0.0751953125,
    0.1103515625,
    0.09423828125,
    0.06689453125,
    0.107421875,
    0.12451171875,
    0.04833984375,
    0.1240234375,
    0.056884765625,
    0.09814453125,
    0.0908203125,
    0.061767578125,
    0.10546875,
    0.05029296875,
    0.083984375,
    0.1005859375,
    0.06298828125,
    0.1103515625,
    0.09765625,
    0.1123046875,
    0.072265625,
    0.09912109375,
    0.0849609375,
    0.083984375,
    0.07373046875,
    0.08837890625,
    0.080078125,
    0.0859375,
    0.056884765625,
    0.09130859375,
    0.11962890625,
    0.08544921875,
    0.11572265625
  ],
  "tv_mean": 0.24025391042232513,
  "tv_std": 0.049643419682979584,
  "tv_per_prompt": [
    0.26171875,
    0.322265625,
    0.2216796875,
    0.240234375,
    0.185546875,
    0.349609375,
    0.24609375,
    0.21875,
    0.15234375,
    0.2099609375,
    0.1708984375,
    0.244140625,
    0.2490234375,
    0.240234375,
    0.2021484375,
    0.1962890625,
    0.28125,
    0.173828125,
    0.28515625,
    0.2294921875,
    0.185546875,
    0.28515625,
    0.3359375,
    0.1591796875,
    0.30078125,
    0.1728515625,
    0.28125,
    0.232421875,
    0.1787109375,
    0.263671875,
    0.16015625,
    0.2255859375,
    0.283203125,
    0.1796875,
    0.271484375,
    0.27734375,
    0.310546875,
    0.203125,
    0.283203125,
    0.240234375,
    0.25390625,
    0.2197265625,
    0.263671875,
    0.236328125,
    0.2490234375,
    0.16796875,
    0.259765625,
    0.306640625,
    0.244140625,
    0.30078125
  ],
  "target_model": "meta-llama/Llama-3.1-8B-Instruct",
  "draft_model": "meta-llama/Llama-3.2-1B-Instruct",
  "adapter_path": "results/exp4_llama/code_lam_0.1/final",
  "domain": "code",
  "divergence_types": [
    "kl",
    "js",
    "tv"
  ],
  "max_seq_len": 512,
  "seed": 42
}