{
  "alpha": 0.5582650602409639,
  "alpha_std": 0.14042353630065918,
  "mean_accepted_length": 2.7913253012048194,
  "per_position_alpha": [
    0.6795180722891566,
    0.8907801418439716,
    0.9060509554140127,
    0.9068541300527241,
    0.9263565891472868
  ],
  "per_prompt_alpha": [
    0.7294117647058823,
    0.4765957446808511,
    0.5380952380952381,
    0.775,
    0.7875,
    0.5523809523809524,
    0.6210526315789474,
    0.4765957446808511,
    0.6432432432432432,
    0.5428571428571428,
    0.8533333333333334,
    0.654054054054054,
    0.631578947368421,
    0.5045454545454545,
    0.5560975609756098,
    0.5523809523809524,
    0.6555555555555556,
    0.8266666666666667,
    0.32786885245901637,
    0.4851063829787234,
    0.5619047619047619,
    0.8620689655172413,
    0.6648648648648648,
    0.7454545454545455,
    0.6324324324324324,
    0.7515151515151515,
    0.6157894736842106,
    0.5255813953488372,
    0.3851851851851852,
    0.5441860465116279,
    0.7028571428571428,
    0.9629629629629629,
    0.46808510638297873,
    0.5476190476190477,
    0.3890909090909091,
    0.46153846153846156,
    0.605,
    0.5227272727272727,
    0.6210526315789474,
    0.5155555555555555,
    0.5707317073170731,
    0.4235294117647059,
    0.6378378378378379,
    0.4583333333333333,
    0.6,
    0.4075471698113208,
    0.3482758620689655,
    0.5658536585365853,
    0.38596491228070173,
    0.46530612244897956
  ],
  "num_prompts": 50,
  "total_tokens_generated": 6457,
  "draft_k": 5,
  "max_new_tokens": 128,
  "target_model": "meta-llama/Llama-3.1-8B-Instruct",
  "draft_model": "meta-llama/Llama-3.2-1B-Instruct",
  "adapter_path": "results/exp6_llama/tv_lam_0.5/final",
  "domain": "code",
  "seed": 42
}