{
  "num_prompts": 50,
  "avg_seq_len": 88.72,
  "kl_mean": 0.5687109231948853,
  "kl_std": 0.15296831727027893,
  "kl_per_prompt": [
    0.70703125,
    0.984375,
    0.625,
    0.71484375,
    0.486328125,
    0.91796875,
    0.69140625,
    0.54296875,
    0.4296875,
    0.546875,
    0.47265625,
    0.69921875,
    0.55078125,
    0.63671875,
    0.484375,
    0.5,
    0.5234375,
    0.5703125,
    0.7265625,
    0.79296875,
    0.396484375,
    0.6875,
    0.7734375,
    0.30078125,
    0.80859375,
    0.32421875,
    0.61328125,
    0.578125,
    0.37109375,
    0.65234375,
    0.275390625,
    0.56640625,
    0.625,
    0.35546875,
    0.71484375,
    0.5859375,
    0.66796875,
    0.4296875,
    0.5859375,
    0.494140625,
    0.5,
    0.421875,
    0.50390625,
    0.44140625,
    0.490234375,
    0.337890625,
    0.52734375,
    0.67578125,
    0.486328125,
    0.640625
  ],
  "js_mean": 0.08912597596645355,
  "js_std": 0.021716134622693062,
  "js_per_prompt": [
    0.10546875,
    0.1416015625,
    0.08447265625,
    0.1025390625,
    0.07421875,
    0.142578125,
    0.10205078125,
    0.08154296875,
    0.059326171875,
    0.08056640625,
    0.06884765625,
    0.103515625,
    0.09423828125,
    0.09716796875,
    0.06982421875,
    0.07421875,
    0.0927734375,
    0.07568359375,
    0.109375,
    0.09375,
    0.06640625,
    0.10498046875,
    0.12158203125,
    0.0478515625,
    0.1240234375,
    0.05712890625,
    0.095703125,
    0.08935546875,
    0.06005859375,
    0.10498046875,
    0.049560546875,
    0.08251953125,
    0.099609375,
    0.06298828125,
    0.1083984375,
    0.0947265625,
    0.11083984375,
    0.0703125,
    0.09814453125,
    0.08349609375,
    0.08251953125,
    0.0732421875,
    0.08642578125,
    0.07958984375,
    0.08447265625,
    0.055908203125,
    0.09033203125,
    0.1181640625,
    0.08447265625,
    0.11474609375
  ],
  "tv_mean": 0.23740234971046448,
  "tv_std": 0.04885970428586006,
  "tv_per_prompt": [
    0.25390625,
    0.318359375,
    0.2119140625,
    0.23828125,
    0.181640625,
    0.341796875,
    0.2392578125,
    0.21875,
    0.154296875,
    0.2060546875,
    0.1689453125,
    0.2451171875,
    0.24609375,
    0.240234375,
    0.197265625,
    0.1953125,
    0.28125,
    0.1748046875,
    0.28125,
    0.2275390625,
    0.1845703125,
    0.28125,
    0.33203125,
    0.158203125,
    0.298828125,
    0.1728515625,
    0.2734375,
    0.23046875,
    0.1748046875,
    0.26171875,
    0.1572265625,
    0.2216796875,
    0.28125,
    0.1796875,
    0.267578125,
    0.271484375,
    0.310546875,
    0.2001953125,
    0.279296875,
    0.2353515625,
    0.25,
    0.21875,
    0.259765625,
    0.2353515625,
    0.24609375,
    0.1640625,
    0.2578125,
    0.302734375,
    0.2421875,
    0.298828125
  ],
  "target_model": "meta-llama/Llama-3.1-8B-Instruct",
  "draft_model": "meta-llama/Llama-3.2-1B-Instruct",
  "adapter_path": "results/exp6_llama/tv_lam_0.5/final",
  "domain": "code",
  "divergence_types": [
    "kl",
    "js",
    "tv"
  ],
  "max_seq_len": 512,
  "seed": 42
}