{
  "alpha": 0.5880582037129954,
  "alpha_std": 0.13235320150852203,
  "mean_accepted_length": 2.9402910185649773,
  "per_position_alpha": [
    0.706472654290015,
    0.8984375,
    0.9011857707509882,
    0.9254385964912281,
    0.9402843601895735
  ],
  "per_prompt_alpha": [
    0.8129032258064516,
    0.5666666666666667,
    0.6205128205128205,
    0.7625,
    0.7085714285714285,
    0.585,
    0.6263157894736842,
    0.711764705882353,
    0.7085714285714285,
    0.5227272727272727,
    0.79375,
    0.6102564102564103,
    0.5302325581395348,
    0.654054054054054,
    0.6242424242424243,
    0.7393939393939394,
    0.6857142857142857,
    0.8266666666666667,
    0.290625,
    0.6051282051282051,
    0.6051282051282051,
    0.8758620689655172,
    0.58,
    0.6914285714285714,
    0.6051282051282051,
    0.7515151515151515,
    0.6263157894736842,
    0.5476190476190477,
    0.7935483870967742,
    0.6368421052631579,
    0.5523809523809524,
    0.9629629629629629,
    0.4808510638297872,
    0.4956521739130435,
    0.5022222222222222,
    0.49130434782608695,
    0.6210526315789474,
    0.4723404255319149,
    0.6611111111111111,
    0.6102564102564103,
    0.4765957446808511,
    0.4448979591836735,
    0.6611111111111111,
    0.4489795918367347,
    0.6210526315789474,
    0.4723404255319149,
    0.4583333333333333,
    0.5571428571428572,
    0.3678571428571429,
    0.46530612244897956
  ],
  "num_prompts": 50,
  "total_tokens_generated": 6445,
  "draft_k": 5,
  "max_new_tokens": 128,
  "target_model": "meta-llama/Llama-3.1-8B-Instruct",
  "draft_model": "meta-llama/Llama-3.2-1B-Instruct",
  "adapter_path": "results/exp4_llama/code_lam_0.5/final",
  "domain": "code",
  "seed": 42
}