{
  "num_prompts": 50,
  "avg_seq_len": 88.72,
  "kl_mean": 0.3537890613079071,
  "kl_std": 0.09121132642030716,
  "kl_per_prompt": [
    0.416015625,
    0.5625,
    0.396484375,
    0.48828125,
    0.314453125,
    0.5078125,
    0.4296875,
    0.353515625,
    0.20703125,
    0.3203125,
    0.294921875,
    0.296875,
    0.373046875,
    0.453125,
    0.2392578125,
    0.28125,
    0.337890625,
    0.365234375,
    0.345703125,
    0.546875,
    0.314453125,
    0.34375,
    0.412109375,
    0.20703125,
    0.478515625,
    0.2421875,
    0.33203125,
    0.333984375,
    0.2197265625,
    0.419921875,
    0.2080078125,
    0.333984375,
    0.376953125,
    0.2294921875,
    0.388671875,
    0.349609375,
    0.408203125,
    0.2275390625,
    0.404296875,
    0.333984375,
    0.3515625,
    0.3125,
    0.345703125,
    0.30078125,
    0.345703125,
    0.2021484375,
    0.353515625,
    0.51953125,
    0.369140625,
    0.494140625
  ],
  "js_mean": 0.06406249850988388,
  "js_std": 0.015687933191657066,
  "js_per_prompt": [
    0.07470703125,
    0.09521484375,
    0.060546875,
    0.07373046875,
    0.052978515625,
    0.09326171875,
    0.0703125,
    0.05908203125,
    0.034423828125,
    0.052734375,
    0.04736328125,
    0.054443359375,
    0.07275390625,
    0.07421875,
    0.04150390625,
    0.050048828125,
    0.0703125,
    0.05078125,
    0.064453125,
    0.064453125,
    0.05712890625,
    0.0654296875,
    0.0810546875,
    0.037109375,
    0.0869140625,
    0.047119140625,
    0.0625,
    0.06103515625,
    0.04248046875,
    0.07861328125,
    0.041015625,
    0.05859375,
    0.0712890625,
    0.048583984375,
    0.07177734375,
    0.06640625,
    0.07958984375,
    0.0439453125,
    0.07666015625,
    0.06494140625,
    0.06640625,
    0.060546875,
    0.06884765625,
    0.062255859375,
    0.0673828125,
    0.041259765625,
    0.0693359375,
    0.1005859375,
    0.06982421875,
    0.09716796875
  ],
  "tv_mean": 0.19997070729732513,
  "tv_std": 0.04325217753648758,
  "tv_per_prompt": [
    0.2099609375,
    0.255859375,
    0.173828125,
    0.201171875,
    0.1474609375,
    0.283203125,
    0.1962890625,
    0.189453125,
    0.11279296875,
    0.1630859375,
    0.1376953125,
    0.17578125,
    0.21484375,
    0.208984375,
    0.1494140625,
    0.1552734375,
    0.25,
    0.1357421875,
    0.2177734375,
    0.177734375,
    0.1689453125,
    0.220703125,
    0.2734375,
    0.1376953125,
    0.2451171875,
    0.158203125,
    0.22265625,
    0.1904296875,
    0.1455078125,
    0.2236328125,
    0.1435546875,
    0.1845703125,
    0.240234375,
    0.1572265625,
    0.212890625,
    0.2265625,
    0.265625,
    0.158203125,
    0.248046875,
    0.20703125,
    0.22265625,
    0.1982421875,
    0.2314453125,
    0.208984375,
    0.21875,
    0.140625,
    0.224609375,
    0.27734375,
    0.2177734375,
    0.271484375
  ],
  "target_model": "meta-llama/Llama-3.1-8B-Instruct",
  "draft_model": "meta-llama/Llama-3.2-1B-Instruct",
  "adapter_path": "results/exp4_llama/code_lam_0.5/final",
  "domain": "code",
  "divergence_types": [
    "kl",
    "js",
    "tv"
  ],
  "max_seq_len": 512,
  "seed": 42
}