{
  "alpha": 0.39248232229251956,
  "alpha_std": 0.08904507756233215,
  "mean_accepted_length": 1.9624116114625978,
  "per_position_alpha": [
    0.5582433941198363,
    0.8046666666666666,
    0.8268434134217068,
    0.8396793587174348,
    0.8711217183770883
  ],
  "per_prompt_alpha": [
    0.41568627450980394,
    0.4,
    0.375,
    0.5136363636363637,
    0.595,
    0.5476190476190477,
    0.59,
    0.2852941176470588,
    0.42745098039215684,
    0.4888888888888889,
    0.375,
    0.30158730158730157,
    0.4196078431372549,
    0.4115384615384615,
    0.5707317073170731,
    0.5209302325581395,
    0.3543859649122807,
    0.38181818181818183,
    0.4115384615384615,
    0.432,
    0.48695652173913045,
    0.36140350877192984,
    0.2,
    0.45416666666666666,
    0.37777777777777777,
    0.33559322033898303,
    0.49333333333333335,
    0.42745098039215684,
    0.5756097560975609,
    0.3821428571428571,
    0.4888888888888889,
    0.3620689655172414,
    0.32459016393442625,
    0.40370370370370373,
    0.424,
    0.37857142857142856,
    0.3781818181818182,
    0.4037735849056604,
    0.4489795918367347,
    0.3111111111111111,
    0.40384615384615385,
    0.32459016393442625,
    0.31746031746031744,
    0.4196078431372549,
    0.35789473684210527,
    0.26956521739130435,
    0.4075471698113208,
    0.2608695652173913,
    0.25277777777777777,
    0.4625
  ],
  "num_prompts": 50,
  "total_tokens_generated": 6460,
  "draft_k": 5,
  "max_new_tokens": 128,
  "target_model": "meta-llama/Llama-3.1-8B-Instruct",
  "draft_model": "meta-llama/Llama-3.2-1B-Instruct",
  "adapter_path": "results/exp4_llama/medical_lam_0.5/final",
  "domain": "medical",
  "seed": 42
}