{
  "num_prompts": 50,
  "avg_seq_len": 53.24,
  "kl_mean": 0.4880078136920929,
  "kl_std": 0.12378523498773575,
  "kl_per_prompt": [
    0.36328125,
    0.482421875,
    0.46484375,
    0.5859375,
    0.400390625,
    0.734375,
    0.478515625,
    0.353515625,
    0.5625,
    0.416015625,
    0.58984375,
    0.388671875,
    0.5,
    0.671875,
    0.57421875,
    0.470703125,
    0.408203125,
    0.80078125,
    0.484375,
    0.478515625,
    0.361328125,
    0.50390625,
    0.45703125,
    0.359375,
    0.4296875,
    0.443359375,
    0.4609375,
    0.482421875,
    0.388671875,
    0.41796875,
    0.98046875,
    0.55078125,
    0.45703125,
    0.470703125,
    0.423828125,
    0.59765625,
    0.4296875,
    0.625,
    0.6640625,
    0.36328125,
    0.3515625,
    0.431640625,
    0.42578125,
    0.404296875,
    0.353515625,
    0.42578125,
    0.52734375,
    0.57421875,
    0.412109375,
    0.41796875
  ],
  "js_mean": 0.08681640774011612,
  "js_std": 0.01852536015212536,
  "js_per_prompt": [
    0.0625,
    0.07763671875,
    0.072265625,
    0.099609375,
    0.0654296875,
    0.1357421875,
    0.08349609375,
    0.053955078125,
    0.08544921875,
    0.0751953125,
    0.09814453125,
    0.0634765625,
    0.0771484375,
    0.11669921875,
    0.09423828125,
    0.07763671875,
    0.06298828125,
    0.12451171875,
    0.09326171875,
    0.0849609375,
    0.068359375,
    0.09521484375,
    0.0869140625,
    0.07080078125,
    0.08154296875,
    0.076171875,
    0.0859375,
    0.08740234375,
    0.062255859375,
    0.07958984375,
    0.138671875,
    0.095703125,
    0.08349609375,
    0.08740234375,
    0.07958984375,
    0.1103515625,
    0.08056640625,
    0.107421875,
    0.123046875,
    0.0712890625,
    0.0732421875,
    0.09033203125,
    0.08544921875,
    0.08349609375,
    0.07275390625,
    0.08154296875,
    0.099609375,
    0.1064453125,
    0.0859375,
    0.0859375
  ],
  "tv_mean": 0.25833985209465027,
  "tv_std": 0.042491503059864044,
  "tv_per_prompt": [
    0.19140625,
    0.234375,
    0.23046875,
    0.291015625,
    0.2158203125,
    0.37890625,
    0.259765625,
    0.166015625,
    0.25,
    0.23046875,
    0.2890625,
    0.2041015625,
    0.244140625,
    0.30859375,
    0.279296875,
    0.236328125,
    0.2119140625,
    0.35546875,
    0.291015625,
    0.267578125,
    0.21484375,
    0.28515625,
    0.275390625,
    0.2197265625,
    0.25390625,
    0.2412109375,
    0.2734375,
    0.271484375,
    0.189453125,
    0.2392578125,
    0.33203125,
    0.28125,
    0.263671875,
    0.24609375,
    0.2373046875,
    0.30859375,
    0.224609375,
    0.310546875,
    0.34375,
    0.2275390625,
    0.2373046875,
    0.271484375,
    0.2578125,
    0.248046875,
    0.2177734375,
    0.2451171875,
    0.26953125,
    0.294921875,
    0.248046875,
    0.251953125
  ],
  "target_model": "meta-llama/Llama-3.1-8B-Instruct",
  "draft_model": "meta-llama/Llama-3.2-1B-Instruct",
  "adapter_path": "results/exp4_llama/medical_lam_0.5/final",
  "domain": "medical",
  "divergence_types": [
    "kl",
    "js",
    "tv"
  ],
  "max_seq_len": 512,
  "seed": 42
}