{
  "alpha": 0.39242761692650335,
  "alpha_std": 0.139804407954216,
  "mean_accepted_length": 1.9621380846325167,
  "per_position_alpha": [
    0.5593912397921307,
    0.8035832780358327,
    0.833195706028076,
    0.8374628344895937,
    0.8449704142011835
  ],
  "per_prompt_alpha": [
    0.4153846153846154,
    0.3193548387096774,
    0.2865671641791045,
    0.25205479452054796,
    0.436,
    0.2818181818181818,
    0.37454545454545457,
    0.41923076923076924,
    0.5181818181818182,
    0.5255813953488372,
    0.3423728813559322,
    0.3543859649122807,
    0.3607142857142857,
    0.5227272727272727,
    0.6702702702702703,
    0.595,
    0.3233333333333333,
    0.296875,
    0.3678571428571429,
    0.4826086956521739,
    0.595,
    0.29846153846153844,
    0.27647058823529413,
    0.49777777777777776,
    0.3389830508474576,
    0.2535211267605634,
    0.38181818181818183,
    0.23243243243243245,
    0.3525423728813559,
    0.432,
    0.6833333333333333,
    0.28405797101449276,
    0.4625,
    0.631578947368421,
    0.41568627450980394,
    0.2818181818181818,
    0.32131147540983607,
    0.595,
    0.68,
    0.3064516129032258,
    0.5395348837209303,
    0.444,
    0.2909090909090909,
    0.31475409836065577,
    0.452,
    0.3925925925925926,
    0.654054054054054,
    0.3586206896551724,
    0.2753623188405797,
    0.8258064516129032
  ],
  "num_prompts": 50,
  "total_tokens_generated": 6473,
  "draft_k": 5,
  "max_new_tokens": 128,
  "target_model": "Qwen/Qwen2.5-7B-Instruct",
  "draft_model": "Qwen/Qwen2.5-0.5B-Instruct",
  "adapter_path": "results/exp4/medical_lam_0.5/final",
  "domain": "medical",
  "seed": 42
}