{
  "num_prompts": 50,
  "avg_seq_len": 52.88,
  "kl_mean": 0.48765623569488525,
  "kl_std": 0.16504156589508057,
  "kl_per_prompt": [
    0.298828125,
    0.462890625,
    0.37890625,
    0.46875,
    0.322265625,
    0.76171875,
    0.408203125,
    0.400390625,
    0.42578125,
    0.390625,
    0.396484375,
    0.515625,
    0.6796875,
    0.51953125,
    0.55078125,
    0.384765625,
    0.375,
    0.765625,
    0.349609375,
    0.482421875,
    0.3359375,
    0.69140625,
    0.33203125,
    0.416015625,
    0.2734375,
    0.45703125,
    0.4609375,
    0.455078125,
    0.408203125,
    0.400390625,
    1.046875,
    0.52734375,
    0.392578125,
    0.55078125,
    0.376953125,
    0.625,
    0.392578125,
    0.80859375,
    1.0078125,
    0.404296875,
    0.376953125,
    0.490234375,
    0.50390625,
    0.31640625,
    0.50390625,
    0.38671875,
    0.6171875,
    0.421875,
    0.486328125,
    0.578125
  ],
  "js_mean": 0.09123046696186066,
  "js_std": 0.024935266003012657,
  "js_per_prompt": [
    0.061767578125,
    0.07080078125,
    0.0703125,
    0.09912109375,
    0.0595703125,
    0.14453125,
    0.06494140625,
    0.056884765625,
    0.0751953125,
    0.06982421875,
    0.083984375,
    0.09423828125,
    0.11328125,
    0.09326171875,
    0.10205078125,
    0.072265625,
    0.0634765625,
    0.1357421875,
    0.06640625,
    0.09619140625,
    0.068359375,
    0.134765625,
    0.0732421875,
    0.08984375,
    0.0556640625,
    0.0791015625,
    0.08984375,
    0.0859375,
    0.08154296875,
    0.0859375,
    0.15625,
    0.10693359375,
    0.0771484375,
    0.1025390625,
    0.08251953125,
    0.1162109375,
    0.080078125,
    0.1337890625,
    0.1591796875,
    0.08203125,
    0.07958984375,
    0.09765625,
    0.099609375,
    0.0732421875,
    0.10693359375,
    0.078125,
    0.1015625,
    0.0869140625,
    0.09619140625,
    0.10693359375
  ],
  "tv_mean": 0.26123046875,
  "tv_std": 0.05024926736950874,
  "tv_per_prompt": [
    0.1904296875,
    0.2119140625,
    0.232421875,
    0.302734375,
    0.189453125,
    0.384765625,
    0.1962890625,
    0.1591796875,
    0.2578125,
    0.203125,
    0.248046875,
    0.2578125,
    0.296875,
    0.265625,
    0.2890625,
    0.2275390625,
    0.19921875,
    0.328125,
    0.224609375,
    0.275390625,
    0.220703125,
    0.345703125,
    0.2412109375,
    0.26953125,
    0.1982421875,
    0.2314453125,
    0.283203125,
    0.271484375,
    0.2041015625,
    0.265625,
    0.3671875,
    0.298828125,
    0.25390625,
    0.271484375,
    0.248046875,
    0.310546875,
    0.2236328125,
    0.34765625,
    0.388671875,
    0.244140625,
    0.248046875,
    0.27734375,
    0.265625,
    0.2275390625,
    0.291015625,
    0.248046875,
    0.263671875,
    0.263671875,
    0.265625,
    0.28515625
  ],
  "target_model": "Qwen/Qwen2.5-7B-Instruct",
  "draft_model": "Qwen/Qwen2.5-0.5B-Instruct",
  "adapter_path": "results/exp4/medical_lam_0.5/final",
  "domain": "medical",
  "divergence_types": [
    "kl",
    "js",
    "tv"
  ],
  "max_seq_len": 512,
  "seed": 42
}