{
  "alpha": 0.349467170849089,
  "alpha_std": 0.09020131081342697,
  "mean_accepted_length": 1.7473358542454451,
  "per_position_alpha": [
    0.5201100034376074,
    0.783212161269002,
    0.8244725738396624,
    0.8004094165813715,
    0.8005115089514067
  ],
  "per_prompt_alpha": [
    0.2923076923076923,
    0.29393939393939394,
    0.432,
    0.27941176470588236,
    0.39245283018867927,
    0.4708333333333333,
    0.3047619047619048,
    0.3607142857142857,
    0.4808510638297872,
    0.5348837209302325,
    0.4530612244897959,
    0.436,
    0.5666666666666667,
    0.436,
    0.3814814814814815,
    0.3180327868852459,
    0.34576271186440677,
    0.37142857142857144,
    0.23783783783783785,
    0.3781818181818182,
    0.3333333333333333,
    0.2875,
    0.4117647058823529,
    0.34576271186440677,
    0.263768115942029,
    0.28059701492537314,
    0.34915254237288135,
    0.5022222222222222,
    0.24722222222222223,
    0.5523809523809524,
    0.35517241379310344,
    0.49130434782608695,
    0.2909090909090909,
    0.22025316455696203,
    0.3,
    0.49777777777777776,
    0.32131147540983607,
    0.33666666666666667,
    0.3377049180327869,
    0.26666666666666666,
    0.315625,
    0.37142857142857144,
    0.3193548387096774,
    0.30158730158730157,
    0.5181818181818182,
    0.33114754098360655,
    0.31290322580645163,
    0.2388888888888889,
    0.43673469387755104,
    0.2571428571428571
  ],
  "num_prompts": 50,
  "total_tokens_generated": 6479,
  "draft_k": 5,
  "max_new_tokens": 128,
  "target_model": "meta-llama/Llama-3.1-8B-Instruct",
  "draft_model": "meta-llama/Llama-3.2-1B-Instruct",
  "adapter_path": "results/exp3_llama_spec_aware_code_lam0.1/final",
  "domain": "chat",
  "seed": 42
}