{
  "alpha": 0.392732665925102,
  "alpha_std": 0.14933991432189941,
  "mean_accepted_length": 1.96366332962551,
  "per_position_alpha": [
    0.5621060437523174,
    0.8014511873350924,
    0.823045267489712,
    0.841,
    0.8608799048751486
  ],
  "per_prompt_alpha": [
    0.4153846153846154,
    0.303125,
    0.20506329113924052,
    0.5707317073170731,
    0.2676470588235294,
    0.3525423728813559,
    0.5441860465116279,
    0.3161290322580645,
    0.3193548387096774,
    0.38181818181818183,
    0.2704225352112676,
    0.26571428571428574,
    0.45714285714285713,
    0.309375,
    0.3607142857142857,
    0.711764705882353,
    0.3649122807017544,
    0.3344262295081967,
    0.9,
    0.5348837209302325,
    0.34915254237288135,
    0.4,
    0.32131147540983607,
    0.30793650793650795,
    0.5476190476190477,
    0.3047619047619048,
    0.309375,
    0.6368421052631579,
    0.5136363636363637,
    0.6102564102564103,
    0.76875,
    0.3586206896551724,
    0.30793650793650795,
    0.444,
    0.3525423728813559,
    0.28484848484848485,
    0.5255813953488372,
    0.2714285714285714,
    0.35789473684210527,
    0.7454545454545455,
    0.3888888888888889,
    0.2878787878787879,
    0.436,
    0.5476190476190477,
    0.37142857142857144,
    0.5534883720930233,
    0.38181818181818183,
    0.32666666666666666,
    0.5272727272727272,
    0.42745098039215684
  ],
  "num_prompts": 50,
  "total_tokens_generated": 6477,
  "draft_k": 5,
  "max_new_tokens": 128,
  "target_model": "meta-llama/Llama-3.1-8B-Instruct",
  "draft_model": "meta-llama/Llama-3.2-1B-Instruct",
  "adapter_path": "results/exp3_llama_spec_aware_code_lam0.1/final",
  "domain": "mixed",
  "seed": 42
}