{
  "alpha": 0.5595775324051848,
  "alpha_std": 0.13164152204990387,
  "mean_accepted_length": 2.797887662025924,
  "per_position_alpha": [
    0.6817090734517522,
    0.8908450704225352,
    0.9043478260869565,
    0.9073426573426573,
    0.9258188824662813
  ],
  "per_prompt_alpha": [
    0.7515151515151515,
    0.5155555555555555,
    0.5227272727272727,
    0.7636363636363637,
    0.7875,
    0.5476190476190477,
    0.6205128205128205,
    0.5853658536585366,
    0.6051282051282051,
    0.4826086956521739,
    0.8533333333333334,
    0.6157894736842106,
    0.4583333333333333,
    0.5560975609756098,
    0.5272727272727272,
    0.5476190476190477,
    0.5318181818181819,
    0.8266666666666667,
    0.45714285714285713,
    0.4851063829787234,
    0.43529411764705883,
    0.8620689655172413,
    0.6153846153846154,
    0.6888888888888889,
    0.6324324324324324,
    0.7515151515151515,
    0.6157894736842106,
    0.5255813953488372,
    0.6611111111111111,
    0.585,
    0.6102564102564103,
    0.9629629629629629,
    0.4782608695652174,
    0.5560975609756098,
    0.3890909090909091,
    0.4625,
    0.6210526315789474,
    0.4956521739130435,
    0.5948717948717949,
    0.4791666666666667,
    0.5318181818181819,
    0.4196078431372549,
    0.6378378378378379,
    0.5714285714285714,
    0.6,
    0.3962962962962963,
    0.39245283018867927,
    0.5658536585365853,
    0.3724137931034483,
    0.4723404255319149
  ],
  "num_prompts": 50,
  "total_tokens_generated": 6491,
  "draft_k": 5,
  "max_new_tokens": 128,
  "target_model": "meta-llama/Llama-3.1-8B-Instruct",
  "draft_model": "meta-llama/Llama-3.2-1B-Instruct",
  "adapter_path": "results/exp3_llama_spec_aware_code_lam0.1/final",
  "domain": "code",
  "seed": 42
}