{
  "alpha": 0.37108175651553016,
  "alpha_std": 0.09186006337404251,
  "mean_accepted_length": 1.8554087825776509,
  "per_position_alpha": [
    0.5426633345233846,
    0.8013157894736842,
    0.8095238095238095,
    0.8174442190669371,
    0.8275434243176178
  ],
  "per_prompt_alpha": [
    0.4,
    0.4076923076923077,
    0.296969696969697,
    0.4808510638297872,
    0.43529411764705883,
    0.30158730158730157,
    0.4392156862745098,
    0.2923076923076923,
    0.32459016393442625,
    0.28615384615384615,
    0.4530612244897959,
    0.3684210526315789,
    0.4489795918367347,
    0.33220338983050846,
    0.58,
    0.3225806451612903,
    0.4666666666666667,
    0.3111111111111111,
    0.3344262295081967,
    0.5523809523809524,
    0.4075471698113208,
    0.35172413793103446,
    0.3586206896551724,
    0.3482758620689655,
    0.4448979591836735,
    0.39245283018867927,
    0.3678571428571429,
    0.2953846153846154,
    0.5707317073170731,
    0.2753623188405797,
    0.4489795918367347,
    0.3678571428571429,
    0.2356164383561644,
    0.33114754098360655,
    0.4076923076923077,
    0.3925925925925926,
    0.40384615384615385,
    0.4076923076923077,
    0.4956521739130435,
    0.26857142857142857,
    0.6368421052631579,
    0.32459016393442625,
    0.2823529411764706,
    0.3111111111111111,
    0.5255813953488372,
    0.30793650793650795,
    0.4666666666666667,
    0.44081632653061226,
    0.27647058823529413,
    0.26
  ],
  "num_prompts": 50,
  "total_tokens_generated": 6478,
  "draft_k": 5,
  "max_new_tokens": 128,
  "target_model": "meta-llama/Llama-3.1-8B-Instruct",
  "draft_model": "meta-llama/Llama-3.2-1B-Instruct",
  "adapter_path": "results/exp3_llama_spec_aware_code_lam0.1/final",
  "domain": "medical",
  "seed": 42
}