{
  "num_prompts": 50,
  "avg_seq_len": 45.78,
  "kl_mean": 0.6884375214576721,
  "kl_std": 0.1568543165922165,
  "kl_per_prompt": [
    1.03125,
    1.03125,
    0.8125,
    0.59765625,
    0.80078125,
    0.86328125,
    0.7109375,
    0.8671875,
    0.75390625,
    0.890625,
    0.85546875,
    0.796875,
    0.5546875,
    1.046875,
    0.88671875,
    0.546875,
    0.83984375,
    0.62890625,
    0.85546875,
    0.90625,
    0.625,
    0.73828125,
    0.71484375,
    0.6953125,
    0.65625,
    0.55859375,
    0.52734375,
    0.62890625,
    0.49609375,
    0.65625,
    0.609375,
    0.78125,
    0.63671875,
    0.578125,
    0.67578125,
    0.578125,
    0.64453125,
    0.53125,
    0.66796875,
    0.76171875,
    0.486328125,
    0.73046875,
    0.66015625,
    0.5703125,
    0.6015625,
    0.45703125,
    0.47265625,
    0.44140625,
    0.482421875,
    0.48046875
  ],
  "js_mean": 0.12237304449081421,
  "js_std": 0.023716289550065994,
  "js_per_prompt": [
    0.1689453125,
    0.17578125,
    0.138671875,
    0.10986328125,
    0.13671875,
    0.1611328125,
    0.1162109375,
    0.1396484375,
    0.1318359375,
    0.15625,
    0.1513671875,
    0.126953125,
    0.09765625,
    0.162109375,
    0.154296875,
    0.10302734375,
    0.1455078125,
    0.0947265625,
    0.14453125,
    0.1650390625,
    0.126953125,
    0.1357421875,
    0.12158203125,
    0.12890625,
    0.12353515625,
    0.10205078125,
    0.09326171875,
    0.10546875,
    0.0908203125,
    0.1220703125,
    0.103515625,
    0.13671875,
    0.11767578125,
    0.11767578125,
    0.12255859375,
    0.10791015625,
    0.1181640625,
    0.0986328125,
    0.1240234375,
    0.130859375,
    0.0947265625,
    0.1298828125,
    0.1162109375,
    0.109375,
    0.111328125,
    0.08447265625,
    0.09033203125,
    0.091796875,
    0.08837890625,
    0.09375
  ],
  "tv_mean": 0.3255273401737213,
  "tv_std": 0.04535976052284241,
  "tv_per_prompt": [
    0.39453125,
    0.42578125,
    0.341796875,
    0.318359375,
    0.33984375,
    0.38671875,
    0.296875,
    0.357421875,
    0.326171875,
    0.392578125,
    0.365234375,
    0.3125,
    0.26953125,
    0.416015625,
    0.388671875,
    0.28125,
    0.369140625,
    0.259765625,
    0.39453125,
    0.41796875,
    0.353515625,
    0.33984375,
    0.322265625,
    0.35546875,
    0.333984375,
    0.296875,
    0.271484375,
    0.28515625,
    0.28125,
    0.341796875,
    0.291015625,
    0.337890625,
    0.314453125,
    0.326171875,
    0.32421875,
    0.30078125,
    0.341796875,
    0.27734375,
    0.318359375,
    0.3359375,
    0.2890625,
    0.337890625,
    0.314453125,
    0.3203125,
    0.287109375,
    0.25390625,
    0.267578125,
    0.283203125,
    0.2470703125,
    0.271484375
  ],
  "target_model": "meta-llama/Llama-3.1-8B-Instruct",
  "draft_model": "meta-llama/Llama-3.2-1B-Instruct",
  "adapter_path": "results/exp3_llama_spec_aware_code_lam0.1/final",
  "domain": "chat",
  "divergence_types": [
    "kl",
    "js",
    "tv"
  ],
  "max_seq_len": 512,
  "seed": 42
}