{
  "num_prompts": 50,
  "avg_seq_len": 53.24,
  "kl_mean": 0.5933593511581421,
  "kl_std": 0.15240812301635742,
  "kl_per_prompt": [
    0.458984375,
    0.61328125,
    0.404296875,
    0.71875,
    0.4765625,
    0.9609375,
    0.69140625,
    0.462890625,
    0.609375,
    0.57421875,
    0.609375,
    0.53125,
    0.58203125,
    0.70703125,
    0.734375,
    0.5859375,
    0.462890625,
    0.953125,
    0.671875,
    0.63671875,
    0.4375,
    0.5859375,
    0.55078125,
    0.48046875,
    0.45703125,
    0.48046875,
    0.56640625,
    0.546875,
    0.50390625,
    0.515625,
    1.203125,
    0.6171875,
    0.625,
    0.55078125,
    0.5078125,
    0.7578125,
    0.5546875,
    0.7265625,
    0.8203125,
    0.478515625,
    0.43359375,
    0.53515625,
    0.51953125,
    0.5078125,
    0.4375,
    0.46484375,
    0.640625,
    0.72265625,
    0.49609375,
    0.498046875
  ],
  "js_mean": 0.10708007961511612,
  "js_std": 0.02230491116642952,
  "js_per_prompt": [
    0.0791015625,
    0.1005859375,
    0.07861328125,
    0.1259765625,
    0.08349609375,
    0.1689453125,
    0.12353515625,
    0.07421875,
    0.1025390625,
    0.10302734375,
    0.109375,
    0.09130859375,
    0.09326171875,
    0.134765625,
    0.123046875,
    0.0966796875,
    0.08154296875,
    0.1533203125,
    0.1259765625,
    0.1083984375,
    0.08154296875,
    0.1103515625,
    0.1015625,
    0.09326171875,
    0.08837890625,
    0.087890625,
    0.109375,
    0.103515625,
    0.08349609375,
    0.0986328125,
    0.166015625,
    0.10791015625,
    0.111328125,
    0.1025390625,
    0.09765625,
    0.140625,
    0.10205078125,
    0.1298828125,
    0.1552734375,
    0.09033203125,
    0.0869140625,
    0.10986328125,
    0.10498046875,
    0.10302734375,
    0.0888671875,
    0.08984375,
    0.1181640625,
    0.1298828125,
    0.1015625,
    0.1015625
  ],
  "tv_mean": 0.2808789014816284,
  "tv_std": 0.04729368910193443,
  "tv_per_prompt": [
    0.2099609375,
    0.263671875,
    0.23046875,
    0.318359375,
    0.232421875,
    0.416015625,
    0.30859375,
    0.1923828125,
    0.267578125,
    0.265625,
    0.28515625,
    0.2275390625,
    0.259765625,
    0.33203125,
    0.3203125,
    0.251953125,
    0.2294921875,
    0.384765625,
    0.337890625,
    0.28515625,
    0.224609375,
    0.294921875,
    0.28515625,
    0.251953125,
    0.25390625,
    0.2373046875,
    0.298828125,
    0.294921875,
    0.21875,
    0.259765625,
    0.3671875,
    0.28515625,
    0.30078125,
    0.263671875,
    0.263671875,
    0.35546875,
    0.255859375,
    0.328125,
    0.384765625,
    0.248046875,
    0.25390625,
    0.2890625,
    0.283203125,
    0.26953125,
    0.236328125,
    0.259765625,
    0.294921875,
    0.3203125,
    0.26953125,
    0.275390625
  ],
  "target_model": "meta-llama/Llama-3.1-8B-Instruct",
  "draft_model": "meta-llama/Llama-3.2-1B-Instruct",
  "adapter_path": "results/exp3_llama_spec_aware_code_lam0.1/final",
  "domain": "medical",
  "divergence_types": [
    "kl",
    "js",
    "tv"
  ],
  "max_seq_len": 512,
  "seed": 42
}