{
  "num_prompts": 50,
  "avg_seq_len": 44.88,
  "kl_mean": 0.6671093702316284,
  "kl_std": 0.11659418791532516,
  "kl_per_prompt": [
    0.7578125,
    0.625,
    0.83984375,
    0.64453125,
    0.5234375,
    0.62890625,
    0.9140625,
    0.67578125,
    0.61328125,
    0.67578125,
    0.52734375,
    0.67578125,
    0.7578125,
    0.44921875,
    0.63671875,
    0.96484375,
    0.53515625,
    0.76171875,
    0.609375,
    0.4609375,
    0.62890625,
    0.65234375,
    0.5859375,
    0.7421875,
    0.6484375,
    0.72265625,
    0.76171875,
    0.5078125,
    0.515625,
    0.7734375,
    0.67578125,
    0.63671875,
    0.74609375,
    0.8125,
    0.50390625,
    0.72265625,
    0.7109375,
    0.6328125,
    0.80859375,
    0.859375,
    0.59765625,
    0.69140625,
    0.6640625,
    0.53125,
    0.69921875,
    0.5859375,
    0.47265625,
    0.82421875,
    0.7265625,
    0.63671875
  ],
  "js_mean": 0.11604492366313934,
  "js_std": 0.020386356860399246,
  "js_per_prompt": [
    0.1435546875,
    0.10498046875,
    0.15234375,
    0.09033203125,
    0.1005859375,
    0.11083984375,
    0.140625,
    0.11376953125,
    0.10693359375,
    0.10302734375,
    0.09375,
    0.1201171875,
    0.138671875,
    0.07958984375,
    0.115234375,
    0.1630859375,
    0.0966796875,
    0.142578125,
    0.09765625,
    0.08154296875,
    0.10546875,
    0.10791015625,
    0.115234375,
    0.1298828125,
    0.10107421875,
    0.1240234375,
    0.142578125,
    0.08203125,
    0.0966796875,
    0.1337890625,
    0.10693359375,
    0.12353515625,
    0.1396484375,
    0.123046875,
    0.0947265625,
    0.140625,
    0.111328125,
    0.126953125,
    0.1484375,
    0.1328125,
    0.1181640625,
    0.11572265625,
    0.10302734375,
    0.09912109375,
    0.126953125,
    0.0986328125,
    0.08837890625,
    0.1474609375,
    0.115234375,
    0.10693359375
  ],
  "tv_mean": 0.3074609339237213,
  "tv_std": 0.04712815582752228,
  "tv_per_prompt": [
    0.40234375,
    0.275390625,
    0.396484375,
    0.23828125,
    0.275390625,
    0.296875,
    0.36328125,
    0.291015625,
    0.28515625,
    0.2734375,
    0.26171875,
    0.31640625,
    0.359375,
    0.2431640625,
    0.310546875,
    0.392578125,
    0.251953125,
    0.369140625,
    0.265625,
    0.216796875,
    0.30078125,
    0.30859375,
    0.330078125,
    0.345703125,
    0.2734375,
    0.296875,
    0.359375,
    0.2158203125,
    0.263671875,
    0.365234375,
    0.2734375,
    0.32421875,
    0.37890625,
    0.314453125,
    0.28515625,
    0.37109375,
    0.28515625,
    0.34375,
    0.3671875,
    0.32421875,
    0.302734375,
    0.306640625,
    0.271484375,
    0.27734375,
    0.3125,
    0.279296875,
    0.248046875,
    0.36328125,
    0.31640625,
    0.283203125
  ],
  "target_model": "meta-llama/Llama-3.1-8B-Instruct",
  "draft_model": "meta-llama/Llama-3.2-1B-Instruct",
  "adapter_path": "results/exp3_llama_spec_aware_code_lam0.1/final",
  "domain": "mixed",
  "divergence_types": [
    "kl",
    "js",
    "tv"
  ],
  "max_seq_len": 512,
  "seed": 42
}