{
  "alpha": 0.5645863570391872,
  "alpha_std": 0.13552865386009216,
  "mean_accepted_length": 2.8229317851959363,
  "per_position_alpha": [
    0.6889211417513305,
    0.8960674157303371,
    0.890282131661442,
    0.9102112676056338,
    0.9332688588007737
  ],
  "per_prompt_alpha": [
    0.7515151515151515,
    0.5066666666666667,
    0.5136363636363637,
    0.7875,
    0.7235294117647059,
    0.5476190476190477,
    0.6263157894736842,
    0.6857142857142857,
    0.6914285714285714,
    0.4826086956521739,
    0.8533333333333334,
    0.6210526315789474,
    0.4583333333333333,
    0.6157894736842106,
    0.5571428571428572,
    0.5523809523809524,
    0.5318181818181819,
    0.8266666666666667,
    0.3377049180327869,
    0.4851063829787234,
    0.5476190476190477,
    0.8758620689655172,
    0.6153846153846154,
    0.7393939393939394,
    0.6378378378378379,
    0.7515151515151515,
    0.6263157894736842,
    0.5476190476190477,
    0.6210526315789474,
    0.585,
    0.5523809523809524,
    0.9629629629629629,
    0.5155555555555555,
    0.5476190476190477,
    0.3890909090909091,
    0.5,
    0.6210526315789474,
    0.4723404255319149,
    0.6611111111111111,
    0.6102564102564103,
    0.5428571428571428,
    0.4625,
    0.6378378378378379,
    0.4269230769230769,
    0.6,
    0.4075471698113208,
    0.3482758620689655,
    0.5658536585365853,
    0.4036363636363636,
    0.46530612244897956
  ],
  "num_prompts": 50,
  "total_tokens_generated": 6478,
  "draft_k": 5,
  "max_new_tokens": 128,
  "target_model": "meta-llama/Llama-3.1-8B-Instruct",
  "draft_model": "meta-llama/Llama-3.2-1B-Instruct",
  "adapter_path": "results/exp4_llama/code_lam_0.2/final",
  "domain": "code",
  "seed": 42
}