{
  "num_prompts": 50,
  "avg_seq_len": 88.72,
  "kl_mean": 0.515625,
  "kl_std": 0.13846147060394287,
  "kl_per_prompt": [
    0.62109375,
    0.84375,
    0.5625,
    0.64453125,
    0.431640625,
    0.859375,
    0.609375,
    0.4921875,
    0.36328125,
    0.48046875,
    0.412109375,
    0.6171875,
    0.494140625,
    0.578125,
    0.408203125,
    0.42578125,
    0.462890625,
    0.5,
    0.66796875,
    0.71875,
    0.373046875,
    0.62109375,
    0.70703125,
    0.271484375,
    0.73828125,
    0.296875,
    0.55859375,
    0.5234375,
    0.337890625,
    0.609375,
    0.2578125,
    0.5078125,
    0.578125,
    0.326171875,
    0.64453125,
    0.5390625,
    0.6171875,
    0.3828125,
    0.5546875,
    0.46484375,
    0.466796875,
    0.396484375,
    0.46484375,
    0.41015625,
    0.455078125,
    0.296875,
    0.48828125,
    0.6328125,
    0.4609375,
    0.60546875
  ],
  "js_mean": 0.08284179866313934,
  "js_std": 0.020451530814170837,
  "js_per_prompt": [
    0.09716796875,
    0.1259765625,
    0.07861328125,
    0.09375,
    0.06689453125,
    0.134765625,
    0.0927734375,
    0.07568359375,
    0.051025390625,
    0.07275390625,
    0.0615234375,
    0.09228515625,
    0.08642578125,
    0.08837890625,
    0.060546875,
    0.0654296875,
    0.08642578125,
    0.0673828125,
    0.1005859375,
    0.08544921875,
    0.0634765625,
    0.0966796875,
    0.1142578125,
    0.04443359375,
    0.115234375,
    0.053955078125,
    0.08984375,
    0.0830078125,
    0.056640625,
    0.10009765625,
    0.047119140625,
    0.0771484375,
    0.0927734375,
    0.0595703125,
    0.10107421875,
    0.08935546875,
    0.103515625,
    0.064453125,
    0.09375,
    0.080078125,
    0.0791015625,
    0.0703125,
    0.08203125,
    0.07568359375,
    0.08056640625,
    0.052001953125,
    0.08544921875,
    0.11376953125,
    0.08154296875,
    0.111328125
  ],
  "tv_mean": 0.22941406071186066,
  "tv_std": 0.04853300377726555,
  "tv_per_prompt": [
    0.244140625,
    0.302734375,
    0.2041015625,
    0.2294921875,
    0.1708984375,
    0.3359375,
    0.23046875,
    0.2138671875,
    0.142578125,
    0.197265625,
    0.1591796875,
    0.2294921875,
    0.236328125,
    0.2314453125,
    0.1845703125,
    0.1826171875,
    0.2734375,
    0.1640625,
    0.267578125,
    0.2138671875,
    0.1806640625,
    0.26953125,
    0.32421875,
    0.15234375,
    0.2890625,
    0.169921875,
    0.267578125,
    0.2216796875,
    0.169921875,
    0.255859375,
    0.1552734375,
    0.2138671875,
    0.2734375,
    0.173828125,
    0.2578125,
    0.263671875,
    0.302734375,
    0.1904296875,
    0.2734375,
    0.2314453125,
    0.244140625,
    0.21484375,
    0.25390625,
    0.23046875,
    0.2392578125,
    0.1591796875,
    0.25,
    0.296875,
    0.23828125,
    0.29296875
  ],
  "target_model": "meta-llama/Llama-3.1-8B-Instruct",
  "draft_model": "meta-llama/Llama-3.2-1B-Instruct",
  "adapter_path": "results/exp4_llama/code_lam_0.2/final",
  "domain": "code",
  "divergence_types": [
    "kl",
    "js",
    "tv"
  ],
  "max_seq_len": 512,
  "seed": 42
}