{
  "alpha": 0.3817117776152158,
  "alpha_std": 0.0842081606388092,
  "mean_accepted_length": 1.908558888076079,
  "per_position_alpha": [
    0.541697147037308,
    0.8210668467251857,
    0.8273026315789473,
    0.8170974155069582,
    0.843065693430657
  ],
  "per_prompt_alpha": [
    0.3448275862068966,
    0.37454545454545457,
    0.3888888888888889,
    0.5181818181818182,
    0.6486486486486487,
    0.5136363636363637,
    0.48695652173913045,
    0.4,
    0.5209302325581395,
    0.2676470588235294,
    0.432,
    0.32,
    0.509090909090909,
    0.3781818181818182,
    0.5441860465116279,
    0.19753086419753085,
    0.35517241379310344,
    0.29846153846153844,
    0.2923076923076923,
    0.5162790697674419,
    0.45,
    0.3258064516129032,
    0.2818181818181818,
    0.39622641509433965,
    0.4188679245283019,
    0.41923076923076924,
    0.4075471698113208,
    0.4,
    0.35,
    0.37454545454545457,
    0.296875,
    0.3719298245614035,
    0.3925925925925926,
    0.428,
    0.3482758620689655,
    0.37777777777777777,
    0.34915254237288135,
    0.37142857142857144,
    0.39245283018867927,
    0.42745098039215684,
    0.43137254901960786,
    0.30793650793650795,
    0.29846153846153844,
    0.4530612244897959,
    0.3193548387096774,
    0.44081632653061226,
    0.424,
    0.3927272727272727,
    0.46122448979591835,
    0.2676470588235294
  ],
  "num_prompts": 50,
  "total_tokens_generated": 6471,
  "draft_k": 5,
  "max_new_tokens": 128,
  "target_model": "meta-llama/Llama-3.1-8B-Instruct",
  "draft_model": "meta-llama/Llama-3.2-1B-Instruct",
  "adapter_path": "results/exp4_llama/medical_lam_0.2/final",
  "domain": "medical",
  "seed": 42
}