{
  "num_prompts": 50,
  "avg_seq_len": 53.24,
  "kl_mean": 0.6693359613418579,
  "kl_std": 0.15704381465911865,
  "kl_per_prompt": [
    0.50390625,
    0.73828125,
    0.73828125,
    0.82421875,
    0.59765625,
    0.9765625,
    0.71484375,
    0.5390625,
    0.890625,
    0.60546875,
    0.83984375,
    0.57421875,
    0.75,
    0.984375,
    0.7890625,
    0.6875,
    0.6171875,
    0.99609375,
    0.69140625,
    0.7578125,
    0.4921875,
    0.66015625,
    0.6328125,
    0.490234375,
    0.625,
    0.61328125,
    0.640625,
    0.67578125,
    0.5078125,
    0.5703125,
    1.15625,
    0.7265625,
    0.6484375,
    0.62109375,
    0.56640625,
    0.82421875,
    0.5859375,
    0.83203125,
    0.8359375,
    0.490234375,
    0.47265625,
    0.54296875,
    0.52734375,
    0.51953125,
    0.451171875,
    0.5546875,
    0.6328125,
    0.75,
    0.49609375,
    0.5078125
  ],
  "js_mean": 0.10585937649011612,
  "js_std": 0.020381199195981026,
  "js_per_prompt": [
    0.076171875,
    0.10107421875,
    0.0986328125,
    0.12158203125,
    0.08251953125,
    0.16015625,
    0.1005859375,
    0.07080078125,
    0.11328125,
    0.0927734375,
    0.1201171875,
    0.07861328125,
    0.0986328125,
    0.1455078125,
    0.11474609375,
    0.09765625,
    0.080078125,
    0.1435546875,
    0.11767578125,
    0.1103515625,
    0.08544921875,
    0.11279296875,
    0.1064453125,
    0.08642578125,
    0.10595703125,
    0.0908203125,
    0.10595703125,
    0.11181640625,
    0.0732421875,
    0.0986328125,
    0.1552734375,
    0.11376953125,
    0.1064453125,
    0.10595703125,
    0.09765625,
    0.1318359375,
    0.10009765625,
    0.12890625,
    0.142578125,
    0.087890625,
    0.0908203125,
    0.107421875,
    0.0986328125,
    0.09912109375,
    0.08544921875,
    0.1005859375,
    0.1123046875,
    0.1298828125,
    0.09716796875,
    0.09912109375
  ],
  "tv_mean": 0.2879687547683716,
  "tv_std": 0.044625695794820786,
  "tv_per_prompt": [
    0.2158203125,
    0.265625,
    0.275390625,
    0.326171875,
    0.2451171875,
    0.41015625,
    0.28515625,
    0.1953125,
    0.296875,
    0.25390625,
    0.32421875,
    0.228515625,
    0.271484375,
    0.353515625,
    0.31640625,
    0.265625,
    0.2451171875,
    0.3828125,
    0.328125,
    0.306640625,
    0.240234375,
    0.30859375,
    0.306640625,
    0.244140625,
    0.294921875,
    0.26171875,
    0.306640625,
    0.3125,
    0.205078125,
    0.271484375,
    0.35546875,
    0.310546875,
    0.302734375,
    0.275390625,
    0.267578125,
    0.337890625,
    0.25390625,
    0.33984375,
    0.37109375,
    0.25390625,
    0.26953125,
    0.296875,
    0.279296875,
    0.271484375,
    0.2373046875,
    0.275390625,
    0.2890625,
    0.330078125,
    0.263671875,
    0.2734375
  ],
  "target_model": "meta-llama/Llama-3.1-8B-Instruct",
  "draft_model": "meta-llama/Llama-3.2-1B-Instruct",
  "adapter_path": "results/exp4_llama/medical_lam_0.2/final",
  "domain": "medical",
  "divergence_types": [
    "kl",
    "js",
    "tv"
  ],
  "max_seq_len": 512,
  "seed": 42
}