{
  "alpha": 0.2623768115942029,
  "alpha_std": 0.08142255991697311,
  "mean_accepted_length": 1.3118840579710145,
  "per_position_alpha": [
    0.4518840579710145,
    0.710070558050032,
    0.7371273712737128,
    0.7267156862745098,
    0.760539629005059
  ],
  "per_prompt_alpha": [
    0.18571428571428572,
    0.16551724137931034,
    0.21052631578947367,
    0.2125,
    0.4,
    0.23783783783783785,
    0.19036144578313252,
    0.30158730158730157,
    0.3781818181818182,
    0.2647058823529412,
    0.2205128205128205,
    0.4153846153846154,
    0.34,
    0.31475409836065577,
    0.27058823529411763,
    0.34915254237288135,
    0.22933333333333333,
    0.18620689655172415,
    0.1793103448275862,
    0.23783783783783785,
    0.19058823529411764,
    0.23243243243243245,
    0.21025641025641026,
    0.21038961038961038,
    0.21818181818181817,
    0.32459016393442625,
    0.18795180722891566,
    0.2542857142857143,
    0.27941176470588236,
    0.28923076923076924,
    0.3111111111111111,
    0.2865671641791045,
    0.22597402597402597,
    0.11683168316831684,
    0.30625,
    0.23157894736842105,
    0.4326530612244898,
    0.4448979591836735,
    0.2818181818181818,
    0.27575757575757576,
    0.3888888888888889,
    0.2465753424657534,
    0.4076923076923077,
    0.2787878787878788,
    0.2787878787878788,
    0.4583333333333333,
    0.16785714285714284,
    0.2909090909090909,
    0.38571428571428573,
    0.24383561643835616
  ],
  "num_prompts": 50,
  "total_tokens_generated": 6417,
  "draft_k": 5,
  "max_new_tokens": 128,
  "target_model": "meta-llama/Llama-3.1-8B-Instruct",
  "draft_model": "meta-llama/Llama-3.2-1B-Instruct",
  "adapter_path": "results/exp4_llama/chat_lam_0.1/final",
  "domain": "chat",
  "seed": 42
}