{
  "num_prompts": 50,
  "avg_seq_len": 45.78,
  "kl_mean": 0.942187488079071,
  "kl_std": 0.27780988812446594,
  "kl_per_prompt": [
    1.46875,
    1.8125,
    1.265625,
    0.86328125,
    1.09375,
    1.1328125,
    1.1171875,
    1.2421875,
    1.1171875,
    1.3125,
    1.1640625,
    1.265625,
    0.8359375,
    1.3671875,
    1.203125,
    0.80859375,
    1.265625,
    0.96875,
    1.4765625,
    1.2734375,
    0.8515625,
    0.80078125,
    1.0546875,
    0.83984375,
    0.796875,
    0.7890625,
    0.62109375,
    0.87890625,
    0.70703125,
    0.84375,
    0.75390625,
    0.96875,
    0.94921875,
    0.78515625,
    0.84375,
    0.76953125,
    0.88671875,
    0.671875,
    0.76171875,
    0.8046875,
    0.63671875,
    0.89453125,
    0.71875,
    0.78125,
    0.6953125,
    0.65234375,
    0.6015625,
    0.5546875,
    0.546875,
    0.59375
  ],
  "js_mean": 0.13185547292232513,
  "js_std": 0.026316199451684952,
  "js_per_prompt": [
    0.1796875,
    0.2265625,
    0.1533203125,
    0.11083984375,
    0.1357421875,
    0.1455078125,
    0.1279296875,
    0.1591796875,
    0.146484375,
    0.166015625,
    0.16015625,
    0.1337890625,
    0.1044921875,
    0.171875,
    0.1474609375,
    0.10400390625,
    0.146484375,
    0.11181640625,
    0.169921875,
    0.169921875,
    0.138671875,
    0.130859375,
    0.1494140625,
    0.1357421875,
    0.123046875,
    0.1171875,
    0.08935546875,
    0.12255859375,
    0.1044921875,
    0.130859375,
    0.10791015625,
    0.142578125,
    0.1474609375,
    0.130859375,
    0.126953125,
    0.1181640625,
    0.134765625,
    0.10302734375,
    0.12109375,
    0.1318359375,
    0.109375,
    0.138671875,
    0.11865234375,
    0.1328125,
    0.11962890625,
    0.10302734375,
    0.09765625,
    0.099609375,
    0.09130859375,
    0.10400390625
  ],
  "tv_mean": 0.34101563692092896,
  "tv_std": 0.04555089399218559,
  "tv_per_prompt": [
    0.392578125,
    0.49609375,
    0.365234375,
    0.330078125,
    0.333984375,
    0.361328125,
    0.31640625,
    0.39453125,
    0.3515625,
    0.41015625,
    0.357421875,
    0.33203125,
    0.287109375,
    0.421875,
    0.359375,
    0.28125,
    0.375,
    0.30078125,
    0.41015625,
    0.42578125,
    0.37109375,
    0.333984375,
    0.373046875,
    0.36328125,
    0.333984375,
    0.322265625,
    0.26953125,
    0.322265625,
    0.296875,
    0.3515625,
    0.302734375,
    0.34765625,
    0.369140625,
    0.34375,
    0.341796875,
    0.318359375,
    0.357421875,
    0.287109375,
    0.3125,
    0.330078125,
    0.328125,
    0.3515625,
    0.32421875,
    0.3671875,
    0.30078125,
    0.294921875,
    0.275390625,
    0.3046875,
    0.2578125,
    0.294921875
  ],
  "target_model": "meta-llama/Llama-3.1-8B-Instruct",
  "draft_model": "meta-llama/Llama-3.2-1B-Instruct",
  "adapter_path": "results/exp4_llama/chat_lam_0.1/final",
  "domain": "chat",
  "divergence_types": [
    "kl",
    "js",
    "tv"
  ],
  "max_seq_len": 512,
  "seed": 42
}