{
  "alpha": 0.5622115384615385,
  "alpha_std": 0.14361895620822906,
  "mean_accepted_length": 2.8110576923076924,
  "per_position_alpha": [
    0.6850961538461539,
    0.8821052631578947,
    0.9101034208432777,
    0.9213286713286714,
    0.9174573055028463
  ],
  "per_prompt_alpha": [
    0.6722222222222223,
    0.7352941176470589,
    0.6,
    0.8266666666666667,
    0.6914285714285714,
    0.4851063829787234,
    0.84,
    0.6473684210526316,
    0.6102564102564103,
    0.6971428571428572,
    0.7575757575757576,
    0.8258064516129032,
    0.4530612244897959,
    0.38181818181818183,
    0.7235294117647059,
    0.78125,
    0.5302325581395348,
    0.6742857142857143,
    0.36140350877192984,
    0.6368421052631579,
    0.6157894736842106,
    0.86,
    0.48695652173913045,
    0.44,
    0.5181818181818182,
    0.8258064516129032,
    0.5571428571428572,
    0.595,
    0.6,
    0.5897435897435898,
    0.585,
    0.9555555555555556,
    0.5804878048780487,
    0.5666666666666667,
    0.3927272727272727,
    0.45416666666666666,
    0.46122448979591835,
    0.5255813953488372,
    0.5441860465116279,
    0.5658536585365853,
    0.49130434782608695,
    0.40384615384615385,
    0.436,
    0.49361702127659574,
    0.48695652173913045,
    0.42745098039215684,
    0.4037735849056604,
    0.5853658536585366,
    0.5619047619047619,
    0.41923076923076924
  ],
  "num_prompts": 50,
  "total_tokens_generated": 6502,
  "draft_k": 5,
  "max_new_tokens": 128,
  "target_model": "Qwen/Qwen2.5-7B-Instruct",
  "draft_model": "Qwen/Qwen2.5-0.5B-Instruct",
  "adapter_path": "results/exp4/medical_lam_1.0/final",
  "domain": "code",
  "seed": 42
}