{
  "alpha": 0.32407045009784735,
  "alpha_std": 0.0977235957980156,
  "mean_accepted_length": 1.6203522504892367,
  "per_position_alpha": [
    0.5104370515329419,
    0.7661341853035144,
    0.7698081734778982,
    0.7692307692307693,
    0.8042253521126761
  ],
  "per_prompt_alpha": [
    0.26666666666666666,
    0.2579710144927536,
    0.33114754098360655,
    0.33114754098360655,
    0.36140350877192984,
    0.303125,
    0.24722222222222223,
    0.2647058823529412,
    0.2742857142857143,
    0.3423728813559322,
    0.38545454545454544,
    0.22337662337662337,
    0.3333333333333333,
    0.33666666666666667,
    0.3781818181818182,
    0.3344262295081967,
    0.27941176470588236,
    0.3,
    0.309375,
    0.25555555555555554,
    0.2865671641791045,
    0.24383561643835616,
    0.2811594202898551,
    0.8466666666666667,
    0.3962962962962963,
    0.296969696969697,
    0.3225806451612903,
    0.44081632653061226,
    0.25753424657534246,
    0.5302325581395348,
    0.3423728813559322,
    0.46122448979591835,
    0.4196078431372549,
    0.3423728813559322,
    0.31290322580645163,
    0.40784313725490196,
    0.30793650793650795,
    0.26,
    0.40384615384615385,
    0.25671641791044775,
    0.3814814814814815,
    0.3586206896551724,
    0.2923076923076923,
    0.3586206896551724,
    0.24444444444444444,
    0.37543859649122807,
    0.27647058823529413,
    0.2676470588235294,
    0.3508771929824561,
    0.4115384615384615
  ],
  "num_prompts": 50,
  "total_tokens_generated": 6469,
  "draft_k": 5,
  "max_new_tokens": 128,
  "target_model": "Qwen/Qwen2.5-7B-Instruct",
  "draft_model": "Qwen/Qwen2.5-0.5B-Instruct",
  "adapter_path": "results/exp4/chat_lam_0.5/final",
  "domain": "chat",
  "seed": 42
}