{
  "alpha": 0.41770390413606495,
  "alpha_std": 0.14069053530693054,
  "mean_accepted_length": 2.088519520680325,
  "per_position_alpha": [
    0.5805952841128721,
    0.833555259653795,
    0.8242811501597445,
    0.8420542635658915,
    0.8607594936708861
  ],
  "per_prompt_alpha": [
    0.6722222222222223,
    0.3620689655172414,
    0.309375,
    0.3888888888888889,
    0.24,
    0.3047619047619048,
    0.6486486486486487,
    0.39636363636363636,
    0.24383561643835616,
    0.448,
    0.5272727272727272,
    0.4037735849056604,
    0.4235294117647059,
    0.4808510638297872,
    0.3046153846153846,
    0.7935483870967742,
    0.3180327868852459,
    0.38181818181818183,
    0.84,
    0.36551724137931035,
    0.3586206896551724,
    0.6944444444444444,
    0.2619718309859155,
    0.45416666666666666,
    0.5272727272727272,
    0.34576271186440677,
    0.3,
    0.6833333333333333,
    0.38545454545454544,
    0.34576271186440677,
    0.4,
    0.428,
    0.5666666666666667,
    0.5111111111111111,
    0.4153846153846154,
    0.4037735849056604,
    0.6157894736842106,
    0.3333333333333333,
    0.444,
    0.6666666666666666,
    0.45,
    0.36428571428571427,
    0.5523809523809524,
    0.4,
    0.3925925925925926,
    0.4708333333333333,
    0.35172413793103446,
    0.36428571428571427,
    0.6051282051282051,
    0.3047619047619048
  ],
  "num_prompts": 50,
  "total_tokens_generated": 6488,
  "draft_k": 5,
  "max_new_tokens": 128,
  "target_model": "Qwen/Qwen2.5-7B-Instruct",
  "draft_model": "Qwen/Qwen2.5-0.5B-Instruct",
  "adapter_path": "results/exp4/code_lam_1.0/final",
  "domain": "mixed",
  "seed": 42
}