{
  "alpha": 0.4556428276147168,
  "alpha_std": 0.1487419605255127,
  "mean_accepted_length": 2.2782141380735843,
  "per_position_alpha": [
    0.6023150062009095,
    0.8544955387783116,
    0.8449799196787149,
    0.8935361216730038,
    0.8691489361702127
  ],
  "per_prompt_alpha": [
    0.3047619047619048,
    0.2953846153846154,
    0.2865671641791045,
    0.2579710144927536,
    0.44,
    0.2787878787878788,
    0.49777777777777776,
    0.41923076923076924,
    0.5255813953488372,
    0.4196078431372549,
    0.375,
    0.3543859649122807,
    0.3413793103448276,
    0.654054054054054,
    0.6702702702702703,
    0.6833333333333333,
    0.36428571428571427,
    0.3543859649122807,
    0.41923076923076924,
    0.432,
    0.6611111111111111,
    0.3962962962962963,
    0.37454545454545457,
    0.5302325581395348,
    0.43673469387755104,
    0.32786885245901637,
    0.34,
    0.5111111111111111,
    0.4075471698113208,
    0.34576271186440677,
    0.6833333333333333,
    0.58,
    0.4235294117647059,
    0.631578947368421,
    0.34576271186440677,
    0.6555555555555556,
    0.6051282051282051,
    0.6368421052631579,
    0.76875,
    0.5707317073170731,
    0.6857142857142857,
    0.595,
    0.4115384615384615,
    0.5756097560975609,
    0.4583333333333333,
    0.4489795918367347,
    0.7176470588235294,
    0.6833333333333333,
    0.32131147540983607,
    0.8258064516129032
  ],
  "num_prompts": 50,
  "total_tokens_generated": 6473,
  "draft_k": 5,
  "max_new_tokens": 128,
  "target_model": "Qwen/Qwen2.5-7B-Instruct",
  "draft_model": "Qwen/Qwen2.5-0.5B-Instruct",
  "adapter_path": "results/exp4/medical_lam_1.0/final",
  "domain": "medical",
  "seed": 42
}