{
  "alpha": 0.32425726412014366,
  "alpha_std": 0.08685660362243652,
  "mean_accepted_length": 1.6212863206007182,
  "per_position_alpha": [
    0.5083251714005876,
    0.7559409120102761,
    0.7790994052676296,
    0.7862595419847328,
    0.8238557558945908
  ],
  "per_prompt_alpha": [
    0.26285714285714284,
    0.28484848484848485,
    0.38545454545454544,
    0.35172413793103446,
    0.40370370370370373,
    0.29846153846153844,
    0.309375,
    0.5111111111111111,
    0.37142857142857144,
    0.29375,
    0.19759036144578312,
    0.45714285714285713,
    0.4037735849056604,
    0.26285714285714284,
    0.2923076923076923,
    0.36428571428571427,
    0.22631578947368422,
    0.35172413793103446,
    0.25405405405405407,
    0.22666666666666666,
    0.24383561643835616,
    0.27761194029850744,
    0.3047619047619048,
    0.428,
    0.2542857142857143,
    0.2563380281690141,
    0.46808510638297873,
    0.37142857142857144,
    0.27058823529411763,
    0.3890909090909091,
    0.30793650793650795,
    0.31475409836065577,
    0.303125,
    0.2410958904109589,
    0.2410958904109589,
    0.3849056603773585,
    0.34576271186440677,
    0.25753424657534246,
    0.2746268656716418,
    0.33666666666666667,
    0.5756097560975609,
    0.5272727272727272,
    0.45714285714285713,
    0.46382978723404256,
    0.2535211267605634,
    0.46122448979591835,
    0.3258064516129032,
    0.32459016393442625,
    0.3377049180327869,
    0.3607142857142857
  ],
  "num_prompts": 50,
  "total_tokens_generated": 6472,
  "draft_k": 5,
  "max_new_tokens": 128,
  "target_model": "Qwen/Qwen2.5-7B-Instruct",
  "draft_model": "Qwen/Qwen2.5-0.5B-Instruct",
  "adapter_path": "results/exp4/medical_lam_1.0/final",
  "domain": "chat",
  "seed": 42
}