{
  "alpha": 0.420859375,
  "alpha_std": 0.147807776927948,
  "mean_accepted_length": 2.104296875,
  "per_position_alpha": [
    0.577734375,
    0.8316430020283976,
    0.843089430894309,
    0.8447444551591128,
    0.8732876712328768
  ],
  "per_prompt_alpha": [
    0.5066666666666667,
    0.4666666666666667,
    0.35517241379310344,
    0.5181818181818182,
    0.44,
    0.3678571428571429,
    0.7235294117647059,
    0.6432432432432432,
    0.2,
    0.35172413793103446,
    0.7575757575757576,
    0.32786885245901637,
    0.7028571428571428,
    0.3888888888888889,
    0.30793650793650795,
    0.585,
    0.3,
    0.3111111111111111,
    0.8,
    0.32786885245901637,
    0.3678571428571429,
    0.5302325581395348,
    0.37142857142857144,
    0.29375,
    0.5272727272727272,
    0.25,
    0.2955223880597015,
    0.5523809523809524,
    0.40370370370370373,
    0.33,
    0.6256410256410256,
    0.775,
    0.58,
    0.44,
    0.3962962962962963,
    0.43673469387755104,
    0.5804878048780487,
    0.43137254901960786,
    0.4075471698113208,
    0.6777777777777778,
    0.46956521739130436,
    0.31290322580645163,
    0.3814814814814815,
    0.43673469387755104,
    0.3423728813559322,
    0.5272727272727272,
    0.3096774193548387,
    0.2953846153846154,
    0.49777777777777776,
    0.3413793103448276
  ],
  "num_prompts": 50,
  "total_tokens_generated": 6468,
  "draft_k": 5,
  "max_new_tokens": 128,
  "target_model": "Qwen/Qwen2.5-7B-Instruct",
  "draft_model": "Qwen/Qwen2.5-0.5B-Instruct",
  "adapter_path": "results/exp4/medical_lam_1.0/final",
  "domain": "mixed",
  "seed": 42
}