{
  "alpha": 0.32209908735332465,
  "alpha_std": 0.059939634054899216,
  "mean_accepted_length": 1.610495436766623,
  "per_position_alpha": [
    0.5061929595827901,
    0.7656149388280747,
    0.776282590412111,
    0.7746478873239436,
    0.7846153846153846
  ],
  "per_prompt_alpha": [
    0.2735294117647059,
    0.18518518518518517,
    0.35517241379310344,
    0.36140350877192984,
    0.3684210526315789,
    0.3543859649122807,
    0.2823529411764706,
    0.263768115942029,
    0.3193548387096774,
    0.3161290322580645,
    0.28615384615384615,
    0.3433333333333333,
    0.4530612244897959,
    0.30625,
    0.34915254237288135,
    0.35789473684210527,
    0.3046153846153846,
    0.38181818181818183,
    0.24864864864864866,
    0.37142857142857144,
    0.29253731343283584,
    0.24722222222222223,
    0.33,
    0.3448275862068966,
    0.2571428571428571,
    0.2563380281690141,
    0.32063492063492066,
    0.35789473684210527,
    0.2787878787878788,
    0.49777777777777776,
    0.27761194029850744,
    0.4595744680851064,
    0.309375,
    0.2676470588235294,
    0.3193548387096774,
    0.3543859649122807,
    0.2923076923076923,
    0.26,
    0.28955223880597014,
    0.32786885245901637,
    0.33448275862068966,
    0.33,
    0.428,
    0.3377049180327869,
    0.424,
    0.41568627450980394,
    0.33,
    0.3142857142857143,
    0.36140350877192984,
    0.3448275862068966
  ],
  "num_prompts": 50,
  "total_tokens_generated": 6456,
  "draft_k": 5,
  "max_new_tokens": 128,
  "target_model": "Qwen/Qwen2.5-7B-Instruct",
  "draft_model": "Qwen/Qwen2.5-0.5B-Instruct",
  "adapter_path": "results/exp4/code_lam_1.0/final",
  "domain": "chat",
  "seed": 42
}