{
  "alpha": 0.3872105843439912,
  "alpha_std": 0.14205382764339447,
  "mean_accepted_length": 1.9360529217199558,
  "per_position_alpha": [
    0.5611907386990077,
    0.7982973149967256,
    0.8039376538146021,
    0.8479591836734693,
    0.855595667870036
  ],
  "per_prompt_alpha": [
    0.4196078431372549,
    0.3423728813559322,
    0.33666666666666667,
    0.5581395348837209,
    0.26285714285714284,
    0.2909090909090909,
    0.6857142857142857,
    0.45714285714285713,
    0.28615384615384615,
    0.33559322033898303,
    0.31746031746031744,
    0.248,
    0.5155555555555555,
    0.38181818181818183,
    0.2571428571428571,
    0.6914285714285714,
    0.22933333333333333,
    0.2356164383561644,
    0.8,
    0.3620689655172414,
    0.24,
    0.5348837209302325,
    0.3543859649122807,
    0.3684210526315789,
    0.5272727272727272,
    0.3814814814814815,
    0.24722222222222223,
    0.631578947368421,
    0.36363636363636365,
    0.296875,
    0.6971428571428572,
    0.6432432432432432,
    0.4076923076923077,
    0.44,
    0.3851851851851852,
    0.3377049180327869,
    0.5209302325581395,
    0.3333333333333333,
    0.30793650793650795,
    0.6777777777777778,
    0.4235294117647059,
    0.31290322580645163,
    0.41132075471698115,
    0.43529411764705883,
    0.375,
    0.5227272727272727,
    0.5428571428571428,
    0.33225806451612905,
    0.4489795918367347,
    0.3125
  ],
  "num_prompts": 50,
  "total_tokens_generated": 6462,
  "draft_k": 5,
  "max_new_tokens": 128,
  "target_model": "Qwen/Qwen2.5-7B-Instruct",
  "draft_model": "Qwen/Qwen2.5-0.5B-Instruct",
  "adapter_path": "results/exp4/chat_lam_0.5/final",
  "domain": "mixed",
  "seed": 42
}