{
  "alpha": 0.3746306306306306,
  "alpha_std": 0.12117644399404526,
  "mean_accepted_length": 1.8731531531531531,
  "per_position_alpha": [
    0.5491891891891892,
    0.8011811023622047,
    0.7993447993447993,
    0.8247950819672131,
    0.8347826086956521
  ],
  "per_prompt_alpha": [
    0.37777777777777777,
    0.3719298245614035,
    0.3333333333333333,
    0.4,
    0.4,
    0.40384615384615385,
    0.35517241379310344,
    0.33448275862068966,
    0.296875,
    0.475,
    0.3389830508474576,
    0.3607142857142857,
    0.39622641509433965,
    0.3423728813559322,
    0.6210526315789474,
    0.36140350877192984,
    0.4076923076923077,
    0.2878787878787879,
    0.3678571428571429,
    0.3886792452830189,
    0.2835820895522388,
    0.2619718309859155,
    0.3142857142857143,
    0.424,
    0.28484848484848485,
    0.3423728813559322,
    0.32666666666666666,
    0.27761194029850744,
    0.33666666666666667,
    0.24722222222222223,
    0.3925925925925926,
    0.3442622950819672,
    0.2923076923076923,
    0.3333333333333333,
    0.3678571428571429,
    0.5136363636363637,
    0.4235294117647059,
    0.654054054054054,
    0.3649122807017544,
    0.32131147540983607,
    0.59,
    0.3433333333333333,
    0.26666666666666666,
    0.7176470588235294,
    0.30153846153846153,
    0.4196078431372549,
    0.59,
    0.43673469387755104,
    0.46808510638297873,
    0.8466666666666667
  ],
  "num_prompts": 50,
  "total_tokens_generated": 6449,
  "draft_k": 5,
  "max_new_tokens": 128,
  "target_model": "Qwen/Qwen2.5-7B-Instruct",
  "draft_model": "Qwen/Qwen2.5-0.5B-Instruct",
  "adapter_path": "results/exp4/code_lam_1.0/final",
  "domain": "medical",
  "seed": 42
}