{
  "alpha": 0.3949272659455427,
  "alpha_std": 0.1482848972082138,
  "mean_accepted_length": 1.9746363297277136,
  "per_position_alpha": [
    0.5628496829541216,
    0.8151093439363817,
    0.8154471544715447,
    0.8344965104685942,
    0.8542413381123058
  ],
  "per_prompt_alpha": [
    0.3781818181818182,
    0.28955223880597014,
    0.32131147540983607,
    0.33114754098360655,
    0.296875,
    0.25507246376811593,
    0.36140350877192984,
    0.37142857142857144,
    0.3851851851851852,
    0.4765957446808511,
    0.3821428571428571,
    0.33,
    0.3111111111111111,
    0.4037735849056604,
    0.27761194029850744,
    0.5155555555555555,
    0.5045454545454545,
    0.263768115942029,
    0.3851851851851852,
    0.4075471698113208,
    0.3719298245614035,
    0.2835820895522388,
    0.30625,
    0.2923076923076923,
    0.3684210526315789,
    0.34,
    0.3649122807017544,
    0.6777777777777778,
    0.41509433962264153,
    0.2753623188405797,
    0.7028571428571428,
    0.29846153846153844,
    0.30793650793650795,
    0.6432432432432432,
    0.4530612244897959,
    0.5804878048780487,
    0.3333333333333333,
    0.5302325581395348,
    0.5428571428571428,
    0.49333333333333335,
    0.7333333333333333,
    0.3851851851851852,
    0.3047619047619048,
    0.7176470588235294,
    0.4765957446808511,
    0.37857142857142856,
    0.5066666666666667,
    0.6971428571428572,
    0.2878787878787879,
    0.8928571428571429
  ],
  "num_prompts": 50,
  "total_tokens_generated": 6466,
  "draft_k": 5,
  "max_new_tokens": 128,
  "target_model": "Qwen/Qwen2.5-7B-Instruct",
  "draft_model": "Qwen/Qwen2.5-0.5B-Instruct",
  "adapter_path": "results/exp4/chat_lam_0.5/final",
  "domain": "medical",
  "seed": 42
}