{
  "alpha": 0.5510688836104513,
  "alpha_std": 0.1329503059387207,
  "mean_accepted_length": 2.7553444180522564,
  "per_position_alpha": [
    0.6717339667458432,
    0.8882602545968883,
    0.8996815286624203,
    0.9274336283185841,
    0.9083969465648855
  ],
  "per_prompt_alpha": [
    0.6888888888888889,
    0.7028571428571428,
    0.39615384615384613,
    0.8258064516129032,
    0.6666666666666666,
    0.46808510638297873,
    0.5302325581395348,
    0.8129032258064516,
    0.6555555555555556,
    0.49333333333333335,
    0.7625,
    0.3389830508474576,
    0.6378378378378379,
    0.5523809523809524,
    0.7028571428571428,
    0.4765957446808511,
    0.5318181818181819,
    0.775,
    0.6486486486486487,
    0.5666666666666667,
    0.5707317073170731,
    0.6648648648648648,
    0.475,
    0.58,
    0.5043478260869565,
    0.8129032258064516,
    0.58,
    0.6102564102564103,
    0.5476190476190477,
    0.5476190476190477,
    0.5318181818181819,
    1.0,
    0.5395348837209303,
    0.595,
    0.40370370370370373,
    0.3814814814814815,
    0.44081632653061226,
    0.6648648648648648,
    0.4782608695652174,
    0.5318181818181819,
    0.4448979591836735,
    0.4230769230769231,
    0.5136363636363637,
    0.5181818181818182,
    0.46382978723404256,
    0.5348837209302325,
    0.3890909090909091,
    0.6153846153846154,
    0.5523809523809524,
    0.4583333333333333
  ],
  "num_prompts": 50,
  "total_tokens_generated": 6491,
  "draft_k": 5,
  "max_new_tokens": 128,
  "target_model": "Qwen/Qwen2.5-7B-Instruct",
  "draft_model": "Qwen/Qwen2.5-0.5B-Instruct",
  "adapter_path": "results/exp4/chat_lam_0.5/final",
  "domain": "code",
  "seed": 42
}