{
  "code": {
    "code": 0.5938569989929506,
    "medical": 0.3746306306306306,
    "chat": 0.32209908735332465
  },
  "medical": {
    "code": 0.5622115384615385,
    "medical": 0.4556428276147168,
    "chat": 0.32425726412014366
  },
  "chat": {
    "code": 0.5510688836104513,
    "medical": 0.3949272659455427,
    "chat": 0.32407045009784735
  }
}