{
  "num_prompts": 50,
  "avg_seq_len": 44.32,
  "kl_mean": 0.43925780057907104,
  "kl_std": 0.14280113577842712,
  "kl_per_prompt": [
    0.62109375,
    0.388671875,
    0.73046875,
    0.310546875,
    0.353515625,
    0.365234375,
    0.3046875,
    0.302734375,
    0.59765625,
    0.419921875,
    0.384765625,
    0.435546875,
    0.310546875,
    0.255859375,
    0.56640625,
    0.515625,
    0.51171875,
    0.296875,
    0.59375,
    0.3984375,
    0.40625,
    0.328125,
    0.271484375,
    0.546875,
    0.302734375,
    0.5078125,
    0.69140625,
    0.216796875,
    0.376953125,
    0.94921875,
    0.443359375,
    0.33984375,
    0.6484375,
    0.404296875,
    0.478515625,
    0.66796875,
    0.361328125,
    0.2890625,
    0.48828125,
    0.40234375,
    0.484375,
    0.408203125,
    0.267578125,
    0.45703125,
    0.353515625,
    0.435546875,
    0.35546875,
    0.57421875,
    0.431640625,
    0.41015625
  ],
  "js_mean": 0.0865771472454071,
  "js_std": 0.022046873345971107,
  "js_per_prompt": [
    0.1025390625,
    0.08203125,
    0.10205078125,
    0.06787109375,
    0.0751953125,
    0.080078125,
    0.06201171875,
    0.06640625,
    0.123046875,
    0.08740234375,
    0.06982421875,
    0.08740234375,
    0.068359375,
    0.05712890625,
    0.103515625,
    0.11376953125,
    0.09716796875,
    0.0673828125,
    0.10009765625,
    0.0634765625,
    0.0771484375,
    0.07275390625,
    0.060546875,
    0.0947265625,
    0.0654296875,
    0.1064453125,
    0.1376953125,
    0.0478515625,
    0.07763671875,
    0.1494140625,
    0.0908203125,
    0.07373046875,
    0.1259765625,
    0.08740234375,
    0.0869140625,
    0.130859375,
    0.060546875,
    0.06787109375,
    0.08349609375,
    0.0869140625,
    0.095703125,
    0.08447265625,
    0.059326171875,
    0.083984375,
    0.07763671875,
    0.09814453125,
    0.07666015625,
    0.1142578125,
    0.0947265625,
    0.0830078125
  ],
  "tv_mean": 0.26097655296325684,
  "tv_std": 0.04432721808552742,
  "tv_per_prompt": [
    0.287109375,
    0.251953125,
    0.294921875,
    0.232421875,
    0.2490234375,
    0.27734375,
    0.2158203125,
    0.2109375,
    0.3359375,
    0.263671875,
    0.232421875,
    0.26953125,
    0.2392578125,
    0.185546875,
    0.2890625,
    0.3125,
    0.265625,
    0.2353515625,
    0.279296875,
    0.18359375,
    0.255859375,
    0.25,
    0.2177734375,
    0.259765625,
    0.220703125,
    0.283203125,
    0.3515625,
    0.16796875,
    0.2353515625,
    0.380859375,
    0.255859375,
    0.23828125,
    0.3515625,
    0.2578125,
    0.2734375,
    0.3515625,
    0.193359375,
    0.2470703125,
    0.251953125,
    0.263671875,
    0.2734375,
    0.259765625,
    0.2119140625,
    0.2578125,
    0.25390625,
    0.279296875,
    0.2412109375,
    0.314453125,
    0.29296875,
    0.2451171875
  ],
  "target_model": "Qwen/Qwen2.5-7B-Instruct",
  "draft_model": "Qwen/Qwen2.5-0.5B-Instruct",
  "adapter_path": "results/exp4/medical_lam_1.0/final",
  "domain": "mixed",
  "divergence_types": [
    "kl",
    "js",
    "tv"
  ],
  "max_seq_len": 512,
  "seed": 42
}