{
  "num_prompts": 50,
  "avg_seq_len": 44.32,
  "kl_mean": 0.4704296886920929,
  "kl_std": 0.17704425752162933,
  "kl_per_prompt": [
    0.875,
    0.43359375,
    0.72265625,
    0.2734375,
    0.40234375,
    0.353515625,
    0.306640625,
    0.4140625,
    0.63671875,
    0.361328125,
    0.388671875,
    0.478515625,
    0.28515625,
    0.24609375,
    0.59765625,
    0.423828125,
    0.62109375,
    0.59375,
    0.5234375,
    0.40625,
    0.38671875,
    0.2734375,
    0.259765625,
    0.6328125,
    0.26171875,
    0.5390625,
    0.78515625,
    0.173828125,
    0.515625,
    1.0546875,
    0.3828125,
    0.46484375,
    0.75,
    0.384765625,
    0.46875,
    0.6875,
    0.30859375,
    0.328125,
    0.5546875,
    0.365234375,
    0.484375,
    0.48046875,
    0.3125,
    0.447265625,
    0.375,
    0.345703125,
    0.451171875,
    0.59765625,
    0.40234375,
    0.703125
  ],
  "js_mean": 0.08811523765325546,
  "js_std": 0.025062287226319313,
  "js_per_prompt": [
    0.1220703125,
    0.09326171875,
    0.10009765625,
    0.061767578125,
    0.08642578125,
    0.0791015625,
    0.059326171875,
    0.072265625,
    0.12890625,
    0.07421875,
    0.0732421875,
    0.08935546875,
    0.06298828125,
    0.05615234375,
    0.10546875,
    0.0947265625,
    0.10791015625,
    0.07763671875,
    0.0888671875,
    0.0654296875,
    0.0751953125,
    0.059814453125,
    0.0615234375,
    0.10888671875,
    0.05712890625,
    0.111328125,
    0.1474609375,
    0.03955078125,
    0.08935546875,
    0.162109375,
    0.0810546875,
    0.09619140625,
    0.130859375,
    0.08056640625,
    0.0869140625,
    0.1318359375,
    0.048583984375,
    0.07666015625,
    0.0927734375,
    0.07666015625,
    0.0966796875,
    0.0908203125,
    0.06640625,
    0.083984375,
    0.08056640625,
    0.07763671875,
    0.0947265625,
    0.1181640625,
    0.08544921875,
    0.09765625
  ],
  "tv_mean": 0.26386719942092896,
  "tv_std": 0.04968985915184021,
  "tv_per_prompt": [
    0.337890625,
    0.271484375,
    0.296875,
    0.22265625,
    0.26171875,
    0.275390625,
    0.2080078125,
    0.2265625,
    0.34765625,
    0.2373046875,
    0.244140625,
    0.27734375,
    0.2294921875,
    0.1865234375,
    0.287109375,
    0.27734375,
    0.2734375,
    0.251953125,
    0.255859375,
    0.197265625,
    0.25390625,
    0.2333984375,
    0.2109375,
    0.2890625,
    0.2021484375,
    0.294921875,
    0.3671875,
    0.150390625,
    0.25,
    0.408203125,
    0.23828125,
    0.27734375,
    0.359375,
    0.2470703125,
    0.263671875,
    0.353515625,
    0.169921875,
    0.25,
    0.27734375,
    0.2421875,
    0.279296875,
    0.275390625,
    0.2275390625,
    0.25,
    0.263671875,
    0.2578125,
    0.275390625,
    0.3203125,
    0.2734375,
    0.265625
  ],
  "target_model": "Qwen/Qwen2.5-7B-Instruct",
  "draft_model": "Qwen/Qwen2.5-0.5B-Instruct",
  "adapter_path": "results/exp4/code_lam_1.0/final",
  "domain": "mixed",
  "divergence_types": [
    "kl",
    "js",
    "tv"
  ],
  "max_seq_len": 512,
  "seed": 42
}