{
  "num_prompts": 50,
  "avg_seq_len": 45.26,
  "kl_mean": 0.4825390577316284,
  "kl_std": 0.14554862678050995,
  "kl_per_prompt": [
    0.98828125,
    0.79296875,
    0.4609375,
    0.474609375,
    0.466796875,
    0.78125,
    0.37890625,
    0.50390625,
    0.3671875,
    0.58203125,
    0.57421875,
    0.5078125,
    0.53125,
    0.70703125,
    0.52734375,
    0.412109375,
    0.435546875,
    0.333984375,
    0.89453125,
    0.400390625,
    0.44140625,
    0.53515625,
    0.59375,
    0.419921875,
    0.384765625,
    0.482421875,
    0.314453125,
    0.3359375,
    0.41015625,
    0.49609375,
    0.35546875,
    0.490234375,
    0.515625,
    0.51953125,
    0.400390625,
    0.408203125,
    0.41015625,
    0.361328125,
    0.359375,
    0.33203125,
    0.369140625,
    0.50390625,
    0.380859375,
    0.4609375,
    0.5703125,
    0.341796875,
    0.314453125,
    0.369140625,
    0.640625,
    0.48828125
  ],
  "js_mean": 0.09305664151906967,
  "js_std": 0.020892152562737465,
  "js_per_prompt": [
    0.1376953125,
    0.150390625,
    0.0947265625,
    0.09814453125,
    0.0693359375,
    0.1455078125,
    0.08056640625,
    0.10595703125,
    0.07568359375,
    0.09521484375,
    0.1123046875,
    0.1005859375,
    0.11376953125,
    0.1201171875,
    0.103515625,
    0.09228515625,
    0.09228515625,
    0.0654296875,
    0.138671875,
    0.08251953125,
    0.08935546875,
    0.1044921875,
    0.103515625,
    0.08642578125,
    0.080078125,
    0.09130859375,
    0.0625,
    0.06884765625,
    0.08251953125,
    0.0947265625,
    0.07080078125,
    0.09423828125,
    0.10498046875,
    0.10205078125,
    0.08544921875,
    0.0693359375,
    0.08935546875,
    0.0693359375,
    0.0693359375,
    0.06884765625,
    0.08203125,
    0.0986328125,
    0.08154296875,
    0.087890625,
    0.1044921875,
    0.07177734375,
    0.06640625,
    0.0810546875,
    0.115234375,
    0.1015625
  ],
  "tv_mean": 0.2813671827316284,
  "tv_std": 0.042983077466487885,
  "tv_per_prompt": [
    0.365234375,
    0.404296875,
    0.275390625,
    0.296875,
    0.2041015625,
    0.36328125,
    0.259765625,
    0.3203125,
    0.2314453125,
    0.298828125,
    0.302734375,
    0.296875,
    0.341796875,
    0.328125,
    0.31640625,
    0.265625,
    0.291015625,
    0.2158203125,
    0.359375,
    0.267578125,
    0.28125,
    0.298828125,
    0.30078125,
    0.287109375,
    0.263671875,
    0.29296875,
    0.2138671875,
    0.2275390625,
    0.263671875,
    0.3046875,
    0.232421875,
    0.2734375,
    0.30078125,
    0.298828125,
    0.28125,
    0.23046875,
    0.2890625,
    0.2255859375,
    0.2197265625,
    0.2294921875,
    0.283203125,
    0.296875,
    0.267578125,
    0.271484375,
    0.279296875,
    0.248046875,
    0.216796875,
    0.2734375,
    0.310546875,
    0.30078125
  ],
  "target_model": "Qwen/Qwen2.5-7B-Instruct",
  "draft_model": "Qwen/Qwen2.5-0.5B-Instruct",
  "adapter_path": "results/exp4/medical_lam_1.0/final",
  "domain": "chat",
  "divergence_types": [
    "kl",
    "js",
    "tv"
  ],
  "max_seq_len": 512,
  "seed": 42
}