{
  "num_prompts": 50,
  "avg_seq_len": 52.88,
  "kl_mean": 0.49171873927116394,
  "kl_std": 0.16446703672409058,
  "kl_per_prompt": [
    0.259765625,
    0.369140625,
    0.322265625,
    0.67578125,
    0.341796875,
    0.8203125,
    0.3671875,
    0.279296875,
    0.36328125,
    0.369140625,
    0.65234375,
    0.5,
    0.55859375,
    0.4765625,
    0.54296875,
    0.5234375,
    0.34375,
    0.68359375,
    0.37890625,
    0.486328125,
    0.361328125,
    0.671875,
    0.388671875,
    0.482421875,
    0.224609375,
    0.361328125,
    0.51171875,
    0.447265625,
    0.4375,
    0.474609375,
    0.94140625,
    0.5703125,
    0.466796875,
    0.54296875,
    0.37890625,
    0.6796875,
    0.357421875,
    0.7265625,
    1.03125,
    0.416015625,
    0.359375,
    0.5234375,
    0.482421875,
    0.349609375,
    0.546875,
    0.400390625,
    0.62890625,
    0.451171875,
    0.462890625,
    0.59375
  ],
  "js_mean": 0.09068847447633743,
  "js_std": 0.025100182741880417,
  "js_per_prompt": [
    0.052001953125,
    0.06640625,
    0.0693359375,
    0.10400390625,
    0.06640625,
    0.1552734375,
    0.061279296875,
    0.04931640625,
    0.07421875,
    0.0673828125,
    0.0947265625,
    0.0927734375,
    0.107421875,
    0.09326171875,
    0.10546875,
    0.06787109375,
    0.0615234375,
    0.1318359375,
    0.07080078125,
    0.0927734375,
    0.0673828125,
    0.13671875,
    0.083984375,
    0.091796875,
    0.046630859375,
    0.07177734375,
    0.08837890625,
    0.0849609375,
    0.08349609375,
    0.09375,
    0.1435546875,
    0.09912109375,
    0.0849609375,
    0.1044921875,
    0.0810546875,
    0.11376953125,
    0.0751953125,
    0.1279296875,
    0.154296875,
    0.08447265625,
    0.0771484375,
    0.1025390625,
    0.095703125,
    0.078125,
    0.1103515625,
    0.07666015625,
    0.10302734375,
    0.09130859375,
    0.091796875,
    0.10595703125
  ],
  "tv_mean": 0.25691404938697815,
  "tv_std": 0.052395157516002655,
  "tv_per_prompt": [
    0.1669921875,
    0.2080078125,
    0.2158203125,
    0.296875,
    0.205078125,
    0.404296875,
    0.1826171875,
    0.1396484375,
    0.2373046875,
    0.2041015625,
    0.26953125,
    0.2490234375,
    0.291015625,
    0.259765625,
    0.302734375,
    0.2080078125,
    0.203125,
    0.333984375,
    0.2197265625,
    0.2734375,
    0.2080078125,
    0.341796875,
    0.2578125,
    0.265625,
    0.1767578125,
    0.22265625,
    0.275390625,
    0.255859375,
    0.208984375,
    0.26953125,
    0.349609375,
    0.287109375,
    0.26171875,
    0.275390625,
    0.2373046875,
    0.298828125,
    0.2109375,
    0.32421875,
    0.37890625,
    0.2421875,
    0.2421875,
    0.283203125,
    0.259765625,
    0.232421875,
    0.29296875,
    0.2431640625,
    0.265625,
    0.267578125,
    0.259765625,
    0.279296875
  ],
  "target_model": "Qwen/Qwen2.5-7B-Instruct",
  "draft_model": "Qwen/Qwen2.5-0.5B-Instruct",
  "adapter_path": "results/exp4/chat_lam_0.5/final",
  "domain": "medical",
  "divergence_types": [
    "kl",
    "js",
    "tv"
  ],
  "max_seq_len": 512,
  "seed": 42
}