{
  "num_prompts": 50,
  "avg_seq_len": 88.6,
  "kl_mean": 0.2612988352775574,
  "kl_std": 0.12475413829088211,
  "kl_per_prompt": [
    0.16796875,
    0.318359375,
    0.1826171875,
    0.169921875,
    0.119140625,
    0.328125,
    0.267578125,
    0.201171875,
    0.10791015625,
    0.3046875,
    0.2021484375,
    0.1748046875,
    0.3359375,
    0.1650390625,
    0.193359375,
    0.1630859375,
    0.81640625,
    0.2353515625,
    0.296875,
    0.1875,
    0.177734375,
    0.34765625,
    0.361328125,
    0.1845703125,
    0.39453125,
    0.1220703125,
    0.1982421875,
    0.22265625,
    0.146484375,
    0.2578125,
    0.119140625,
    0.201171875,
    0.28125,
    0.224609375,
    0.34765625,
    0.2392578125,
    0.3203125,
    0.1572265625,
    0.27734375,
    0.310546875,
    0.28515625,
    0.234375,
    0.263671875,
    0.24609375,
    0.28125,
    0.1455078125,
    0.361328125,
    0.56640625,
    0.33203125,
    0.51953125
  ],
  "js_mean": 0.05373290926218033,
  "js_std": 0.020187977701425552,
  "js_per_prompt": [
    0.037109375,
    0.06396484375,
    0.035888671875,
    0.03759765625,
    0.02587890625,
    0.07177734375,
    0.056884765625,
    0.034423828125,
    0.023193359375,
    0.038818359375,
    0.03564453125,
    0.038818359375,
    0.06689453125,
    0.037353515625,
    0.0439453125,
    0.0341796875,
    0.10693359375,
    0.04345703125,
    0.05859375,
    0.038818359375,
    0.041015625,
    0.07080078125,
    0.07568359375,
    0.04345703125,
    0.08203125,
    0.0264892578125,
    0.045654296875,
    0.048095703125,
    0.03369140625,
    0.054443359375,
    0.028564453125,
    0.04541015625,
    0.060546875,
    0.052978515625,
    0.06982421875,
    0.052978515625,
    0.06787109375,
    0.037109375,
    0.0634765625,
    0.06640625,
    0.0634765625,
    0.053466796875,
    0.060546875,
    0.05517578125,
    0.0654296875,
    0.033935546875,
    0.07958984375,
    0.1103515625,
    0.06787109375,
    0.10009765625
  ],
  "tv_mean": 0.1873437464237213,
  "tv_std": 0.04945994168519974,
  "tv_per_prompt": [
    0.1650390625,
    0.2197265625,
    0.1328125,
    0.158203125,
    0.1220703125,
    0.244140625,
    0.1953125,
    0.1357421875,
    0.09375,
    0.15234375,
    0.125,
    0.1513671875,
    0.20703125,
    0.142578125,
    0.181640625,
    0.142578125,
    0.294921875,
    0.1376953125,
    0.2119140625,
    0.1572265625,
    0.1435546875,
    0.2431640625,
    0.26171875,
    0.16015625,
    0.244140625,
    0.1142578125,
    0.185546875,
    0.171875,
    0.1318359375,
    0.1806640625,
    0.115234375,
    0.16796875,
    0.2216796875,
    0.1796875,
    0.2177734375,
    0.2001953125,
    0.2353515625,
    0.1474609375,
    0.2265625,
    0.2177734375,
    0.2255859375,
    0.1923828125,
    0.21875,
    0.2001953125,
    0.2197265625,
    0.130859375,
    0.25390625,
    0.287109375,
    0.2158203125,
    0.28515625
  ],
  "target_model": "Qwen/Qwen2.5-7B-Instruct",
  "draft_model": "Qwen/Qwen2.5-0.5B-Instruct",
  "adapter_path": "results/exp4/code_lam_1.0/final",
  "domain": "code",
  "divergence_types": [
    "kl",
    "js",
    "tv"
  ],
  "max_seq_len": 512,
  "seed": 42
}