{
  "num_prompts": 50,
  "avg_seq_len": 52.88,
  "kl_mean": 0.49660155177116394,
  "kl_std": 0.18545855581760406,
  "kl_per_prompt": [
    0.224609375,
    0.46484375,
    0.326171875,
    0.6640625,
    0.271484375,
    0.94140625,
    0.2373046875,
    0.3359375,
    0.33203125,
    0.328125,
    0.546875,
    0.45703125,
    0.6328125,
    0.482421875,
    0.408203125,
    0.458984375,
    0.28125,
    0.71484375,
    0.373046875,
    0.353515625,
    0.37890625,
    0.73828125,
    0.39453125,
    0.458984375,
    0.2041015625,
    0.404296875,
    0.494140625,
    0.431640625,
    0.53125,
    0.5078125,
    1.0390625,
    0.5703125,
    0.48828125,
    0.61328125,
    0.38671875,
    0.66015625,
    0.3828125,
    0.7578125,
    1.0234375,
    0.44140625,
    0.43359375,
    0.546875,
    0.50390625,
    0.328125,
    0.5546875,
    0.408203125,
    0.65234375,
    0.47265625,
    0.53515625,
    0.65234375
  ],
  "js_mean": 0.09047362953424454,
  "js_std": 0.02570066787302494,
  "js_per_prompt": [
    0.051513671875,
    0.06787109375,
    0.07421875,
    0.10595703125,
    0.059814453125,
    0.138671875,
    0.0478515625,
    0.04736328125,
    0.0732421875,
    0.06640625,
    0.087890625,
    0.09521484375,
    0.10888671875,
    0.0966796875,
    0.0888671875,
    0.061767578125,
    0.0537109375,
    0.1240234375,
    0.072265625,
    0.08056640625,
    0.0693359375,
    0.140625,
    0.08837890625,
    0.08837890625,
    0.044921875,
    0.0751953125,
    0.08642578125,
    0.083984375,
    0.08203125,
    0.1005859375,
    0.1533203125,
    0.099609375,
    0.08935546875,
    0.103515625,
    0.0830078125,
    0.11376953125,
    0.08154296875,
    0.1259765625,
    0.1552734375,
    0.087890625,
    0.083984375,
    0.1083984375,
    0.099609375,
    0.07666015625,
    0.11181640625,
    0.078125,
    0.10546875,
    0.09521484375,
    0.095703125,
    0.11279296875
  ],
  "tv_mean": 0.25583985447883606,
  "tv_std": 0.052734557539224625,
  "tv_per_prompt": [
    0.1650390625,
    0.21484375,
    0.2197265625,
    0.3046875,
    0.193359375,
    0.373046875,
    0.16015625,
    0.1376953125,
    0.2373046875,
    0.205078125,
    0.259765625,
    0.25390625,
    0.29296875,
    0.265625,
    0.263671875,
    0.1943359375,
    0.1796875,
    0.318359375,
    0.2236328125,
    0.251953125,
    0.2109375,
    0.3515625,
    0.267578125,
    0.255859375,
    0.1728515625,
    0.228515625,
    0.2734375,
    0.251953125,
    0.2080078125,
    0.279296875,
    0.36328125,
    0.29296875,
    0.265625,
    0.267578125,
    0.240234375,
    0.302734375,
    0.2216796875,
    0.32421875,
    0.373046875,
    0.24609375,
    0.25390625,
    0.294921875,
    0.267578125,
    0.23046875,
    0.291015625,
    0.2421875,
    0.271484375,
    0.2734375,
    0.265625,
    0.2890625
  ],
  "target_model": "Qwen/Qwen2.5-7B-Instruct",
  "draft_model": "Qwen/Qwen2.5-0.5B-Instruct",
  "adapter_path": "results/exp4/code_lam_1.0/final",
  "domain": "medical",
  "divergence_types": [
    "kl",
    "js",
    "tv"
  ],
  "max_seq_len": 512,
  "seed": 42
}