{
  "num_prompts": 50,
  "avg_seq_len": 45.26,
  "kl_mean": 0.5244922041893005,
  "kl_std": 0.15040290355682373,
  "kl_per_prompt": [
    0.9296875,
    0.91015625,
    0.455078125,
    0.478515625,
    0.478515625,
    0.8828125,
    0.38671875,
    0.50390625,
    0.6875,
    0.609375,
    0.62109375,
    0.50390625,
    0.56640625,
    0.71484375,
    0.640625,
    0.390625,
    0.60546875,
    0.328125,
    0.8671875,
    0.38671875,
    0.453125,
    0.56640625,
    0.64453125,
    0.5078125,
    0.52734375,
    0.51171875,
    0.2890625,
    0.4140625,
    0.43359375,
    0.51953125,
    0.376953125,
    0.62109375,
    0.56640625,
    0.54296875,
    0.41796875,
    0.396484375,
    0.41796875,
    0.37109375,
    0.46875,
    0.40625,
    0.41015625,
    0.57421875,
    0.40234375,
    0.53515625,
    0.55078125,
    0.376953125,
    0.34765625,
    0.404296875,
    0.7109375,
    0.51171875
  ],
  "js_mean": 0.09704101830720901,
  "js_std": 0.021444888785481453,
  "js_per_prompt": [
    0.1337890625,
    0.162109375,
    0.091796875,
    0.10107421875,
    0.06591796875,
    0.15625,
    0.08349609375,
    0.10693359375,
    0.08251953125,
    0.09814453125,
    0.1181640625,
    0.10302734375,
    0.12109375,
    0.11767578125,
    0.11572265625,
    0.08984375,
    0.09326171875,
    0.06640625,
    0.1328125,
    0.07861328125,
    0.0927734375,
    0.11083984375,
    0.10595703125,
    0.10205078125,
    0.083984375,
    0.09912109375,
    0.060546875,
    0.07568359375,
    0.09033203125,
    0.1005859375,
    0.07666015625,
    0.10595703125,
    0.10791015625,
    0.10595703125,
    0.0888671875,
    0.07080078125,
    0.09375,
    0.07275390625,
    0.08251953125,
    0.06982421875,
    0.09228515625,
    0.10498046875,
    0.08642578125,
    0.09130859375,
    0.1025390625,
    0.0751953125,
    0.06982421875,
    0.08984375,
    0.12109375,
    0.10302734375
  ],
  "tv_mean": 0.29033201932907104,
  "tv_std": 0.043715182691812515,
  "tv_per_prompt": [
    0.365234375,
    0.40625,
    0.279296875,
    0.30859375,
    0.2060546875,
    0.38671875,
    0.275390625,
    0.3203125,
    0.2412109375,
    0.31640625,
    0.31640625,
    0.30078125,
    0.359375,
    0.328125,
    0.34765625,
    0.263671875,
    0.291015625,
    0.21875,
    0.3515625,
    0.259765625,
    0.287109375,
    0.306640625,
    0.3125,
    0.314453125,
    0.265625,
    0.30859375,
    0.2138671875,
    0.2421875,
    0.28125,
    0.31640625,
    0.24609375,
    0.29296875,
    0.310546875,
    0.306640625,
    0.283203125,
    0.2333984375,
    0.296875,
    0.236328125,
    0.25390625,
    0.232421875,
    0.3046875,
    0.310546875,
    0.275390625,
    0.27734375,
    0.279296875,
    0.25,
    0.2255859375,
    0.287109375,
    0.318359375,
    0.3046875
  ],
  "target_model": "Qwen/Qwen2.5-7B-Instruct",
  "draft_model": "Qwen/Qwen2.5-0.5B-Instruct",
  "adapter_path": "results/exp4/code_lam_1.0/final",
  "domain": "chat",
  "divergence_types": [
    "kl",
    "js",
    "tv"
  ],
  "max_seq_len": 512,
  "seed": 42
}