{
  "num_prompts": 50,
  "avg_seq_len": 88.6,
  "kl_mean": 0.2973046898841858,
  "kl_std": 0.12185674160718918,
  "kl_per_prompt": [
    0.2177734375,
    0.376953125,
    0.20703125,
    0.2099609375,
    0.1396484375,
    0.3671875,
    0.30078125,
    0.1591796875,
    0.146484375,
    0.234375,
    0.30078125,
    0.193359375,
    0.400390625,
    0.16796875,
    0.259765625,
    0.236328125,
    0.61328125,
    0.2890625,
    0.31640625,
    0.1943359375,
    0.193359375,
    0.34375,
    0.44921875,
    0.19921875,
    0.466796875,
    0.1435546875,
    0.251953125,
    0.236328125,
    0.1708984375,
    0.33984375,
    0.1259765625,
    0.1953125,
    0.33203125,
    0.255859375,
    0.408203125,
    0.322265625,
    0.396484375,
    0.1572265625,
    0.361328125,
    0.373046875,
    0.353515625,
    0.28515625,
    0.318359375,
    0.283203125,
    0.333984375,
    0.1806640625,
    0.42578125,
    0.6640625,
    0.400390625,
    0.56640625
  ],
  "js_mean": 0.06270752102136612,
  "js_std": 0.02343926765024662,
  "js_per_prompt": [
    0.045654296875,
    0.0712890625,
    0.03955078125,
    0.046142578125,
    0.02978515625,
    0.08544921875,
    0.059814453125,
    0.035400390625,
    0.03076171875,
    0.03759765625,
    0.048583984375,
    0.042236328125,
    0.07421875,
    0.0400390625,
    0.058837890625,
    0.044189453125,
    0.11181640625,
    0.05126953125,
    0.06396484375,
    0.0400390625,
    0.04443359375,
    0.08056640625,
    0.09716796875,
    0.04638671875,
    0.09619140625,
    0.03125,
    0.061767578125,
    0.053466796875,
    0.03857421875,
    0.0673828125,
    0.0303955078125,
    0.046875,
    0.072265625,
    0.060546875,
    0.08447265625,
    0.0732421875,
    0.0849609375,
    0.037353515625,
    0.0830078125,
    0.07958984375,
    0.07958984375,
    0.064453125,
    0.07373046875,
    0.064453125,
    0.07763671875,
    0.040283203125,
    0.09375,
    0.123046875,
    0.08203125,
    0.10986328125
  ],
  "tv_mean": 0.20359374582767487,
  "tv_std": 0.054455406963825226,
  "tv_per_prompt": [
    0.1806640625,
    0.2275390625,
    0.1416015625,
    0.18359375,
    0.126953125,
    0.275390625,
    0.197265625,
    0.1513671875,
    0.107421875,
    0.1484375,
    0.1533203125,
    0.158203125,
    0.216796875,
    0.1484375,
    0.212890625,
    0.16015625,
    0.302734375,
    0.15234375,
    0.2216796875,
    0.1611328125,
    0.1513671875,
    0.259765625,
    0.296875,
    0.166015625,
    0.271484375,
    0.125,
    0.22265625,
    0.18359375,
    0.1416015625,
    0.2001953125,
    0.119140625,
    0.16796875,
    0.244140625,
    0.1904296875,
    0.2373046875,
    0.2421875,
    0.265625,
    0.1474609375,
    0.25390625,
    0.2373046875,
    0.25,
    0.2119140625,
    0.2412109375,
    0.2216796875,
    0.2421875,
    0.1435546875,
    0.27734375,
    0.302734375,
    0.23828125,
    0.298828125
  ],
  "target_model": "Qwen/Qwen2.5-7B-Instruct",
  "draft_model": "Qwen/Qwen2.5-0.5B-Instruct",
  "adapter_path": "results/exp4/medical_lam_1.0/final",
  "domain": "code",
  "divergence_types": [
    "kl",
    "js",
    "tv"
  ],
  "max_seq_len": 512,
  "seed": 42
}