{
  "num_prompts": 50,
  "avg_seq_len": 44.32,
  "kl_mean": 0.4751562476158142,
  "kl_std": 0.1458999514579773,
  "kl_per_prompt": [
    0.6796875,
    0.484375,
    0.75,
    0.32421875,
    0.40234375,
    0.41015625,
    0.34375,
    0.53125,
    0.625,
    0.39453125,
    0.357421875,
    0.484375,
    0.373046875,
    0.3046875,
    0.498046875,
    0.5703125,
    0.6171875,
    0.388671875,
    0.546875,
    0.38671875,
    0.365234375,
    0.34765625,
    0.28515625,
    0.51953125,
    0.3203125,
    0.5546875,
    0.73046875,
    0.2109375,
    0.52734375,
    0.98046875,
    0.4140625,
    0.4453125,
    0.79296875,
    0.458984375,
    0.416015625,
    0.671875,
    0.431640625,
    0.3359375,
    0.392578125,
    0.46484375,
    0.55078125,
    0.443359375,
    0.27734375,
    0.412109375,
    0.419921875,
    0.4453125,
    0.4375,
    0.57421875,
    0.48828125,
    0.5703125
  ],
  "js_mean": 0.09161132574081421,
  "js_std": 0.022343574091792107,
  "js_per_prompt": [
    0.10888671875,
    0.09814453125,
    0.10888671875,
    0.072265625,
    0.0830078125,
    0.07861328125,
    0.06787109375,
    0.08349609375,
    0.12109375,
    0.08154296875,
    0.07470703125,
    0.10205078125,
    0.0810546875,
    0.061279296875,
    0.10009765625,
    0.123046875,
    0.107421875,
    0.076171875,
    0.091796875,
    0.0673828125,
    0.0732421875,
    0.0751953125,
    0.0625,
    0.09765625,
    0.06640625,
    0.10791015625,
    0.1455078125,
    0.04638671875,
    0.0908203125,
    0.1591796875,
    0.08544921875,
    0.09033203125,
    0.130859375,
    0.09619140625,
    0.0830078125,
    0.1259765625,
    0.07177734375,
    0.076171875,
    0.0751953125,
    0.0966796875,
    0.10595703125,
    0.09130859375,
    0.060302734375,
    0.0849609375,
    0.08349609375,
    0.09765625,
    0.08984375,
    0.1201171875,
    0.10498046875,
    0.0966796875
  ],
  "tv_mean": 0.2688281238079071,
  "tv_std": 0.04490412399172783,
  "tv_per_prompt": [
    0.314453125,
    0.287109375,
    0.314453125,
    0.2421875,
    0.255859375,
    0.26953125,
    0.2236328125,
    0.255859375,
    0.328125,
    0.251953125,
    0.240234375,
    0.30078125,
    0.26171875,
    0.1923828125,
    0.28125,
    0.328125,
    0.275390625,
    0.24609375,
    0.26171875,
    0.1953125,
    0.251953125,
    0.2578125,
    0.21484375,
    0.263671875,
    0.21875,
    0.28515625,
    0.36328125,
    0.1630859375,
    0.251953125,
    0.396484375,
    0.24609375,
    0.267578125,
    0.357421875,
    0.275390625,
    0.255859375,
    0.3359375,
    0.2099609375,
    0.251953125,
    0.236328125,
    0.27734375,
    0.294921875,
    0.275390625,
    0.2109375,
    0.248046875,
    0.263671875,
    0.27734375,
    0.267578125,
    0.322265625,
    0.310546875,
    0.263671875
  ],
  "target_model": "Qwen/Qwen2.5-7B-Instruct",
  "draft_model": "Qwen/Qwen2.5-0.5B-Instruct",
  "adapter_path": "results/exp4/chat_lam_0.5/final",
  "domain": "mixed",
  "divergence_types": [
    "kl",
    "js",
    "tv"
  ],
  "max_seq_len": 512,
  "seed": 42
}