{
  "num_prompts": 50,
  "avg_seq_len": 88.6,
  "kl_mean": 0.30702149868011475,
  "kl_std": 0.1396884024143219,
  "kl_per_prompt": [
    0.193359375,
    0.3828125,
    0.1767578125,
    0.2021484375,
    0.1357421875,
    0.427734375,
    0.287109375,
    0.19140625,
    0.12451171875,
    0.150390625,
    0.181640625,
    0.2314453125,
    0.37890625,
    0.1650390625,
    0.2138671875,
    0.1630859375,
    0.6015625,
    0.2021484375,
    0.38671875,
    0.21484375,
    0.1953125,
    0.36328125,
    0.4921875,
    0.2119140625,
    0.51953125,
    0.1455078125,
    0.24609375,
    0.259765625,
    0.1796875,
    0.369140625,
    0.1318359375,
    0.2236328125,
    0.390625,
    0.271484375,
    0.416015625,
    0.34375,
    0.421875,
    0.1640625,
    0.421875,
    0.423828125,
    0.361328125,
    0.3046875,
    0.35546875,
    0.328125,
    0.388671875,
    0.177734375,
    0.486328125,
    0.69921875,
    0.421875,
    0.625
  ],
  "js_mean": 0.06443359702825546,
  "js_std": 0.0268237367272377,
  "js_per_prompt": [
    0.039794921875,
    0.0703125,
    0.03759765625,
    0.041748046875,
    0.029052734375,
    0.0966796875,
    0.056884765625,
    0.038818359375,
    0.025390625,
    0.02978515625,
    0.03466796875,
    0.049072265625,
    0.07080078125,
    0.03955078125,
    0.048095703125,
    0.034423828125,
    0.10986328125,
    0.038330078125,
    0.0771484375,
    0.04345703125,
    0.044189453125,
    0.08251953125,
    0.10400390625,
    0.050048828125,
    0.10546875,
    0.03173828125,
    0.059814453125,
    0.057861328125,
    0.039794921875,
    0.0703125,
    0.0322265625,
    0.052978515625,
    0.08203125,
    0.0634765625,
    0.0849609375,
    0.07421875,
    0.08935546875,
    0.0380859375,
    0.09326171875,
    0.087890625,
    0.080078125,
    0.06787109375,
    0.08154296875,
    0.07373046875,
    0.087890625,
    0.040283203125,
    0.1044921875,
    0.126953125,
    0.08349609375,
    0.11962890625
  ],
  "tv_mean": 0.20620116591453552,
  "tv_std": 0.061250001192092896,
  "tv_per_prompt": [
    0.171875,
    0.2255859375,
    0.1396484375,
    0.1708984375,
    0.125,
    0.294921875,
    0.1943359375,
    0.1591796875,
    0.1005859375,
    0.1240234375,
    0.123046875,
    0.16796875,
    0.208984375,
    0.14453125,
    0.1943359375,
    0.1396484375,
    0.298828125,
    0.1259765625,
    0.2490234375,
    0.1640625,
    0.1533203125,
    0.26171875,
    0.30859375,
    0.17578125,
    0.2890625,
    0.12451171875,
    0.216796875,
    0.19140625,
    0.146484375,
    0.208984375,
    0.1220703125,
    0.1787109375,
    0.26171875,
    0.1943359375,
    0.2392578125,
    0.240234375,
    0.2734375,
    0.1513671875,
    0.2734375,
    0.251953125,
    0.25390625,
    0.216796875,
    0.255859375,
    0.2333984375,
    0.259765625,
    0.1435546875,
    0.296875,
    0.310546875,
    0.2392578125,
    0.314453125
  ],
  "target_model": "Qwen/Qwen2.5-7B-Instruct",
  "draft_model": "Qwen/Qwen2.5-0.5B-Instruct",
  "adapter_path": "results/exp4/chat_lam_0.5/final",
  "domain": "code",
  "divergence_types": [
    "kl",
    "js",
    "tv"
  ],
  "max_seq_len": 512,
  "seed": 42
}