{
  "alpha": 0.5114503816793893,
  "alpha_std": 0.13944652676582336,
  "mean_accepted_length": 2.5572519083969465,
  "per_position_alpha": [
    0.6470588235294118,
    0.8743927827897293,
    0.8857142857142857,
    0.8906810035842294,
    0.8893360160965795
  ],
  "per_prompt_alpha": [
    0.7058823529411765,
    0.711764705882353,
    0.5302325581395348,
    0.72,
    0.8,
    0.4530612244897959,
    0.42745098039215684,
    0.775,
    0.5707317073170731,
    0.43137254901960786,
    0.6777777777777778,
    0.40384615384615385,
    0.6486486486486487,
    0.5707317073170731,
    0.49777777777777776,
    0.416,
    0.4235294117647059,
    0.8266666666666667,
    0.3142857142857143,
    0.6263157894736842,
    0.59,
    0.5756097560975609,
    0.4489795918367347,
    0.452,
    0.4723404255319149,
    0.8258064516129032,
    0.4826086956521739,
    0.6,
    0.41923076923076924,
    0.432,
    0.4708333333333333,
    0.9407407407407408,
    0.5441860465116279,
    0.44081632653061226,
    0.46808510638297873,
    0.4666666666666667,
    0.5302325581395348,
    0.6,
    0.49130434782608695,
    0.59,
    0.45714285714285713,
    0.42745098039215684,
    0.5571428571428572,
    0.45714285714285713,
    0.428,
    0.29393939393939394,
    0.4448979591836735,
    0.52,
    0.3344262295081967,
    0.49777777777777776
  ],
  "num_prompts": 50,
  "total_tokens_generated": 6481,
  "draft_k": 5,
  "max_new_tokens": 128,
  "target_model": "Qwen/Qwen2.5-7B-Instruct",
  "draft_model": "Qwen/Qwen2.5-0.5B-Instruct",
  "adapter_path": "results/stress_test_qwen/rank64_3epoch/checkpoints/step_468",
  "domain": "code",
  "seed": 42
}