{
  "alpha": 0.4818809318377912,
  "alpha_std": 0.15512749552726746,
  "mean_accepted_length": 2.409404659188956,
  "per_position_alpha": [
    0.6220880069025022,
    0.8571428571428571,
    0.8794498381877023,
    0.8804047838086476,
    0.9017763845350052
  ],
  "per_prompt_alpha": [
    0.4782608695652174,
    0.654054054054054,
    0.5209302325581395,
    0.9,
    0.7575757575757576,
    0.4076923076923077,
    0.5609756097560976,
    0.7575757575757576,
    0.5348837209302325,
    0.424,
    0.6157894736842106,
    0.40384615384615385,
    0.7235294117647059,
    0.6378378378378379,
    0.6857142857142857,
    0.5045454545454545,
    0.448,
    0.7176470588235294,
    0.595,
    0.3233333333333333,
    0.48695652173913045,
    0.6648648648648648,
    0.41509433962264153,
    0.5666666666666667,
    0.4723404255319149,
    0.711764705882353,
    0.509090909090909,
    0.34576271186440677,
    0.2818181818181818,
    0.3161290322580645,
    0.46938775510204084,
    0.9555555555555556,
    0.4888888888888889,
    0.509090909090909,
    0.3423728813559322,
    0.35789473684210527,
    0.6153846153846154,
    0.3781818181818182,
    0.3180327868852459,
    0.44313725490196076,
    0.4530612244897959,
    0.509090909090909,
    0.631578947368421,
    0.4625,
    0.3925925925925926,
    0.3448275862068966,
    0.37454545454545457,
    0.46382978723404256,
    0.27941176470588236,
    0.436
  ],
  "num_prompts": 50,
  "total_tokens_generated": 6461,
  "draft_k": 5,
  "max_new_tokens": 128,
  "target_model": "Qwen/Qwen2.5-7B-Instruct",
  "draft_model": "Qwen/Qwen2.5-0.5B-Instruct",
  "adapter_path": "results/stress_test_qwen/rank64_3epoch/checkpoints/step_1404",
  "domain": "code",
  "seed": 42
}