{
  "alpha": 0.4764705882352941,
  "alpha_std": 0.1573934257030487,
  "mean_accepted_length": 2.3823529411764706,
  "per_position_alpha": [
    0.6240409207161125,
    0.8387978142076503,
    0.8713355048859935,
    0.8943925233644859,
    0.9090909090909091
  ],
  "per_prompt_alpha": [
    0.47391304347826085,
    0.68,
    0.4723404255319149,
    0.9,
    0.7575757575757576,
    0.46382978723404256,
    0.5609756097560976,
    0.7575757575757576,
    0.58,
    0.46382978723404256,
    0.5658536585365853,
    0.3962962962962963,
    0.7575757575757576,
    0.6324324324324324,
    0.6857142857142857,
    0.3607142857142857,
    0.3387096774193548,
    0.6594594594594595,
    0.595,
    0.34,
    0.5534883720930233,
    0.6648648648648648,
    0.4851063829787234,
    0.654054054054054,
    0.4723404255319149,
    0.7085714285714285,
    0.5756097560975609,
    0.4076923076923077,
    0.3389830508474576,
    0.39622641509433965,
    0.456,
    0.9555555555555556,
    0.436,
    0.40384615384615385,
    0.4196078431372549,
    0.3046153846153846,
    0.45714285714285713,
    0.3888888888888889,
    0.29846153846153844,
    0.4307692307692308,
    0.3413793103448276,
    0.5227272727272727,
    0.61,
    0.46808510638297873,
    0.39622641509433965,
    0.2735294117647059,
    0.35517241379310344,
    0.46382978723404256,
    0.3193548387096774,
    0.41568627450980394
  ],
  "num_prompts": 50,
  "total_tokens_generated": 6471,
  "draft_k": 5,
  "max_new_tokens": 128,
  "target_model": "Qwen/Qwen2.5-7B-Instruct",
  "draft_model": "Qwen/Qwen2.5-0.5B-Instruct",
  "adapter_path": "results/stress_test_qwen/rank64_3epoch/checkpoints/step_1872",
  "domain": "code",
  "seed": 42
}