{
  "alpha": 0.48890822096563724,
  "alpha_std": 0.15326710045337677,
  "mean_accepted_length": 2.444541104828186,
  "per_position_alpha": [
    0.6276642018268812,
    0.8551628551628552,
    0.8816855753646677,
    0.8924632352941176,
    0.9104016477857878
  ],
  "per_prompt_alpha": [
    0.47391304347826085,
    0.68,
    0.4723404255319149,
    0.9,
    0.7575757575757576,
    0.46382978723404256,
    0.5609756097560976,
    0.7575757575757576,
    0.58,
    0.3473684210526316,
    0.6777777777777778,
    0.3962962962962963,
    0.7235294117647059,
    0.6324324324324324,
    0.6857142857142857,
    0.3607142857142857,
    0.35,
    0.6594594594594595,
    0.595,
    0.5380952380952381,
    0.48695652173913045,
    0.6648648648648648,
    0.4723404255319149,
    0.654054054054054,
    0.5022222222222222,
    0.7085714285714285,
    0.5756097560975609,
    0.32063492063492066,
    0.3225806451612903,
    0.37454545454545457,
    0.456,
    0.9555555555555556,
    0.5136363636363637,
    0.4489795918367347,
    0.4196078431372549,
    0.4115384615384615,
    0.6051282051282051,
    0.3888888888888889,
    0.29846153846153844,
    0.4307692307692308,
    0.39245283018867927,
    0.5227272727272727,
    0.61,
    0.46808510638297873,
    0.38545454545454544,
    0.3423728813559322,
    0.37454545454545457,
    0.46382978723404256,
    0.35789473684210527,
    0.4037735849056604
  ],
  "num_prompts": 50,
  "total_tokens_generated": 6476,
  "draft_k": 5,
  "max_new_tokens": 128,
  "target_model": "Qwen/Qwen2.5-7B-Instruct",
  "draft_model": "Qwen/Qwen2.5-0.5B-Instruct",
  "adapter_path": "results/stress_test_qwen/rank64_3epoch/final",
  "domain": "code",
  "seed": 42
}