{
  "alpha": 0.5197997269003186,
  "alpha_std": 0.146110400557518,
  "mean_accepted_length": 2.598998634501593,
  "per_position_alpha": [
    0.6540737369139736,
    0.8775226165622826,
    0.8865979381443299,
    0.8908765652951699,
    0.9016064257028112
  ],
  "per_prompt_alpha": [
    0.6594594594594595,
    0.5255813953488372,
    0.5804878048780487,
    0.9,
    0.8689655172413793,
    0.4956521739130435,
    0.5476190476190477,
    0.6777777777777778,
    0.6611111111111111,
    0.4037735849056604,
    0.631578947368421,
    0.6157894736842106,
    0.7235294117647059,
    0.5045454545454545,
    0.6157894736842106,
    0.7333333333333333,
    0.585,
    0.6722222222222223,
    0.29393939393939394,
    0.4583333333333333,
    0.5181818181818182,
    0.7333333333333333,
    0.5022222222222222,
    0.5272727272727272,
    0.5111111111111111,
    0.775,
    0.5756097560975609,
    0.4765957446808511,
    0.6432432432432432,
    0.3649122807017544,
    0.5255813953488372,
    0.9555555555555556,
    0.5066666666666667,
    0.4076923076923077,
    0.4392156862745098,
    0.3333333333333333,
    0.4723404255319149,
    0.585,
    0.41509433962264153,
    0.585,
    0.40784313725490196,
    0.4851063829787234,
    0.5571428571428572,
    0.4625,
    0.4791666666666667,
    0.3962962962962963,
    0.39622641509433965,
    0.4235294117647059,
    0.30625,
    0.436
  ],
  "num_prompts": 50,
  "total_tokens_generated": 6470,
  "draft_k": 5,
  "max_new_tokens": 128,
  "target_model": "Qwen/Qwen2.5-7B-Instruct",
  "draft_model": "Qwen/Qwen2.5-0.5B-Instruct",
  "adapter_path": "results/stress_test_qwen/rank64_3epoch/checkpoints/step_936",
  "domain": "code",
  "seed": 42
}