{
  "alpha": 0.5203096539162113,
  "alpha_std": 0.1626976877450943,
  "mean_accepted_length": 2.6015482695810563,
  "per_position_alpha": [
    0.6475409836065574,
    0.8818565400843882,
    0.8907496012759171,
    0.9140555058191585,
    0.8805093046033301
  ],
  "per_prompt_alpha": [
    0.7085714285714285,
    0.5209302325581395,
    0.432,
    0.7935483870967742,
    0.6648648648648648,
    0.58,
    0.6611111111111111,
    0.8533333333333334,
    0.6432432432432432,
    0.4782608695652174,
    0.5348837209302325,
    0.32786885245901637,
    0.5066666666666667,
    0.4235294117647059,
    0.7411764705882353,
    0.5428571428571428,
    0.5043478260869565,
    0.9071428571428571,
    0.6102564102564103,
    0.4782608695652174,
    0.631578947368421,
    0.8,
    0.5395348837209303,
    0.7176470588235294,
    0.59,
    0.8258064516129032,
    0.436,
    0.6666666666666666,
    0.24054054054054055,
    0.4851063829787234,
    0.7028571428571428,
    0.9555555555555556,
    0.5162790697674419,
    0.5255813953488372,
    0.3649122807017544,
    0.42745098039215684,
    0.4723404255319149,
    0.5,
    0.3781818181818182,
    0.4888888888888889,
    0.4235294117647059,
    0.33666666666666667,
    0.7235294117647059,
    0.4583333333333333,
    0.585,
    0.4235294117647059,
    0.3466666666666667,
    0.5609756097560976,
    0.3180327868852459,
    0.37857142857142856
  ],
  "num_prompts": 50,
  "total_tokens_generated": 6487,
  "draft_k": 5,
  "max_new_tokens": 128,
  "target_model": "Qwen/Qwen2.5-7B-Instruct",
  "draft_model": "Qwen/Qwen2.5-0.5B-Instruct",
  "adapter_path": null,
  "domain": "code",
  "seed": 42
}