{
  "num_prompts": 50,
  "avg_seq_len": 88.6,
  "kl_mean": 0.8512499928474426,
  "kl_std": 0.27215996384620667,
  "kl_per_prompt": [
    0.8984375,
    1.0546875,
    0.6875,
    0.73828125,
    0.55859375,
    1.015625,
    0.9609375,
    0.62109375,
    0.6015625,
    0.7578125,
    0.69140625,
    0.63671875,
    0.92578125,
    0.55859375,
    0.78515625,
    0.67578125,
    1.265625,
    0.6796875,
    0.8671875,
    0.6875,
    0.49609375,
    1.40625,
    1.28125,
    0.50390625,
    1.34375,
    0.359375,
    0.8359375,
    0.8828125,
    0.51171875,
    0.9921875,
    0.31640625,
    0.8515625,
    1.046875,
    0.6484375,
    1.0,
    1.2421875,
    1.3046875,
    0.6171875,
    0.9609375,
    0.88671875,
    0.953125,
    0.8515625,
    1.0,
    0.734375,
    0.7578125,
    0.46875,
    1.09375,
    1.3203125,
    0.9140625,
    1.3125
  ],
  "js_mean": 0.1386425793170929,
  "js_std": 0.050134625285863876,
  "js_per_prompt": [
    0.1005859375,
    0.140625,
    0.08349609375,
    0.08544921875,
    0.07373046875,
    0.19140625,
    0.1279296875,
    0.1015625,
    0.06591796875,
    0.08056640625,
    0.07470703125,
    0.126953125,
    0.126953125,
    0.08056640625,
    0.11474609375,
    0.08642578125,
    0.193359375,
    0.07861328125,
    0.1611328125,
    0.09375,
    0.0810546875,
    0.2119140625,
    0.2294921875,
    0.0927734375,
    0.2158203125,
    0.05859375,
    0.16015625,
    0.1513671875,
    0.10595703125,
    0.15625,
    0.060546875,
    0.140625,
    0.2021484375,
    0.1318359375,
    0.16796875,
    0.185546875,
    0.2158203125,
    0.11962890625,
    0.1748046875,
    0.1669921875,
    0.1748046875,
    0.15234375,
    0.1806640625,
    0.15234375,
    0.15234375,
    0.09326171875,
    0.20703125,
    0.21484375,
    0.16796875,
    0.21875
  ],
  "tv_mean": 0.31685546040534973,
  "tv_std": 0.09085603058338165,
  "tv_per_prompt": [
    0.259765625,
    0.314453125,
    0.220703125,
    0.2275390625,
    0.2080078125,
    0.41015625,
    0.318359375,
    0.265625,
    0.16015625,
    0.2158203125,
    0.181640625,
    0.28515625,
    0.296875,
    0.2099609375,
    0.294921875,
    0.2314453125,
    0.427734375,
    0.1865234375,
    0.3671875,
    0.265625,
    0.203125,
    0.4453125,
    0.4765625,
    0.2412109375,
    0.447265625,
    0.1669921875,
    0.373046875,
    0.33984375,
    0.251953125,
    0.3359375,
    0.1748046875,
    0.3046875,
    0.4453125,
    0.291015625,
    0.353515625,
    0.404296875,
    0.4609375,
    0.27734375,
    0.39453125,
    0.365234375,
    0.392578125,
    0.341796875,
    0.396484375,
    0.349609375,
    0.34765625,
    0.234375,
    0.431640625,
    0.427734375,
    0.373046875,
    0.447265625
  ],
  "target_model": "Qwen/Qwen2.5-7B-Instruct",
  "draft_model": "Qwen/Qwen2.5-0.5B-Instruct",
  "adapter_path": "results/stress_test_qwen/rank64_3epoch/final",
  "domain": "code",
  "divergence_types": [
    "kl",
    "js",
    "tv"
  ],
  "max_seq_len": 512,
  "seed": 42
}