{
  "num_prompts": 50,
  "avg_seq_len": 88.6,
  "kl_mean": 0.8508594036102295,
  "kl_std": 0.2721409201622009,
  "kl_per_prompt": [
    0.8984375,
    1.046875,
    0.6875,
    0.73828125,
    0.55078125,
    1.015625,
    0.96484375,
    0.62890625,
    0.6015625,
    0.7421875,
    0.6953125,
    0.63671875,
    0.921875,
    0.55859375,
    0.78125,
    0.671875,
    1.265625,
    0.67578125,
    0.86328125,
    0.6875,
    0.494140625,
    1.3984375,
    1.28125,
    0.50390625,
    1.34375,
    0.361328125,
    0.8359375,
    0.87890625,
    0.51171875,
    1.0,
    0.318359375,
    0.84765625,
    1.046875,
    0.65234375,
    1.0078125,
    1.2421875,
    1.3046875,
    0.6171875,
    0.97265625,
    0.890625,
    0.94921875,
    0.85546875,
    1.0,
    0.734375,
    0.75390625,
    0.466796875,
    1.09375,
    1.3203125,
    0.9140625,
    1.3125
  ],
  "js_mean": 0.13872557878494263,
  "js_std": 0.050263628363609314,
  "js_per_prompt": [
    0.1005859375,
    0.1396484375,
    0.08447265625,
    0.0849609375,
    0.072265625,
    0.1923828125,
    0.12890625,
    0.1025390625,
    0.06640625,
    0.080078125,
    0.0751953125,
    0.126953125,
    0.126953125,
    0.07958984375,
    0.1142578125,
    0.0859375,
    0.1923828125,
    0.07861328125,
    0.16015625,
    0.09326171875,
    0.08056640625,
    0.212890625,
    0.23046875,
    0.09326171875,
    0.2158203125,
    0.05859375,
    0.1611328125,
    0.150390625,
    0.1064453125,
    0.1572265625,
    0.060791015625,
    0.140625,
    0.2021484375,
    0.130859375,
    0.1689453125,
    0.185546875,
    0.21484375,
    0.1201171875,
    0.1767578125,
    0.1669921875,
    0.1748046875,
    0.1533203125,
    0.181640625,
    0.15234375,
    0.15234375,
    0.09326171875,
    0.20703125,
    0.21484375,
    0.16796875,
    0.21875
  ],
  "tv_mean": 0.31703126430511475,
  "tv_std": 0.09087692201137543,
  "tv_per_prompt": [
    0.259765625,
    0.314453125,
    0.2216796875,
    0.2255859375,
    0.2041015625,
    0.41015625,
    0.3203125,
    0.267578125,
    0.162109375,
    0.2158203125,
    0.1845703125,
    0.283203125,
    0.296875,
    0.208984375,
    0.29296875,
    0.2314453125,
    0.42578125,
    0.1845703125,
    0.3671875,
    0.265625,
    0.2041015625,
    0.4453125,
    0.4765625,
    0.2421875,
    0.4453125,
    0.1669921875,
    0.375,
    0.33984375,
    0.25390625,
    0.337890625,
    0.1748046875,
    0.3046875,
    0.443359375,
    0.291015625,
    0.35546875,
    0.404296875,
    0.4609375,
    0.27734375,
    0.3984375,
    0.365234375,
    0.392578125,
    0.34375,
    0.396484375,
    0.349609375,
    0.34765625,
    0.234375,
    0.43359375,
    0.4296875,
    0.37109375,
    0.447265625
  ],
  "target_model": "Qwen/Qwen2.5-7B-Instruct",
  "draft_model": "Qwen/Qwen2.5-0.5B-Instruct",
  "adapter_path": "results/stress_test_qwen/rank64_3epoch/checkpoints/step_1872",
  "domain": "code",
  "divergence_types": [
    "kl",
    "js",
    "tv"
  ],
  "max_seq_len": 512,
  "seed": 42
}