{
  "num_prompts": 50,
  "avg_seq_len": 88.6,
  "kl_mean": 0.6283203363418579,
  "kl_std": 0.1869262456893921,
  "kl_per_prompt": [
    0.75390625,
    0.984375,
    0.609375,
    0.69140625,
    0.47265625,
    0.703125,
    0.8359375,
    0.5078125,
    0.56640625,
    0.82421875,
    0.6640625,
    0.52734375,
    0.75,
    0.53125,
    0.6796875,
    0.62890625,
    0.98828125,
    0.625,
    0.63671875,
    0.61328125,
    0.400390625,
    0.953125,
    0.8984375,
    0.37109375,
    0.89453125,
    0.271484375,
    0.5546875,
    0.640625,
    0.3046875,
    0.5625,
    0.248046875,
    0.546875,
    0.6796875,
    0.423828125,
    0.78515625,
    0.80078125,
    0.78515625,
    0.419921875,
    0.609375,
    0.59375,
    0.609375,
    0.46875,
    0.61328125,
    0.48046875,
    0.5078125,
    0.30078125,
    0.69921875,
    0.95703125,
    0.58203125,
    0.859375
  ],
  "js_mean": 0.09641601890325546,
  "js_std": 0.032131485641002655,
  "js_per_prompt": [
    0.07470703125,
    0.123046875,
    0.06396484375,
    0.072265625,
    0.052001953125,
    0.130859375,
    0.09814453125,
    0.06689453125,
    0.05419921875,
    0.080078125,
    0.068359375,
    0.0966796875,
    0.09375,
    0.0693359375,
    0.0849609375,
    0.07275390625,
    0.13671875,
    0.0654296875,
    0.1015625,
    0.07080078125,
    0.058837890625,
    0.1484375,
    0.158203125,
    0.062255859375,
    0.15234375,
    0.03955078125,
    0.10009765625,
    0.10546875,
    0.060546875,
    0.0966796875,
    0.041015625,
    0.08642578125,
    0.126953125,
    0.087890625,
    0.1298828125,
    0.1181640625,
    0.1337890625,
    0.07568359375,
    0.115234375,
    0.1103515625,
    0.115234375,
    0.09130859375,
    0.11572265625,
    0.0966796875,
    0.1044921875,
    0.056884765625,
    0.134765625,
    0.1611328125,
    0.10888671875,
    0.1513671875
  ],
  "tv_mean": 0.25539061427116394,
  "tv_std": 0.06921421736478806,
  "tv_per_prompt": [
    0.220703125,
    0.30859375,
    0.1796875,
    0.2138671875,
    0.1640625,
    0.32421875,
    0.248046875,
    0.19140625,
    0.134765625,
    0.224609375,
    0.171875,
    0.2451171875,
    0.2392578125,
    0.193359375,
    0.2490234375,
    0.208984375,
    0.33984375,
    0.1611328125,
    0.26953125,
    0.2109375,
    0.1689453125,
    0.36328125,
    0.388671875,
    0.1943359375,
    0.365234375,
    0.1357421875,
    0.279296875,
    0.27734375,
    0.1826171875,
    0.2490234375,
    0.1357421875,
    0.2353515625,
    0.3359375,
    0.232421875,
    0.30859375,
    0.3125,
    0.34765625,
    0.2138671875,
    0.30859375,
    0.2890625,
    0.314453125,
    0.25390625,
    0.3046875,
    0.271484375,
    0.28125,
    0.1748046875,
    0.34375,
    0.359375,
    0.283203125,
    0.359375
  ],
  "target_model": "Qwen/Qwen2.5-7B-Instruct",
  "draft_model": "Qwen/Qwen2.5-0.5B-Instruct",
  "adapter_path": "results/stress_test_qwen/rank64_3epoch/checkpoints/step_468",
  "domain": "code",
  "divergence_types": [
    "kl",
    "js",
    "tv"
  ],
  "max_seq_len": 512,
  "seed": 42
}