{
  "num_prompts": 50,
  "avg_seq_len": 88.6,
  "kl_mean": 0.7399609088897705,
  "kl_std": 0.2244410365819931,
  "kl_per_prompt": [
    0.8046875,
    1.0,
    0.671875,
    0.68359375,
    0.53125,
    0.83984375,
    0.875,
    0.546875,
    0.57421875,
    0.96484375,
    0.7109375,
    0.55859375,
    0.83984375,
    0.515625,
    0.6953125,
    0.66796875,
    1.171875,
    0.66015625,
    0.8125,
    0.69140625,
    0.439453125,
    1.09375,
    1.015625,
    0.408203125,
    1.1015625,
    0.31640625,
    0.69140625,
    0.734375,
    0.40234375,
    0.76171875,
    0.271484375,
    0.68359375,
    0.90234375,
    0.51171875,
    0.8671875,
    1.0546875,
    1.0625,
    0.53515625,
    0.84375,
    0.74609375,
    0.80078125,
    0.66015625,
    0.8203125,
    0.60546875,
    0.62890625,
    0.37109375,
    0.890625,
    1.09375,
    0.71875,
    1.1484375
  ],
  "js_mean": 0.11583984643220901,
  "js_std": 0.04048804193735123,
  "js_per_prompt": [
    0.0830078125,
    0.125,
    0.07421875,
    0.07470703125,
    0.06591796875,
    0.15625,
    0.10791015625,
    0.07763671875,
    0.057861328125,
    0.08837890625,
    0.0751953125,
    0.109375,
    0.109375,
    0.0693359375,
    0.08984375,
    0.0791015625,
    0.1669921875,
    0.07421875,
    0.130859375,
    0.0869140625,
    0.0693359375,
    0.1689453125,
    0.1884765625,
    0.07177734375,
    0.1806640625,
    0.049072265625,
    0.12353515625,
    0.123046875,
    0.08251953125,
    0.125,
    0.04736328125,
    0.11279296875,
    0.1708984375,
    0.10693359375,
    0.142578125,
    0.1513671875,
    0.1767578125,
    0.10205078125,
    0.1474609375,
    0.1357421875,
    0.1474609375,
    0.1220703125,
    0.1494140625,
    0.1220703125,
    0.1240234375,
    0.07177734375,
    0.1728515625,
    0.181640625,
    0.1337890625,
    0.1884765625
  ],
  "tv_mean": 0.28519532084465027,
  "tv_std": 0.07942114025354385,
  "tv_per_prompt": [
    0.2275390625,
    0.302734375,
    0.203125,
    0.2177734375,
    0.1982421875,
    0.361328125,
    0.2734375,
    0.216796875,
    0.1484375,
    0.232421875,
    0.1826171875,
    0.265625,
    0.265625,
    0.1962890625,
    0.25390625,
    0.2138671875,
    0.37890625,
    0.177734375,
    0.322265625,
    0.2490234375,
    0.1884765625,
    0.390625,
    0.423828125,
    0.2099609375,
    0.40625,
    0.1513671875,
    0.318359375,
    0.306640625,
    0.216796875,
    0.291015625,
    0.1494140625,
    0.2734375,
    0.41015625,
    0.2578125,
    0.326171875,
    0.36328125,
    0.412109375,
    0.255859375,
    0.357421875,
    0.3203125,
    0.359375,
    0.30078125,
    0.353515625,
    0.306640625,
    0.310546875,
    0.2041015625,
    0.39453125,
    0.38671875,
    0.322265625,
    0.404296875
  ],
  "target_model": "Qwen/Qwen2.5-7B-Instruct",
  "draft_model": "Qwen/Qwen2.5-0.5B-Instruct",
  "adapter_path": "results/stress_test_qwen/rank64_3epoch/checkpoints/step_936",
  "domain": "code",
  "divergence_types": [
    "kl",
    "js",
    "tv"
  ],
  "max_seq_len": 512,
  "seed": 42
}