{
  "num_prompts": 50,
  "avg_seq_len": 88.6,
  "kl_mean": 0.845703125,
  "kl_std": 0.27404412627220154,
  "kl_per_prompt": [
    0.8828125,
    1.03125,
    0.65625,
    0.7265625,
    0.53515625,
    0.99609375,
    0.9296875,
    0.6171875,
    0.58984375,
    0.70703125,
    0.6328125,
    0.66015625,
    0.90625,
    0.55078125,
    0.78125,
    0.66015625,
    1.2578125,
    0.65625,
    0.87109375,
    0.703125,
    0.482421875,
    1.3671875,
    1.2734375,
    0.498046875,
    1.3359375,
    0.36328125,
    0.8515625,
    0.8828125,
    0.515625,
    1.0078125,
    0.310546875,
    0.828125,
    1.0546875,
    0.6484375,
    1.0078125,
    1.2734375,
    1.3046875,
    0.6328125,
    0.98046875,
    0.8828125,
    0.9609375,
    0.85546875,
    1.03125,
    0.7265625,
    0.73828125,
    0.478515625,
    1.109375,
    1.3125,
    0.8984375,
    1.3203125
  ],
  "js_mean": 0.13749511539936066,
  "js_std": 0.05087897554039955,
  "js_per_prompt": [
    0.09716796875,
    0.138671875,
    0.07958984375,
    0.08447265625,
    0.06884765625,
    0.19140625,
    0.12353515625,
    0.10009765625,
    0.062255859375,
    0.07861328125,
    0.0693359375,
    0.1279296875,
    0.1240234375,
    0.07861328125,
    0.11474609375,
    0.083984375,
    0.1943359375,
    0.07470703125,
    0.158203125,
    0.09619140625,
    0.07861328125,
    0.208984375,
    0.2265625,
    0.091796875,
    0.2158203125,
    0.05810546875,
    0.1640625,
    0.1494140625,
    0.10498046875,
    0.15625,
    0.05908203125,
    0.13671875,
    0.203125,
    0.130859375,
    0.16796875,
    0.1884765625,
    0.2138671875,
    0.12255859375,
    0.173828125,
    0.1640625,
    0.1748046875,
    0.15234375,
    0.18359375,
    0.1513671875,
    0.150390625,
    0.09375,
    0.208984375,
    0.2119140625,
    0.166015625,
    0.2197265625
  ],
  "tv_mean": 0.3150976598262787,
  "tv_std": 0.0923721045255661,
  "tv_per_prompt": [
    0.25,
    0.3125,
    0.212890625,
    0.22265625,
    0.1953125,
    0.41015625,
    0.30859375,
    0.26171875,
    0.158203125,
    0.2119140625,
    0.177734375,
    0.28125,
    0.29296875,
    0.2080078125,
    0.298828125,
    0.2255859375,
    0.4296875,
    0.1796875,
    0.361328125,
    0.271484375,
    0.201171875,
    0.4453125,
    0.46875,
    0.2392578125,
    0.447265625,
    0.166015625,
    0.37890625,
    0.337890625,
    0.25,
    0.33984375,
    0.171875,
    0.294921875,
    0.447265625,
    0.2890625,
    0.357421875,
    0.408203125,
    0.4609375,
    0.283203125,
    0.392578125,
    0.36328125,
    0.390625,
    0.34375,
    0.400390625,
    0.34765625,
    0.34765625,
    0.2353515625,
    0.435546875,
    0.423828125,
    0.369140625,
    0.447265625
  ],
  "target_model": "Qwen/Qwen2.5-7B-Instruct",
  "draft_model": "Qwen/Qwen2.5-0.5B-Instruct",
  "adapter_path": "results/stress_test_qwen/rank64_3epoch/checkpoints/step_1404",
  "domain": "code",
  "divergence_types": [
    "kl",
    "js",
    "tv"
  ],
  "max_seq_len": 512,
  "seed": 42
}