{
  "alpha": 0.37244348762109797,
  "alpha_std": 0.12857499718666077,
  "mean_accepted_length": 1.8622174381054897,
  "per_position_alpha": [
    0.5439540724793684,
    0.7889182058047494,
    0.8152173913043478,
    0.8338461538461538,
    0.8487084870848709
  ],
  "per_prompt_alpha": [
    0.3473684210526316,
    0.37142857142857144,
    0.6210526315789474,
    0.32666666666666666,
    0.3333333333333333,
    0.32786885245901637,
    0.41568627450980394,
    0.34915254237288135,
    0.24166666666666667,
    0.6157894736842106,
    0.35789473684210527,
    0.29523809523809524,
    0.3684210526315789,
    0.5441860465116279,
    0.52,
    0.3709090909090909,
    0.32786885245901637,
    0.20240963855421687,
    0.35789473684210527,
    0.4723404255319149,
    0.3142857142857143,
    0.27761194029850744,
    0.23421052631578948,
    0.44081632653061226,
    0.2591549295774648,
    0.27941176470588236,
    0.3448275862068966,
    0.45416666666666666,
    0.4489795918367347,
    0.4595744680851064,
    0.6051282051282051,
    0.5111111111111111,
    0.26666666666666666,
    0.631578947368421,
    0.4235294117647059,
    0.3111111111111111,
    0.30793650793650795,
    0.605,
    0.27058823529411763,
    0.2716417910447761,
    0.5272727272727272,
    0.3962962962962963,
    0.24,
    0.4448979591836735,
    0.3851851851851852,
    0.3649122807017544,
    0.654054054054054,
    0.3586206896551724,
    0.2716417910447761,
    0.7515151515151515
  ],
  "num_prompts": 50,
  "total_tokens_generated": 6461,
  "draft_k": 5,
  "max_new_tokens": 128,
  "target_model": "Qwen/Qwen2.5-7B-Instruct",
  "draft_model": "Qwen/Qwen2.5-0.5B-Instruct",
  "adapter_path": "results/exp4/medical_lam_0.2/final",
  "domain": "medical",
  "seed": 42
}