{
  "num_prompts": 50,
  "avg_seq_len": 52.88,
  "kl_mean": 0.6149609088897705,
  "kl_std": 0.1882748305797577,
  "kl_per_prompt": [
    0.423828125,
    0.54296875,
    0.5546875,
    0.515625,
    0.55078125,
    1.0390625,
    0.65625,
    0.4765625,
    0.63671875,
    0.64453125,
    0.447265625,
    0.765625,
    0.7421875,
    0.7109375,
    0.8359375,
    0.46484375,
    0.609375,
    0.87890625,
    0.470703125,
    0.8125,
    0.419921875,
    0.7578125,
    0.412109375,
    0.498046875,
    0.34765625,
    0.51953125,
    0.53125,
    0.59375,
    0.486328125,
    0.546875,
    1.25,
    0.6171875,
    0.52734375,
    0.63671875,
    0.462890625,
    0.7734375,
    0.50390625,
    0.91796875,
    1.1484375,
    0.5,
    0.466796875,
    0.57421875,
    0.57421875,
    0.3828125,
    0.578125,
    0.5,
    0.69140625,
    0.51171875,
    0.57421875,
    0.6640625
  ],
  "js_mean": 0.10444335639476776,
  "js_std": 0.02596520259976387,
  "js_per_prompt": [
    0.07177734375,
    0.080078125,
    0.0927734375,
    0.10595703125,
    0.0703125,
    0.1669921875,
    0.07421875,
    0.06494140625,
    0.1025390625,
    0.0810546875,
    0.09130859375,
    0.10302734375,
    0.1201171875,
    0.115234375,
    0.11962890625,
    0.08203125,
    0.076171875,
    0.1474609375,
    0.0830078125,
    0.11474609375,
    0.080078125,
    0.1435546875,
    0.0859375,
    0.099609375,
    0.06884765625,
    0.0849609375,
    0.09765625,
    0.10400390625,
    0.09130859375,
    0.10546875,
    0.1728515625,
    0.11865234375,
    0.09619140625,
    0.1123046875,
    0.09716796875,
    0.130859375,
    0.09375,
    0.1484375,
    0.1767578125,
    0.09619140625,
    0.09375,
    0.111328125,
    0.11083984375,
    0.0830078125,
    0.119140625,
    0.09716796875,
    0.11083984375,
    0.1015625,
    0.1083984375,
    0.1181640625
  ],
  "tv_mean": 0.28214845061302185,
  "tv_std": 0.051057156175374985,
  "tv_per_prompt": [
    0.2060546875,
    0.2275390625,
    0.275390625,
    0.310546875,
    0.20703125,
    0.412109375,
    0.2099609375,
    0.1708984375,
    0.3046875,
    0.2265625,
    0.25390625,
    0.265625,
    0.30859375,
    0.3046875,
    0.318359375,
    0.2451171875,
    0.220703125,
    0.341796875,
    0.25390625,
    0.298828125,
    0.2421875,
    0.359375,
    0.265625,
    0.28515625,
    0.224609375,
    0.244140625,
    0.298828125,
    0.302734375,
    0.216796875,
    0.29296875,
    0.390625,
    0.3125,
    0.28515625,
    0.287109375,
    0.2734375,
    0.33203125,
    0.2431640625,
    0.365234375,
    0.41015625,
    0.267578125,
    0.271484375,
    0.30078125,
    0.28515625,
    0.244140625,
    0.30859375,
    0.28125,
    0.279296875,
    0.2890625,
    0.28515625,
    0.30078125
  ],
  "target_model": "Qwen/Qwen2.5-7B-Instruct",
  "draft_model": "Qwen/Qwen2.5-0.5B-Instruct",
  "adapter_path": "results/exp4/medical_lam_0.2/final",
  "domain": "medical",
  "divergence_types": [
    "kl",
    "js",
    "tv"
  ],
  "max_seq_len": 512,
  "seed": 42
}