{
  "perplexity": {
    "perplexity": 7.116710503955088,
    "perplexity_std": 3.928190231323242,
    "avg_loss": 1.962445610793888,
    "total_tokens": 4806,
    "num_samples": 100,
    "per_sample_perplexity": [
      3.6637293751690816,
      6.398118736355039,
      5.017364455951123,
      9.791112310921273,
      6.391104079301785,
      26.149902021746755,
      6.850762210163892,
      3.4236350852988586,
      6.048538832828223,
      4.869001867932583,
      8.535147992816853,
      7.105148073036617,
      8.414667150755086,
      6.386366187217367,
      12.042860381311744,
      15.59337213160869,
      5.860226402865757,
      13.55860082740212,
      12.53973062649131,
      13.234355316131932,
      4.250706235269121,
      9.599169169756102,
      10.613363903265391,
      4.955389579071684,
      8.75422213530842,
      7.142387102579849,
      8.534498872325425,
      12.123729317768513,
      3.377905459139803,
      10.952090691902821,
      7.321596423886886,
      9.062808387235998,
      10.060605653852194,
      4.376232449277439,
      5.118601635902282,
      9.875033834055364,
      3.755424389663864,
      10.956143996080081,
      7.839705269969566,
      4.777982416119848,
      5.454551904300113,
      6.7505660775439305,
      5.134315390143408,
      5.734741595915541,
      4.753271521081402,
      7.1037777597542355,
      5.287463469170689,
      7.373921101629015,
      5.440172775575163,
      5.43344142380331,
      16.50763882146421,
      8.843166921153092,
      10.89789436912577,
      6.515380771217364,
      8.762250980429489,
      12.5800096975258,
      10.380473375219259,
      8.931467177092705,
      11.5130970356368,
      4.755165022725115,
      10.140684492038238,
      12.501109423584118,
      10.175380076580748,
      10.889107997774119,
      18.763757264196414,
      13.770935702456883,
      8.778100550276644,
      16.40861499351296,
      6.571342084170443,
      6.727589181667057,
      7.4485131890630925,
      8.95197151320572,
      6.498007584912977,
      12.3675506612323,
      5.735358951070528,
      9.993793826581161,
      15.560167136320326,
      3.1122433173048085,
      5.068232603616154,
      17.604650653695835,
      5.3518826270483855,
      6.497553671767117,
      13.558494151284426,
      8.783464101325693,
      7.836403210405555,
      11.70093642283345,
      6.258033511234066,
      9.629268133016785,
      11.857241476670252,
      8.349579830367762,
      11.533334000742657,
      9.030842698755041,
      4.967293445925124,
      5.195245192086254,
      14.624685461806044,
      4.921351101814737,
      5.930252829703669,
      13.751876522357184,
      6.7803381519787695,
      12.042085171015007
    ]
  },
  "target_model": "meta-llama/Llama-3.1-8B-Instruct",
  "adapter_path": "results/exp4_llama/medical_lam_0.5/final",
  "tasks": [
    "perplexity"
  ],
  "domain": "medical",
  "seed": 42
}