{
  "perplexity": {
    "perplexity": 6.1853731281795925,
    "perplexity_std": 5.424421310424805,
    "avg_loss": 1.8221873319438888,
    "total_tokens": 6580,
    "num_samples": 100,
    "per_sample_perplexity": [
      6.832617723321792,
      8.05203123538385,
      3.9065744289194506,
      8.112475816164073,
      4.014615963356397,
      10.326392211025633,
      9.873126961044452,
      4.856802022884986,
      4.096088568848461,
      4.487091545095322,
      4.648889461149548,
      5.37749089770759,
      7.561274932288121,
      4.1525684047671225,
      5.286777731178768,
      4.883234463916127,
      6.583770942124903,
      3.4543618350579335,
      11.112658560334662,
      6.193895261832518,
      3.0642200201453957,
      6.442883532691172,
      16.478811201487847,
      3.0723385885307,
      6.580953160942841,
      2.875684879811301,
      5.9297473882674545,
      4.1539923399699505,
      3.0741938450463446,
      4.913917150141714,
      2.2482063981222327,
      4.074061592696297,
      9.888038631068344,
      3.309193509143575,
      4.271634602448928,
      12.113971952450228,
      12.993562969959935,
      3.868033077130309,
      7.552100907190919,
      3.972824813925966,
      5.964058606498069,
      3.9301051137611105,
      5.372594888750267,
      4.904747643397444,
      4.200065825027289,
      2.834800499885682,
      7.328687883493065,
      4.677245974815743,
      5.072467259658755,
      5.664497118149794,
      22.231480671362462,
      11.426903655375272,
      16.523215905482537,
      8.259557712063508,
      10.107842188235345,
      15.121699020059168,
      20.6289610918801,
      14.395115566274919,
      14.882652399498772,
      4.98765817258152,
      14.848857778572564,
      15.488488117652544,
      12.646505522890816,
      14.23135971012517,
      23.352819710188985,
      18.048990789392626,
      10.489659447885455,
      21.363393782370856,
      7.900461963303721,
      9.791509164088126,
      7.521418820974124,
      14.801127207376204,
      6.394739275460605,
      15.397350833297448,
      8.223044419943967,
      12.141524858689094,
      18.92755417887095,
      3.7881321427033794,
      6.574325815350976,
      24.831438192496037,
      6.114266664297867,
      6.5799271008773585,
      15.156971025837542,
      12.20233353491359,
      9.982153942866711,
      16.179265368092036,
      10.338098282917807,
      9.744644979261457,
      16.0902078417919,
      11.82226115774296,
      15.2690467955537,
      10.772848513251663,
      6.970071450610251,
      6.310066139654429,
      19.715135919620554,
      6.537193369954226,
      6.951973118859869,
      17.280284394183052,
      8.685477053147949,
      17.429232290173047
    ]
  },
  "target_model": "meta-llama/Llama-3.1-8B-Instruct",
  "adapter_path": "results/exp1_llama/baseline_code/final",
  "tasks": [
    "perplexity"
  ],
  "domain": "code",
  "seed": 42
}