{
  "perplexity": {
    "perplexity": 5.129441155927595,
    "perplexity_std": 4.311961650848389,
    "avg_loss": 1.6349967167823147,
    "total_tokens": 6580,
    "num_samples": 100,
    "per_sample_perplexity": [
      6.518752494935608,
      6.669538733207511,
      3.475656315697216,
      7.942923135764127,
      4.1654535520838,
      5.474350940664382,
      9.497275180037436,
      4.1298315254581786,
      3.986610951782366,
      4.198783261150688,
      4.586550750523981,
      2.850020896532196,
      7.603500998965659,
      3.641747975560998,
      5.131166093410371,
      4.949429761949435,
      5.442849872512028,
      3.302788125563191,
      5.512095957936951,
      6.149172735935897,
      2.89878716595288,
      3.775422102841834,
      8.999427455380287,
      3.122494427244825,
      4.815566814976191,
      2.6632929168406116,
      4.003353585491097,
      2.9097029023761682,
      2.6630297312517945,
      3.5176866058513743,
      2.2259088310230477,
      3.0204575027505967,
      7.087602998378443,
      2.8027942877563494,
      2.9881086018245817,
      8.817437968309036,
      9.156289873747731,
      3.1147675679737543,
      5.555345080786883,
      3.399536202823579,
      5.1905373865063265,
      3.4979113484925444,
      4.524689257922848,
      4.27977864968738,
      3.662579591358079,
      2.514869430127331,
      6.395139501955629,
      4.1764609323114925,
      4.634123271582938,
      5.560655541008994,
      17.125764743194324,
      9.071405733083264,
      13.377102586885615,
      7.621436365768063,
      8.571612388232147,
      13.284993803222154,
      9.307088461253993,
      11.034189538454966,
      12.340432180231023,
      4.878575015985171,
      12.39963818490489,
      11.710483950224907,
      11.796853032314466,
      11.686622759130428,
      20.28385943501577,
      11.62800424197695,
      8.007566258803404,
      17.90234239481936,
      7.684890250496908,
      7.565471091781463,
      6.9241872820674715,
      10.126876588074625,
      5.877681554528632,
      13.628745293142607,
      6.1474869784677955,
      11.104768608538873,
      16.23294560148555,
      3.078539245514973,
      5.854006635646867,
      22.353660735689115,
      5.915525766366152,
      6.249017697697382,
      14.158272358842801,
      8.31606623615279,
      8.52317468479825,
      13.559312022969456,
      5.83960605752245,
      8.864210312445241,
      11.680541831382989,
      8.08281173900093,
      12.474914496144946,
      9.095049852595055,
      5.052157949712187,
      5.487801073629086,
      16.559095845789606,
      5.0440693989800085,
      5.716323360055382,
      14.411162534215165,
      6.331992954490454,
      13.81429671958105
    ]
  },
  "target_model": "meta-llama/Llama-3.1-8B-Instruct",
  "adapter_path": "results/exp4_llama/code_lam_1.0/final",
  "tasks": [
    "perplexity"
  ],
  "domain": "code",
  "seed": 42
}