{
  "perplexity": {
    "perplexity": 5.137144833344774,
    "perplexity_std": 4.3911848068237305,
    "avg_loss": 1.636497445236948,
    "total_tokens": 6580,
    "num_samples": 100,
    "per_sample_perplexity": [
      7.1313745761564915,
      6.938002192197805,
      3.3513998468373356,
      10.013456172931747,
      3.995325453105898,
      6.712874324622432,
      10.150415676248866,
      4.683401704762901,
      4.290588395527943,
      4.335472545073031,
      4.915365422986562,
      3.959020276215524,
      7.4507582193372075,
      3.687917502885783,
      5.559288184005955,
      5.307111498237312,
      5.159793497155752,
      3.4645195898330554,
      5.893208649131328,
      6.670010226960114,
      2.817297704935513,
      4.771784284379737,
      9.561731877592432,
      3.090226165084303,
      4.6758912730968465,
      2.733103377125101,
      3.9357973516843985,
      3.1140729258760618,
      2.7930769455799496,
      3.7023052619271057,
      2.1413989932079747,
      3.3082843424289123,
      7.149888810260709,
      2.7586943715013192,
      3.7066886867667255,
      8.480476164107507,
      8.812293183782783,
      3.0948565295101553,
      5.515611211954484,
      3.3091422262820087,
      5.020864657530094,
      3.3539497411886656,
      4.405480612263992,
      3.937633695397717,
      3.430443726249761,
      2.4879581813110785,
      6.143111297758775,
      4.028247462320643,
      4.336228731256432,
      4.613328520790126,
      16.01471254005161,
      8.902031733015216,
      17.89973468337831,
      7.159602625289739,
      8.656150602869834,
      13.467875083292808,
      12.118131668683445,
      9.749941228755414,
      13.656584841680862,
      4.847823468046639,
      12.917947091179224,
      13.575352918881114,
      10.643097460366072,
      12.233840730671483,
      18.6948203359091,
      15.039040055030751,
      9.974966760078201,
      16.95499687985866,
      7.183281693911466,
      7.5781638856983236,
      7.260023980866435,
      9.423555523397416,
      5.908901438487705,
      16.13976721094383,
      5.733198157015679,
      11.70132420042734,
      13.989370570092174,
      3.290476181948849,
      5.200366406649685,
      22.03289773117933,
      5.657818004060408,
      6.477915558796751,
      12.747838875519546,
      9.52681160696671,
      8.318027362300615,
      13.189594139710834,
      6.568758271068601,
      9.0370350427617,
      11.133547999627721,
      8.659170450077337,
      12.23858432610996,
      10.983035051902966,
      5.123831759855797,
      5.328067772297431,
      18.20782877475438,
      5.0375248907620485,
      6.126452501564896,
      14.119590342458105,
      6.881819476075509,
      13.091642363373996
    ]
  },
  "target_model": "meta-llama/Llama-3.1-8B-Instruct",
  "adapter_path": null,
  "tasks": [
    "perplexity"
  ],
  "domain": "code",
  "seed": 42
}