{
  "perplexity": {
    "perplexity": 7.0844442541776065,
    "perplexity_std": 3.955024480819702,
    "avg_loss": 1.957901430288752,
    "total_tokens": 4806,
    "num_samples": 100,
    "per_sample_perplexity": [
      3.7417101475448535,
      6.689631760204976,
      5.548109431499231,
      9.818987098713674,
      6.29210845322587,
      28.346833296611166,
      6.410968118484657,
      3.708522466009103,
      6.8268257447832665,
      4.744509244373452,
      8.744497158179039,
      6.9790242972797145,
      8.652401513783289,
      7.41141573677255,
      11.322408329752685,
      14.728944443178602,
      5.735110086733971,
      13.23521043444428,
      12.081379262059825,
      12.712125298018483,
      4.310005965146218,
      9.459506782975234,
      10.812287119238418,
      4.681441348031426,
      9.6600257242599,
      6.831519850026887,
      8.141140375128296,
      13.001133360821056,
      3.476014730075934,
      10.178575619802208,
      7.074956725550218,
      8.825036637457616,
      10.584467922336849,
      4.313510428075726,
      5.585011963268678,
      9.245236607781605,
      3.8210946991332237,
      10.708590873511909,
      7.3464925747875895,
      4.791131571200919,
      5.3727633332175815,
      6.596474938433355,
      4.940198699017339,
      5.681200636305909,
      4.491479358721849,
      7.340559002127361,
      4.991920123679105,
      7.134157581761267,
      5.235920225059131,
      5.1568295893233245,
      17.08414327882268,
      8.145557345906637,
      10.581495616933454,
      6.5959182182749325,
      9.234814245535397,
      11.672577068864221,
      10.586179016548583,
      8.384135950574331,
      12.093122698842397,
      4.852981706147811,
      9.946537708666058,
      12.97449696372949,
      10.752515350404677,
      10.630100652461417,
      17.863079189879826,
      13.979114868865663,
      9.89609274504256,
      17.52256343204165,
      6.752248978099968,
      6.690192402470108,
      7.749986541602006,
      9.046345540264603,
      6.831096385225573,
      12.464627829804794,
      5.563603494621479,
      9.404892296751207,
      15.220324805157542,
      3.0898950059141876,
      4.723067698975358,
      16.204107029605286,
      5.206236753783788,
      6.498106737396513,
      12.747200633954812,
      8.91148146845532,
      7.887902581057979,
      11.450341032836027,
      6.278105105219853,
      10.115747331336236,
      11.863688758460546,
      8.347599323806902,
      11.053474026041162,
      8.931763172449546,
      4.9513836971516465,
      5.3449298213312675,
      13.860933382351275,
      4.938733689351726,
      6.431185219686666,
      12.867925326484475,
      6.762990460162649,
      12.390799031308546
    ]
  },
  "target_model": "meta-llama/Llama-3.1-8B-Instruct",
  "adapter_path": "results/exp4_llama/medical_lam_0.1/final",
  "tasks": [
    "perplexity"
  ],
  "domain": "medical",
  "seed": 42
}