{
  "perplexity": {
    "perplexity": 3.7108992445453004,
    "perplexity_std": 6.369121074676514,
    "avg_loss": 1.3112742312235686,
    "total_tokens": 91607,
    "num_samples": 200,
    "per_sample_perplexity": [
      11.563552146689595,
      21.921077062910175,
      15.445928746684421,
      21.965803054186672,
      10.71351187962868,
      15.739029296237117,
      9.720132473692944,
      14.947147275606213,
      8.406289366202893,
      11.638765867933097,
      10.866213149881514,
      28.851104744139597,
      8.501661798432378,
      27.04896300393836,
      18.312671469848404,
      7.772350542421798,
      10.796045984289384,
      15.951999452927414,
      40.83332935447024,
      49.790028902135084,
      11.027746068847016,
      12.84163532290088,
      9.082159013326486,
      14.89716492453074,
      7.384369733228406,
      8.510232023338453,
      8.066034563944454,
      10.214409012435867,
      6.563322190755994,
      6.839836476901167,
      13.850510961517873,
      11.318208729563922,
      15.169909990272501,
      11.6503512797011,
      12.807564251424848,
      11.551612382786145,
      23.58114843042626,
      7.076831853451475,
      10.316106161652925,
      9.20810826247776,
      14.802217666432327,
      12.15845655562629,
      9.455141486802122,
      11.695132454125625,
      6.503213585667561,
      8.436963596186587,
      7.8511508317907595,
      10.569896982665913,
      6.47335021359255,
      11.889442094467812,
      18.264476705613458,
      8.248090964139989,
      12.23851137868023,
      6.545559766337561,
      8.982362289719442,
      13.622170203223716,
      14.481428851914247,
      9.71917540976179,
      13.646264019726166,
      4.6362887526771965,
      12.220952462356095,
      14.728305336015772,
      10.031456571462071,
      10.870685630508277,
      19.328754668681594,
      16.671189989621634,
      9.124640559888817,
      16.405129665985235,
      7.030482894344673,
      7.922940944990023,
      7.802026567627698,
      10.631849541621673,
      6.390825999525139,
      12.585076548914717,
      6.06834504665766,
      10.015079732452687,
      16.14488973878629,
      3.3562951168603647,
      4.510678355552555,
      18.92631323239516,
      5.520707969064576,
      6.242755139443933,
      11.824905344011551,
      10.194247564668084,
      8.38419791775052,
      14.815811030489481,
      7.384777316648823,
      9.588398104425206,
      11.452077427970137,
      9.346351626873373,
      11.394075733467503,
      8.037891240052902,
      5.247618366426161,
      4.950840696070141,
      14.965654210237409,
      5.4463858915009435,
      6.244135028352608,
      12.73446376391367,
      6.633841307090898,
      11.86082946549939,
      6.938672154735826,
      5.7161557285570685,
      3.9521343565297204,
      2.8096792357504285,
      3.6599364141465958,
      6.523060583086198,
      2.9690815531095143,
      2.8774303038069244,
      2.6492369498528547,
      3.483700722524473,
      3.328381128570924,
      2.9853947999759236,
      3.784966983002422,
      2.843881459946823,
      5.205446128928801,
      8.509126291580742,
      5.066398643790444,
      2.9207171919130808,
      4.9503715202720775,
      3.078335205572139,
      1.5432807674535223,
      3.033077121331689,
      2.99116074457789,
      3.156871268899059,
      5.185794900599411,
      2.8649872666768674,
      3.6746175544754167,
      1.5614888068315163,
      3.54672608064432,
      8.606040924937325,
      7.611064200352014,
      2.4687402026426786,
      4.280392451513445,
      3.739255020738488,
      3.4292506446340507,
      2.488173513318966,
      3.070344997284665,
      2.8809219266161414,
      3.9827899450133306,
      4.074453544001582,
      2.965289717124372,
      3.7118391836519513,
      5.049163777646991,
      11.659373834297194,
      1.7104466727680119,
      3.7209305484891364,
      3.374557646039777,
      5.92693608238915,
      2.228997113088624,
      3.6661563281029728,
      3.545128246480241,
      2.3086655726920675,
      3.157511091976782,
      4.5319643919490105,
      2.5924094263998017,
      3.66942378240173,
      4.9511222228926535,
      2.352051040500095,
      2.86165345410622,
      4.048287580257051,
      2.53411236981186,
      3.8282478824014947,
      3.49046986456672,
      5.630094168727375,
      2.193153686715062,
      2.9713933406327424,
      7.3433352262599865,
      3.491797880854224,
      3.4277984909981507,
      8.03446930932167,
      2.3513962893680866,
      2.575732376177637,
      3.6879214595941345,
      3.28382986072356,
      3.6831413368381973,
      3.3337538117503978,
      3.7491947025637917,
      2.154826369448636,
      4.031259950723573,
      3.2399753430466456,
      3.3459827703512146,
      3.9128361208640903,
      4.327561440703817,
      9.682936746593017,
      2.6574681293004394,
      3.090831847179571,
      2.4952765488068627,
      2.9508425372909746,
      3.3650021987827468,
      2.1489191563728274,
      8.547653698942213,
      4.937833583439142,
      4.164844813078622,
      3.1730442482610797,
      3.30918364699309,
      3.7239285110287725,
      3.204065542624845,
      2.920015352182805,
      2.2083464374455457,
      2.499592556862259
    ]
  },
  "target_model": "meta-llama/Llama-3.1-8B-Instruct",
  "adapter_path": "results/exp4_llama/chat_lam_0.1/final",
  "tasks": [
    "perplexity"
  ],
  "domain": "chat",
  "seed": 42
}