{
  "perplexity": {
    "perplexity": 5.044601208766125,
    "perplexity_std": 4.2962164878845215,
    "avg_loss": 1.6183186038558606,
    "total_tokens": 6580,
    "num_samples": 100,
    "per_sample_perplexity": [
      6.2249593290056815,
      6.54835536742516,
      3.4635054031371704,
      7.584027331201526,
      3.952505154121545,
      5.278397868737578,
      8.931230813744117,
      4.032405777240087,
      3.862437463540414,
      4.115398028302497,
      4.40198066678695,
      2.8198839137483978,
      7.151815342719385,
      3.6097214529216965,
      4.883466738077637,
      4.726540076592374,
      5.363564909331355,
      3.2062980794849314,
      5.451939242754743,
      5.926925484211032,
      2.9011244548299735,
      3.6774348480348604,
      8.632826204849339,
      3.0723638599743617,
      4.561615468938591,
      2.6878868985531446,
      4.018240445444962,
      2.886281708190465,
      2.5967183843031147,
      3.508939563925447,
      2.197601698411253,
      3.01158734984251,
      6.9313474375620245,
      2.789849093203128,
      2.939026806565777,
      8.6341518042594,
      8.789440718127532,
      3.042660119222186,
      5.5458466295472,
      3.3086487679800785,
      5.090768946921528,
      3.45845664924295,
      4.506790203697382,
      4.209295097661094,
      3.603196936600034,
      2.494360985761255,
      6.135311962095376,
      4.110645450129527,
      4.554621211040256,
      5.225679503507668,
      16.96729423393196,
      9.244820016530541,
      13.117715463811901,
      7.543621426905619,
      8.534407307577366,
      12.95039116820873,
      9.301810997981583,
      11.064864618437081,
      12.537754587356803,
      4.72494973195607,
      12.51547173991199,
      11.939548016342675,
      11.444077456194776,
      11.928075999457297,
      19.711676688481713,
      11.365267785780723,
      8.341690454472399,
      17.492568148677506,
      7.477414472805844,
      7.7743224619569515,
      6.821125681668814,
      9.821986414795106,
      5.7169925721721375,
      13.547116953649763,
      5.913961166414004,
      10.966670783259122,
      15.997776307931534,
      3.053903191672426,
      5.860721726536788,
      22.237216441827552,
      5.774186297086054,
      6.112156199709315,
      13.71646956785746,
      8.022777542768765,
      8.650708044151413,
      13.558209685740492,
      5.910369581991371,
      8.641223732793959,
      12.075781012775366,
      7.82047124240789,
      12.733055076235122,
      9.06920860287105,
      4.92729649172392,
      5.578584843915438,
      16.524736599936027,
      4.892992497807628,
      5.7942468415741715,
      14.552520041114823,
      6.2559576938157155,
      14.202290894103788
    ]
  },
  "target_model": "meta-llama/Llama-3.1-8B-Instruct",
  "adapter_path": "results/exp4_llama/code_lam_0.5/final",
  "tasks": [
    "perplexity"
  ],
  "domain": "code",
  "seed": 42
}