{
  "perplexity": {
    "perplexity": 7.719194648531681,
    "perplexity_std": 4.734181880950928,
    "avg_loss": 2.0437100384565774,
    "total_tokens": 4806,
    "num_samples": 100,
    "per_sample_perplexity": [
      4.118882717884357,
      8.092088300208308,
      6.5980777370276105,
      12.114145245448524,
      7.065098343960008,
      35.22943726477683,
      7.38968328656632,
      4.246279270533973,
      8.572779381335806,
      5.520944239083518,
      10.714457012418878,
      8.034932889850301,
      10.059370432505403,
      9.340775746056636,
      13.223404591392693,
      17.537714157686672,
      6.464982860255706,
      15.284464490873104,
      14.081641815544039,
      15.385288935573563,
      4.641435480870012,
      10.276340728278246,
      12.167945136127226,
      5.044210105125999,
      11.25511956104036,
      7.416998084718245,
      8.837551992716442,
      14.574252423296043,
      3.797332509708245,
      10.949103907150693,
      7.524467957037277,
      9.885073350692078,
      11.77771484252667,
      4.6194860350493,
      6.263431023306689,
      10.173451589622458,
      4.124353242655024,
      11.47396326148044,
      8.108548478076768,
      5.111056774453444,
      5.520805371635681,
      6.92034845811642,
      5.193495284335844,
      5.912759969937363,
      4.623566764989339,
      7.751135921589059,
      5.095170026756544,
      7.491427558425267,
      5.338296589975988,
      5.264967622500986,
      20.751954959477107,
      9.198914196228861,
      11.973376571304367,
      7.580200394787951,
      10.481811966432396,
      12.9680581840525,
      12.001662653227601,
      9.800082783149495,
      13.540045353200165,
      5.394219339697357,
      10.891447394290536,
      14.739936508157717,
      12.60429451016632,
      11.797272115509992,
      19.91631014800753,
      15.074884786067319,
      11.553870981149316,
      20.350634040331112,
      7.868130090929719,
      7.21750333220019,
      8.551671382104251,
      9.605616088393317,
      7.718483938984743,
      13.501214263531514,
      5.849463987041305,
      10.355916833295229,
      16.683237746728167,
      3.1953383336577237,
      5.102651289574195,
      17.593556553605055,
      5.78459850537314,
      7.006397891765017,
      14.232625363070845,
      9.58164291465988,
      8.466500167650828,
      12.470097139278703,
      6.802081707104191,
      11.031501233570838,
      13.478054560862883,
      9.021625589675594,
      12.33611086239628,
      10.098274606830664,
      5.261935145618588,
      5.930620450535621,
      15.434307164156316,
      5.236484505441955,
      7.3128073473994215,
      13.497628840176326,
      7.203702925994571,
      14.035216205177916
    ]
  },
  "target_model": "meta-llama/Llama-3.1-8B-Instruct",
  "adapter_path": "results/exp1_llama/baseline_medical/final",
  "tasks": [
    "perplexity"
  ],
  "domain": "medical",
  "seed": 42
}