{
  "perplexity": {
    "perplexity": 3.768052590838787,
    "perplexity_std": 9.859588623046875,
    "avg_loss": 1.326558313845693,
    "total_tokens": 91607,
    "num_samples": 200,
    "per_sample_perplexity": [
      16.64860900499525,
      31.01811859617359,
      22.483801453157735,
      32.63166501311154,
      17.265496018104116,
      22.374860985962794,
      13.619133868804242,
      21.581433224725384,
      11.17144881924686,
      17.070849530218588,
      14.812932433009806,
      48.76477313263242,
      11.878904651812473,
      44.875527986597405,
      26.47397427338394,
      10.62184420695672,
      14.324899195553892,
      23.11471785185477,
      71.52848952230457,
      74.9512056735659,
      12.774609937505625,
      15.040520975190026,
      10.771122654969327,
      17.37751146336144,
      8.335539333020225,
      10.413546034357116,
      9.190555354980154,
      11.7520970419296,
      7.791780165561577,
      8.106261791129267,
      16.407194955885238,
      12.338834675390663,
      17.829363604102337,
      14.016125423413785,
      14.469515236049682,
      13.941474088746949,
      29.867187318939255,
      8.139803136571633,
      12.026929793598228,
      10.420043020174061,
      16.29450589891101,
      13.241384071108943,
      10.037298768302753,
      12.930882894022695,
      7.111162620818828,
      9.289120971230707,
      8.378780519183271,
      11.516652276878588,
      6.935077446998312,
      12.856422581026589,
      24.12218443875286,
      10.793727079239174,
      18.770885107645483,
      7.697647586540849,
      10.787241423936338,
      17.559667256014947,
      18.09668598077114,
      11.83154378507211,
      17.18841582972277,
      5.315206818444357,
      15.20359431486003,
      19.66887200603775,
      12.167713053205354,
      13.578408628576048,
      25.936654400809914,
      19.428908113219073,
      11.54329793703393,
      20.987438524403316,
      8.351730057745117,
      9.911894535132104,
      9.703558240591558,
      12.251631397055757,
      7.498493109936706,
      15.254797546362415,
      6.682287940125915,
      11.933932975429068,
      19.529142831323245,
      3.5781851585309767,
      4.922391379018865,
      23.18214914927963,
      6.337105232360015,
      6.974508191701198,
      13.420103389884124,
      11.743380706227901,
      10.044341675035552,
      18.4268364983851,
      8.843367219074183,
      11.013092655616132,
      15.379080029882491,
      10.509392814882698,
      13.909730413164947,
      9.351391270598226,
      5.804777569156194,
      5.983945559626863,
      18.922545766188676,
      5.975817560434358,
      7.3236565271088025,
      15.184916228980569,
      7.359088177283914,
      13.757005369810878,
      6.984955395341855,
      5.8245187491595,
      3.9425076993340937,
      2.8321962214615497,
      3.6940255550288468,
      6.55166527213816,
      2.9941646061972627,
      2.9106638732441583,
      2.6638395306814435,
      3.508229783688828,
      3.37090331574542,
      3.0559494942865637,
      3.837565351192486,
      2.868661442943035,
      5.248760146487316,
      8.4736145805247,
      5.116315173859661,
      2.9359711608828882,
      5.051201644745494,
      3.098035804127809,
      1.5668113838818734,
      3.0627219935574685,
      3.0062235088006615,
      3.181799701188831,
      5.23302113260515,
      2.9028164563034102,
      3.6897560708921437,
      1.5806560709363773,
      3.6041802753336922,
      8.65395707512802,
      7.669705170673676,
      2.4794358299904946,
      4.364608542878701,
      3.764532752717741,
      3.53815356261923,
      2.5028842134956424,
      3.0848664155538605,
      2.8996715949221445,
      4.01093354812113,
      4.1200966711947515,
      3.0031488361191214,
      3.725237437431702,
      5.107818839092559,
      11.781924825814356,
      1.7206800706374046,
      3.755240397085671,
      3.403407387139444,
      5.961021400219809,
      2.2417648473460168,
      3.7631745792373152,
      3.56677008124381,
      2.3224129812775227,
      3.189432013591055,
      4.590579402192589,
      2.6066910056469528,
      3.6970185874341652,
      4.995005988659249,
      2.3697667634042214,
      2.8933924346537276,
      4.091030062065896,
      2.540647127639689,
      3.9094912647661384,
      3.526717783073439,
      5.631217130590732,
      2.214237645015785,
      2.9990818116758735,
      7.396880372740009,
      3.5573030089922764,
      3.4635380209702187,
      8.086840365943573,
      2.3695643620791538,
      2.5869237649688595,
      3.722738533253212,
      3.3092436093219373,
      3.7090905955942217,
      3.3611935303721103,
      3.7965847604219682,
      2.1651660542043114,
      4.073792542623309,
      3.248297019786605,
      3.202199093468131,
      3.93820781652437,
      4.338790820260231,
      9.737907403467098,
      2.6711977250506,
      3.1162111813816877,
      2.514021151115489,
      2.978066136168804,
      3.4251965350944693,
      2.1690813443562296,
      8.781416270156866,
      4.973267066281452,
      4.2050024923310465,
      3.182095189672523,
      3.340270217862571,
      3.738405510252913,
      3.2251070657423324,
      2.9502519781863885,
      2.2227499718052197,
      2.5135625102556243
    ]
  },
  "target_model": "meta-llama/Llama-3.1-8B-Instruct",
  "adapter_path": "results/exp1_llama/baseline_chat/final",
  "tasks": [
    "perplexity"
  ],
  "domain": "chat",
  "seed": 42
}