{
  "perplexity": {
    "perplexity": 3.8585354368771263,
    "perplexity_std": 5.938248634338379,
    "avg_loss": 1.3502876909804162,
    "total_tokens": 91607,
    "num_samples": 200,
    "per_sample_perplexity": [
      11.984434978102172,
      20.568436584871268,
      15.869712256788667,
      18.326272494746092,
      9.242735138192891,
      14.938835527568619,
      9.834103040783663,
      12.466036542060712,
      8.52486351323036,
      10.362975762827825,
      9.324848371097302,
      23.79871246656654,
      7.0205291421774865,
      25.426948205661883,
      16.8624091200142,
      8.192983851084772,
      10.742401582914896,
      13.756129657529433,
      33.410464895830884,
      50.243267330458536,
      10.95606040765386,
      12.409823877518285,
      9.92345958931383,
      13.925488622522014,
      7.972339920130252,
      8.000801172252118,
      7.989884147568345,
      9.59259392807297,
      6.522010894838923,
      7.271691122803898,
      13.032384958648699,
      12.917053957264628,
      15.395497082570424,
      10.43556176428965,
      13.017382896971991,
      11.140892615147674,
      20.822990954949425,
      7.3773070614127,
      9.341129848070834,
      8.96399791958007,
      14.498090520516772,
      12.90649809924029,
      10.932766735313658,
      12.43556191716952,
      6.8029988644027,
      8.384749645704174,
      8.610359079373612,
      10.480215189550371,
      7.103468671229269,
      11.806149487255745,
      16.484847027512128,
      8.2418654152322,
      11.814036390325278,
      6.788376400885179,
      8.404499792216154,
      13.372998523391551,
      11.589538133095573,
      10.403587391628106,
      11.658784529185784,
      4.691379971267637,
      11.460828933394149,
      11.19582224853378,
      10.252353176818334,
      10.556073421593673,
      20.389929212433437,
      15.567054109902868,
      7.992128478302302,
      16.930416793861173,
      6.99484787074856,
      7.144879699057364,
      7.211027476510292,
      9.939478068676074,
      6.32028049856999,
      13.356878276702531,
      6.444813167135173,
      11.164390162176634,
      16.947673657929702,
      3.263365959942649,
      5.475741141279862,
      20.472354062601813,
      5.514095197448865,
      6.544048516131896,
      15.368919410701466,
      9.613327851993597,
      8.466568799340958,
      13.973456782802241,
      6.2924775023153225,
      9.263152341993168,
      10.605014262572906,
      9.063973101954963,
      12.04118656375508,
      8.798408025046191,
      5.285143789511398,
      5.082976676398477,
      15.78601651460492,
      5.184366448898776,
      5.982872789582715,
      14.187230784057245,
      6.805476861519933,
      12.848694445060936,
      7.338362048205914,
      5.743702834455012,
      4.1393411692296445,
      2.9650875276918276,
      3.8026357026468927,
      6.931572189638785,
      3.0790167371510937,
      2.9794872377478865,
      2.7423289467585703,
      3.6160922482057156,
      3.4011296386435386,
      3.095208145155362,
      3.8896499378942795,
      2.9895886658556177,
      5.57674703381446,
      9.027710451477532,
      5.300802599645966,
      3.013671400923234,
      5.100297167604443,
      3.2783058797977365,
      1.5453247305095192,
      3.1465616891607113,
      3.093318818933105,
      3.265729744588245,
      5.367178021573928,
      2.985236434553511,
      3.93009152713848,
      1.5490404736358214,
      3.652070564946501,
      8.863690433153925,
      7.991179609620104,
      2.5641206196892274,
      4.399489301130021,
      3.8844018146792023,
      3.678614729681725,
      2.5889748776399992,
      3.1739692198308336,
      2.9656008047121123,
      4.0858682093432055,
      4.218231362147944,
      3.0423093956269036,
      4.064780418878855,
      5.23064614712979,
      12.428913493853305,
      1.7572597428763943,
      3.870122449030965,
      3.5092022650235624,
      6.46177837156927,
      2.3069972757413666,
      3.9763343007047367,
      3.804602667804616,
      2.382123984895603,
      3.2366990229077657,
      4.85970819318227,
      2.6800734339877472,
      3.7983932807808363,
      5.1201981284291955,
      2.4602627113032525,
      2.9636192402168957,
      4.2120111434276,
      2.6075416446705733,
      3.9247284830413607,
      3.5791527113234034,
      6.006617031057461,
      2.2711740117302037,
      3.0689354363768886,
      7.821772803563077,
      3.564714444706,
      3.560996822839187,
      8.713006039288459,
      2.431151396090082,
      2.7215585950376453,
      3.761962642727828,
      3.507743016854168,
      3.8912652790397497,
      3.445752539019812,
      3.8859820857744087,
      2.2716832048502065,
      4.347936693932802,
      3.4394825718842106,
      3.6336565426954133,
      4.093633685274068,
      4.556688702824754,
      10.229575162789349,
      2.7655428588362465,
      3.185733196624455,
      2.6117976043465156,
      3.050614646845477,
      3.487289424999619,
      2.2123871513938917,
      8.756766764324153,
      5.0637527743860655,
      4.212981333320436,
      3.3309587762081643,
      3.3998332686668893,
      3.9114808623440944,
      3.3077326532955325,
      3.007332150868847,
      2.2779568071061367,
      2.5855302386811343
    ]
  },
  "target_model": "meta-llama/Llama-3.1-8B-Instruct",
  "adapter_path": "results/exp4_llama/chat_lam_1.0/final",
  "tasks": [
    "perplexity"
  ],
  "domain": "chat",
  "seed": 42
}