{
  "perplexity": {
    "perplexity": 3.748778137592219,
    "perplexity_std": 5.5373358726501465,
    "avg_loss": 1.3214299569127914,
    "total_tokens": 91607,
    "num_samples": 200,
    "per_sample_perplexity": [
      10.935230225923894,
      19.337904377044794,
      14.265792955646704,
      17.52340317080234,
      8.973233169842059,
      14.676626146989024,
      9.02371652925235,
      12.188658938891733,
      8.218538404408754,
      9.895432131629297,
      9.44774357662503,
      22.60769701876486,
      6.8087056946812545,
      23.38019007376021,
      17.182114203207583,
      7.333174563491297,
      10.23040199034538,
      13.277486045314792,
      31.735815192194995,
      44.96882521534222,
      10.527970956847147,
      11.928747172823268,
      9.118840388745925,
      13.800980590366166,
      7.586633356162456,
      7.803831119931187,
      7.73139105047898,
      9.651040790505888,
      6.08790259143417,
      6.797009976924287,
      12.686492365339486,
      12.008841238991465,
      14.83819131732837,
      10.399371551560328,
      12.437145258006714,
      10.805316282697307,
      20.787782110200826,
      6.999021705148816,
      9.296064431736065,
      9.055682902330428,
      14.280895603428696,
      12.151599924334617,
      10.151303872606315,
      12.000686948890266,
      6.566519892549408,
      8.218068149323308,
      8.125741482934385,
      10.278511720080642,
      6.820058923383927,
      11.62501605183399,
      16.43549367895166,
      7.709442667951783,
      10.889515603410834,
      6.55626552842532,
      7.9726668565141185,
      12.567964248318132,
      11.826980514045347,
      9.950959054061538,
      11.709774804473685,
      4.503492687918566,
      11.31972267317626,
      11.78950040453171,
      9.877320212879349,
      9.919965715375252,
      18.941688656702336,
      15.301889571440697,
      7.795951829977713,
      16.286776755855723,
      6.883032099825275,
      7.213403861713782,
      7.001042788740315,
      9.724527371444584,
      6.016268464708598,
      12.275937887085194,
      6.038001340891041,
      10.184034870001327,
      15.744125985043947,
      3.2631286642125956,
      5.050635053225016,
      19.189282153685003,
      5.43154524027504,
      6.158156815191954,
      13.378882362455018,
      9.531982645433885,
      8.141740165949958,
      13.545844438974997,
      6.33895482378193,
      8.87205235178417,
      10.101602480761892,
      8.906356131695832,
      11.044559586161832,
      8.163329003744872,
      5.1628889698453095,
      4.838418520741224,
      14.569989500939197,
      5.075983513009777,
      5.7218361310946335,
      12.999196185316341,
      6.517363195616433,
      12.177229180495917,
      7.112519944686998,
      5.6755328353153764,
      4.033234589597482,
      2.8669097181207817,
      3.7015281275949814,
      6.696760917227502,
      3.006156852762663,
      2.9223049605474833,
      2.6774089377314017,
      3.4926829505921453,
      3.3429590904023714,
      3.012575864336201,
      3.812135316572811,
      2.8973713972508723,
      5.317154295626397,
      8.609597498443117,
      5.134927484716352,
      2.9451504505493316,
      4.944428937341518,
      3.137875146803901,
      1.5334568054034408,
      3.05356318451096,
      3.027669952577745,
      3.1868400356978897,
      5.242997477830866,
      2.900964680694626,
      3.783677663833412,
      1.5422940657018362,
      3.557759754770959,
      8.69784011180088,
      7.7453224001978045,
      2.501024735206474,
      4.303308234461968,
      3.7981868078761796,
      3.4845858168414043,
      2.509306435359669,
      3.098630088387515,
      2.8993898893575283,
      4.00072964262849,
      4.121772828809121,
      2.9803831428245444,
      3.8655941373065,
      5.045151854983881,
      11.829950106594277,
      1.7303074920372634,
      3.7713700898297238,
      3.4187907582906822,
      6.167320908972493,
      2.2557899579232767,
      3.770657119625456,
      3.640530877937943,
      2.3308776526636934,
      3.1582880867677634,
      4.639034217271773,
      2.6299564435886964,
      3.7109560872376957,
      4.996121393116598,
      2.3885886868371684,
      2.883863210586765,
      4.105998701145893,
      2.563912316092027,
      3.790091605696998,
      3.5121920839659593,
      5.726741821160344,
      2.210197239978998,
      2.9982271069663797,
      7.5117522691833605,
      3.507564887111638,
      3.4710991841645504,
      8.302359211149927,
      2.3699587287142068,
      2.6258230183640694,
      3.704371352371184,
      3.3628752272590523,
      3.7603525643038545,
      3.364739863762045,
      3.802141627391613,
      2.2025981156076333,
      4.133734959706392,
      3.3120638543658205,
      3.448336813186948,
      3.986309660336534,
      4.407899177986443,
      9.893707666598162,
      2.693222391862138,
      3.1043290306290987,
      2.5389131903278557,
      2.969595167519685,
      3.410653500825839,
      2.15782297518132,
      8.454300648302327,
      4.978593202919713,
      4.155397444284828,
      3.238497558212553,
      3.3280315890764776,
      3.8149811848672446,
      3.2331473443064778,
      2.938178709095097,
      2.23076469983378,
      2.5311821333342297
    ]
  },
  "target_model": "meta-llama/Llama-3.1-8B-Instruct",
  "adapter_path": "results/exp4_llama/chat_lam_0.5/final",
  "tasks": [
    "perplexity"
  ],
  "domain": "chat",
  "seed": 42
}