{
  "perplexity": {
    "perplexity": 5.643631522304308,
    "perplexity_std": 4.858933448791504,
    "avg_loss": 1.7305277452371042,
    "total_tokens": 6580,
    "num_samples": 100,
    "per_sample_perplexity": [
      6.386368471160304,
      7.161930473987508,
      3.648936877488196,
      7.700015438888488,
      3.862755179120903,
      7.5407461103572775,
      9.089359507663856,
      4.561326727212637,
      3.8827208193433966,
      4.225665033953241,
      4.506481832025558,
      3.9979825493182575,
      7.183389590274115,
      3.945934427738012,
      4.9527609440857665,
      4.655720443095587,
      6.222401187150951,
      3.3084188281374383,
      7.983097836375179,
      5.936746102444817,
      2.97975328136,
      5.092169788542282,
      12.539895061331134,
      3.029187306263026,
      5.573443956140604,
      2.801810145662026,
      5.099331142649138,
      3.5783101407164875,
      2.8231768056186644,
      4.234299862794066,
      2.2120319260403827,
      3.518641155276385,
      8.399846279389415,
      3.0837225738028846,
      3.578144209685868,
      10.344419948573673,
      10.836349729728015,
      3.44702327162174,
      6.604467632707054,
      3.6458641176463,
      5.554779549150063,
      3.711593612205521,
      4.952835336948765,
      4.588299073638663,
      3.924734565279297,
      2.6705531380958902,
      6.734373435043093,
      4.413241637716908,
      4.860071441877902,
      5.413767756478464,
      20.577093785211485,
      10.414452289528823,
      14.348901673995714,
      7.856785280048848,
      9.537231527538449,
      13.827830097916129,
      14.708324411404682,
      12.894850195398085,
      13.853559245177998,
      4.820815436219648,
      13.774032152377739,
      14.110601623448618,
      12.159610333537312,
      13.019813231600747,
      21.699249189158234,
      14.49019776300522,
      9.748267684064476,
      19.64594471445448,
      7.634796419950543,
      9.054417791481368,
      7.12045712089201,
      12.465917657238823,
      6.085905697544814,
      14.569742866336886,
      7.098751025139672,
      11.455441760102094,
      17.479369159255214,
      3.439168922206616,
      6.3131442160493245,
      23.535753689712255,
      5.965873280991266,
      6.397394960581667,
      14.501958987753204,
      10.05376946824606,
      9.523466468021603,
      15.024564841646809,
      8.035555509089042,
      9.35145815720001,
      14.456532562089091,
      9.818706179258003,
      14.171635891699836,
      10.151502335820837,
      5.9972856338208596,
      5.989664299166433,
      17.86472319705141,
      5.750209138620683,
      6.505832885459949,
      16.43592080395004,
      7.492960185130333,
      16.22633271578667
    ]
  },
  "target_model": "meta-llama/Llama-3.1-8B-Instruct",
  "adapter_path": "results/exp4_llama/code_lam_0.1/final",
  "tasks": [
    "perplexity"
  ],
  "domain": "code",
  "seed": 42
}