{
  "perplexity": {
    "perplexity": 4.1381290066231085,
    "perplexity_std": 7.576131820678711,
    "avg_loss": 1.4202437549183706,
    "total_tokens": 91607,
    "num_samples": 200,
    "per_sample_perplexity": [
      15.816007621427108,
      32.70216557827882,
      19.621837132945497,
      24.919254638763007,
      10.832232274329126,
      15.750260712905066,
      12.21512935956748,
      16.56626695903197,
      8.556884340806631,
      12.694201630847354,
      8.55274185970199,
      30.71909836416771,
      8.489539129177036,
      28.74953511760061,
      18.215883267792744,
      8.18169340596615,
      10.129313046572005,
      16.53142774181388,
      57.08110614266099,
      61.33602415604121,
      11.846193109346435,
      11.011113036226726,
      10.739935441874094,
      19.841194474346494,
      7.247104617422201,
      10.022795235781583,
      8.73081249373431,
      10.39874428142157,
      8.449982187202652,
      7.903431101351042,
      15.58703094044711,
      11.548040842669517,
      19.481266954049094,
      10.107114425429563,
      14.843838561676334,
      12.430398187754566,
      24.36447677538509,
      7.908469506876168,
      9.63349102834462,
      10.522455281801456,
      16.360835568630726,
      13.190392903547092,
      10.250981987342088,
      13.710391499375858,
      6.6019809763593615,
      9.316061912866775,
      9.080481017885033,
      11.175447419598257,
      6.134973339638989,
      12.429020172531338,
      16.01471254005161,
      8.902031733015216,
      17.89973468337831,
      7.159602625289739,
      8.656150602869834,
      13.467875083292808,
      12.118131668683445,
      9.749941228755414,
      13.656584841680862,
      4.847823468046639,
      12.917947091179224,
      13.575352918881114,
      10.643097460366072,
      12.233840730671483,
      18.6948203359091,
      15.039040055030751,
      9.974966760078201,
      16.95499687985866,
      7.183281693911466,
      7.5781638856983236,
      7.260023980866435,
      9.423555523397416,
      5.908901438487705,
      16.13976721094383,
      5.733198157015679,
      11.70132420042734,
      13.989370570092174,
      3.290476181948849,
      5.200366406649685,
      22.03289773117933,
      5.657818004060408,
      6.477915558796751,
      12.747838875519546,
      9.52681160696671,
      8.318027362300615,
      13.189594139710834,
      6.568758271068601,
      9.0370350427617,
      11.133547999627721,
      8.659170450077337,
      12.23858432610996,
      10.983035051902966,
      5.123831759855797,
      5.328067772297431,
      18.20782877475438,
      5.0375248907620485,
      6.126452501564896,
      14.119590342458105,
      6.881819476075509,
      13.091642363373996,
      7.649777418688215,
      6.118442370322048,
      4.197157841512485,
      3.3490658767611916,
      4.4405953699153216,
      7.5183028050854235,
      3.3275424541222343,
      3.1403419449269596,
      2.8752632564504923,
      3.6846533467413574,
      3.9557128031288573,
      3.3487924086885994,
      4.3998952518931995,
      3.287965529392869,
      5.530928803515003,
      9.154111469362379,
      5.371495325936376,
      3.133791159048916,
      5.2731784375385296,
      3.530764519570766,
      1.6462525275762743,
      3.5094616389040953,
      3.2300354104636715,
      3.516191134759942,
      5.436826149610518,
      2.995613387605623,
      4.1932620005176355,
      1.645439229054248,
      3.930751703897633,
      8.965489797898607,
      9.010056745236716,
      2.837568858868599,
      5.067392862423959,
      4.3476366002262345,
      4.582939186700046,
      2.692043086246099,
      3.4911477514736293,
      3.0920693696629735,
      4.432963796616986,
      4.440533964554457,
      3.2348586817583955,
      4.494687170378847,
      5.532498250806656,
      12.30057413428669,
      1.9310811770111798,
      4.276319943695897,
      3.728944708691671,
      6.784069387197675,
      2.4533157896932165,
      4.613875205084635,
      3.688926161250798,
      2.612669531360161,
      3.428287650528402,
      4.96447266420292,
      2.891397764621672,
      4.0748518478927656,
      5.688242999183613,
      2.7706536344816697,
      3.0847024057626258,
      4.600526943182399,
      2.781412119784407,
      4.556594187070603,
      3.917543061785964,
      6.256423816350004,
      2.3800799849446586,
      3.4272709961688257,
      9.061384570181444,
      3.678967320717329,
      3.9067513989134035,
      8.143869877353287,
      2.6675085384052406,
      2.9381888666003526,
      4.140110032486527,
      4.12771610065107,
      4.648423964176108,
      3.8313857486005634,
      4.272222281049955,
      2.54528282042853,
      4.366683479545076,
      3.5223036413347426,
      3.574572800376129,
      4.4578371985909095,
      5.2680508308322676,
      10.737469866987107,
      2.8965104589783204,
      3.6824099277434788,
      2.833804443853373,
      3.442747866327433,
      4.008176103634653,
      2.3739303441687474,
      9.353366856492688,
      5.462911850875824,
      4.445703455573508,
      3.659008088861943,
      3.798515086946457,
      4.059598452662608,
      3.4825937366650863,
      3.1927073016173795,
      2.407703466332591,
      2.7299142432130314
    ]
  },
  "target_model": "meta-llama/Llama-3.1-8B-Instruct",
  "adapter_path": null,
  "tasks": [
    "perplexity"
  ],
  "domain": "chat",
  "seed": 42
}