{
  "perplexity": {
    "perplexity": 7.471968873909667,
    "perplexity_std": 4.628986835479736,
    "avg_loss": 2.0111585352205505,
    "total_tokens": 4806,
    "num_samples": 100,
    "per_sample_perplexity": [
      3.9789474610891777,
      8.113882075958074,
      5.464795532258898,
      10.10995347880226,
      7.464089572878108,
      32.57829903114826,
      7.6103111706748825,
      3.6988202446762797,
      6.47154626901793,
      5.108254220757394,
      8.230101420951208,
      8.381667630768069,
      11.033810716123973,
      6.962191524091447,
      13.459712006430532,
      16.394396693763397,
      6.769148685415524,
      12.958093967054916,
      11.489892800325308,
      15.843048708988327,
      4.312426094415713,
      10.705356550108144,
      9.542956533631084,
      4.717833826079598,
      8.54327736867015,
      8.107929868521,
      7.95991488015067,
      13.916281723341102,
      3.354662299613839,
      10.44099455139907,
      7.55292921074823,
      10.879970734271732,
      10.570010385966148,
      4.7265502186579775,
      5.695392537693498,
      12.15383964095158,
      3.733260428795426,
      12.309704037860474,
      8.320058378616322,
      4.928130053754396,
      5.1187194029358825,
      7.089003994486358,
      6.355533783111422,
      6.293298189048261,
      4.495673166085928,
      7.240302696351064,
      5.401043746383125,
      7.422257253375671,
      5.007828189554247,
      5.5219611711424825,
      16.01471254005161,
      8.902031733015216,
      17.89973468337831,
      7.159602625289739,
      8.656150602869834,
      13.467875083292808,
      12.118131668683445,
      9.749941228755414,
      13.656584841680862,
      4.847823468046639,
      12.917947091179224,
      13.575352918881114,
      10.643097460366072,
      12.233840730671483,
      18.6948203359091,
      15.039040055030751,
      9.974966760078201,
      16.95499687985866,
      7.183281693911466,
      7.5781638856983236,
      7.260023980866435,
      9.423555523397416,
      5.908901438487705,
      16.13976721094383,
      5.733198157015679,
      11.70132420042734,
      13.989370570092174,
      3.290476181948849,
      5.200366406649685,
      22.03289773117933,
      5.657818004060408,
      6.477915558796751,
      12.747838875519546,
      9.52681160696671,
      8.318027362300615,
      13.189594139710834,
      6.568758271068601,
      9.0370350427617,
      11.133547999627721,
      8.659170450077337,
      12.23858432610996,
      10.983035051902966,
      5.123831759855797,
      5.328067772297431,
      18.20782877475438,
      5.0375248907620485,
      6.126452501564896,
      14.119590342458105,
      6.881819476075509,
      13.091642363373996
    ]
  },
  "target_model": "meta-llama/Llama-3.1-8B-Instruct",
  "adapter_path": null,
  "tasks": [
    "perplexity"
  ],
  "domain": "medical",
  "seed": 42
}