{
  "perplexity": {
    "perplexity": 7.437873738226045,
    "perplexity_std": 4.292745590209961,
    "avg_loss": 2.006585020127021,
    "total_tokens": 4806,
    "num_samples": 100,
    "per_sample_perplexity": [
      3.7313694907232597,
      6.383654200797304,
      4.9435136499187315,
      10.39794351326619,
      6.654272582206323,
      28.158684524995394,
      7.470853250941116,
      3.3833588913033807,
      5.804760269596722,
      5.068263416910627,
      9.028666156071937,
      7.557782012862347,
      8.775857288617397,
      6.158118641616329,
      12.980657307756074,
      16.807685182323603,
      6.1719146903240905,
      14.229357968787053,
      13.346694855769078,
      14.115682524666473,
      4.464427899410884,
      10.072896566964927,
      10.708519386193958,
      5.2523904669845765,
      8.795935179670442,
      7.479967813148536,
      9.340575316903717,
      12.430943509084575,
      3.427944782021129,
      12.721278597713276,
      7.999532758941833,
      9.673672184591288,
      10.596820251829593,
      4.58231368277143,
      5.076014978535497,
      10.941700508427182,
      3.8912592486698205,
      11.579078764124079,
      8.447164185985176,
      5.098100926479317,
      5.730984888233647,
      7.162626329234614,
      5.361814554045352,
      6.0241828933273105,
      5.035025547211087,
      7.249716724844755,
      5.629978059326662,
      7.853934781411748,
      5.631616564325487,
      5.7439849389091515,
      17.508231413999606,
      9.284710338230214,
      11.784840959547195,
      6.717788777479447,
      8.948919961081664,
      13.800056016076425,
      10.719125147345043,
      9.813796069158881,
      12.00064975352041,
      4.811893656599473,
      10.636387856484495,
      12.743575420376136,
      10.234388285436019,
      11.52284843151414,
      20.169722163533145,
      13.946720199909661,
      8.370616080307244,
      17.157049417547164,
      6.836901767297174,
      7.04487267239675,
      7.606447395534899,
      9.3228343539346,
      6.487993238947971,
      13.335705227087717,
      6.199057879068388,
      10.792296349729709,
      16.6227490279059,
      3.1744312390923524,
      5.571241884409476,
      19.807178190827432,
      5.515503381025134,
      6.89288704556707,
      15.417051076165544,
      9.049171411614685,
      8.041400902614994,
      12.560271755351287,
      6.445368658669303,
      9.911922893330406,
      12.54773063753087,
      8.632949699302083,
      12.139660773072489,
      9.610974260292723,
      5.021713450066511,
      5.39697225764481,
      15.95791841250082,
      4.963301607861195,
      5.862288314721385,
      14.657358321960228,
      6.981401624750118,
      12.54354906071939
    ]
  },
  "target_model": "meta-llama/Llama-3.1-8B-Instruct",
  "adapter_path": "results/exp4_llama/medical_lam_1.0/final",
  "tasks": [
    "perplexity"
  ],
  "domain": "medical",
  "seed": 42
}