{
  "alpha": 0.5356910190786413,
  "alpha_std": 0.15512262284755707,
  "mean_accepted_length": 2.6784550953932063,
  "per_position_alpha": [
    0.6626337831549558,
    0.889747191011236,
    0.8871349644830308,
    0.9101423487544484,
    0.8973607038123167
  ],
  "per_prompt_alpha": [
    0.6153846153846154,
    0.7352941176470589,
    0.595,
    0.8620689655172413,
    0.8689655172413793,
    0.631578947368421,
    0.84,
    0.605,
    0.575,
    0.428,
    0.7393939393939394,
    0.5560975609756098,
    0.5756097560975609,
    0.38181818181818183,
    0.7142857142857143,
    0.6,
    0.6051282051282051,
    0.6263157894736842,
    0.4489795918367347,
    0.5658536585365853,
    0.5428571428571428,
    0.6857142857142857,
    0.3482758620689655,
    0.595,
    0.5022222222222222,
    0.8258064516129032,
    0.5609756097560976,
    0.585,
    0.6432432432432432,
    0.5043478260869565,
    0.6051282051282051,
    1.0,
    0.5302325581395348,
    0.5380952380952381,
    0.34576271186440677,
    0.4037735849056604,
    0.5209302325581395,
    0.4196078431372549,
    0.5066666666666667,
    0.5111111111111111,
    0.46530612244897956,
    0.3781818181818182,
    0.4978723404255319,
    0.7352941176470589,
    0.6368421052631579,
    0.18333333333333332,
    0.35172413793103446,
    0.58,
    0.4666666666666667,
    0.3814814814814815
  ],
  "num_prompts": 50,
  "total_tokens_generated": 6481,
  "draft_k": 5,
  "max_new_tokens": 128,
  "target_model": "Qwen/Qwen2.5-7B-Instruct",
  "draft_model": "Qwen/Qwen2.5-0.5B-Instruct",
  "adapter_path": "results/exp4/code_lam_0.2/final",
  "domain": "code",
  "seed": 42
}