{
  "num_prompts": 50,
  "avg_seq_len": 88.6,
  "kl_mean": 0.5613672137260437,
  "kl_std": 0.16928261518478394,
  "kl_per_prompt": [
    0.74609375,
    0.85546875,
    0.546875,
    0.671875,
    0.474609375,
    0.63671875,
    0.84375,
    0.47265625,
    0.52734375,
    0.6328125,
    0.56640625,
    0.447265625,
    0.75390625,
    0.498046875,
    0.61328125,
    0.55859375,
    0.9296875,
    0.5859375,
    0.60546875,
    0.5859375,
    0.375,
    0.7734375,
    0.796875,
    0.341796875,
    0.734375,
    0.265625,
    0.46875,
    0.5,
    0.271484375,
    0.53125,
    0.2392578125,
    0.498046875,
    0.5703125,
    0.3515625,
    0.71875,
    0.73046875,
    0.6640625,
    0.35546875,
    0.54296875,
    0.50390625,
    0.49609375,
    0.421875,
    0.4921875,
    0.40625,
    0.4453125,
    0.2431640625,
    0.62109375,
    0.84765625,
    0.515625,
    0.79296875
  ],
  "js_mean": 0.08570800721645355,
  "js_std": 0.028879797086119652,
  "js_per_prompt": [
    0.0712890625,
    0.09716796875,
    0.056396484375,
    0.06787109375,
    0.052001953125,
    0.119140625,
    0.09423828125,
    0.059814453125,
    0.04541015625,
    0.059326171875,
    0.056396484375,
    0.08251953125,
    0.09033203125,
    0.060791015625,
    0.06982421875,
    0.056396484375,
    0.12109375,
    0.061279296875,
    0.09814453125,
    0.0625,
    0.055419921875,
    0.12451171875,
    0.1416015625,
    0.0556640625,
    0.1318359375,
    0.0380859375,
    0.0859375,
    0.08935546875,
    0.05517578125,
    0.09228515625,
    0.03857421875,
    0.078125,
    0.10986328125,
    0.076171875,
    0.1240234375,
    0.10693359375,
    0.11767578125,
    0.0673828125,
    0.1025390625,
    0.09716796875,
    0.09765625,
    0.08251953125,
    0.0966796875,
    0.08349609375,
    0.09228515625,
    0.0498046875,
    0.1240234375,
    0.1484375,
    0.09765625,
    0.142578125
  ],
  "tv_mean": 0.23748046159744263,
  "tv_std": 0.0658043622970581,
  "tv_per_prompt": [
    0.212890625,
    0.265625,
    0.15625,
    0.2001953125,
    0.162109375,
    0.30859375,
    0.25,
    0.1787109375,
    0.119140625,
    0.17578125,
    0.1552734375,
    0.22265625,
    0.232421875,
    0.1748046875,
    0.2158203125,
    0.1689453125,
    0.3203125,
    0.1572265625,
    0.2734375,
    0.1875,
    0.1669921875,
    0.326171875,
    0.3671875,
    0.1787109375,
    0.328125,
    0.1318359375,
    0.2578125,
    0.25,
    0.1728515625,
    0.2431640625,
    0.130859375,
    0.2177734375,
    0.3125,
    0.2177734375,
    0.298828125,
    0.29296875,
    0.328125,
    0.19921875,
    0.291015625,
    0.267578125,
    0.287109375,
    0.2431640625,
    0.275390625,
    0.2451171875,
    0.263671875,
    0.1611328125,
    0.328125,
    0.341796875,
    0.265625,
    0.345703125
  ],
  "target_model": "Qwen/Qwen2.5-7B-Instruct",
  "draft_model": "Qwen/Qwen2.5-0.5B-Instruct",
  "adapter_path": "results/exp4/code_lam_0.2/final",
  "domain": "code",
  "divergence_types": [
    "kl",
    "js",
    "tv"
  ],
  "max_seq_len": 512,
  "seed": 42
}