{
  "alpha": 0.537860465116279,
  "alpha_std": 0.13172556459903717,
  "mean_accepted_length": 2.6893023255813953,
  "per_position_alpha": [
    0.6632558139534884,
    0.8835904628330996,
    0.8928571428571429,
    0.912,
    0.9210526315789473
  ],
  "per_prompt_alpha": [
    0.6256410256410256,
    0.48695652173913045,
    0.5571428571428572,
    0.7636363636363637,
    0.7515151515151515,
    0.5476190476190477,
    0.585,
    0.45714285714285713,
    0.5707317073170731,
    0.4530612244897959,
    0.8533333333333334,
    0.4196078431372549,
    0.59,
    0.595,
    0.475,
    0.585,
    0.4489795918367347,
    0.8266666666666667,
    0.4708333333333333,
    0.38571428571428573,
    0.43529411764705883,
    0.8333333333333334,
    0.6648648648648648,
    0.6888888888888889,
    0.6432432432432432,
    0.7515151515151515,
    0.6157894736842106,
    0.5255813953488372,
    0.4115384615384615,
    0.5707317073170731,
    0.6594594594594595,
    0.9071428571428571,
    0.4826086956521739,
    0.5302325581395348,
    0.3890909090909091,
    0.4075471698113208,
    0.605,
    0.49777777777777776,
    0.5948717948717949,
    0.5707317073170731,
    0.4826086956521739,
    0.4196078431372549,
    0.5571428571428572,
    0.5227272727272727,
    0.5181818181818182,
    0.41923076923076924,
    0.4,
    0.5658536585365853,
    0.3724137931034483,
    0.4723404255319149
  ],
  "num_prompts": 50,
  "total_tokens_generated": 6506,
  "draft_k": 5,
  "max_new_tokens": 128,
  "target_model": "meta-llama/Llama-3.1-8B-Instruct",
  "draft_model": "meta-llama/Llama-3.2-1B-Instruct",
  "adapter_path": "results/exp4_llama/code_lam_0.01/final",
  "domain": "code",
  "seed": 42
}