{
  "num_prompts": 50,
  "avg_seq_len": 88.72,
  "kl_mean": 0.6157422065734863,
  "kl_std": 0.1646067351102829,
  "kl_per_prompt": [
    0.796875,
    1.09375,
    0.70703125,
    0.76171875,
    0.53515625,
    0.98046875,
    0.765625,
    0.57421875,
    0.490234375,
    0.61328125,
    0.50390625,
    0.7578125,
    0.578125,
    0.66796875,
    0.5546875,
    0.57421875,
    0.55859375,
    0.625,
    0.75390625,
    0.86328125,
    0.421875,
    0.7421875,
    0.82421875,
    0.33203125,
    0.86328125,
    0.34375,
    0.66796875,
    0.609375,
    0.41796875,
    0.69140625,
    0.298828125,
    0.62109375,
    0.6640625,
    0.380859375,
    0.765625,
    0.64453125,
    0.7265625,
    0.484375,
    0.62890625,
    0.52734375,
    0.546875,
    0.44921875,
    0.54296875,
    0.474609375,
    0.5234375,
    0.369140625,
    0.5625,
    0.71484375,
    0.51953125,
    0.671875
  ],
  "js_mean": 0.09540527313947678,
  "js_std": 0.02303076907992363,
  "js_per_prompt": [
    0.11474609375,
    0.1533203125,
    0.0947265625,
    0.1083984375,
    0.080078125,
    0.15234375,
    0.10986328125,
    0.08642578125,
    0.0654296875,
    0.087890625,
    0.0732421875,
    0.1123046875,
    0.09814453125,
    0.09912109375,
    0.07763671875,
    0.08154296875,
    0.09814453125,
    0.0810546875,
    0.115234375,
    0.1005859375,
    0.0703125,
    0.11279296875,
    0.130859375,
    0.05126953125,
    0.130859375,
    0.0595703125,
    0.1044921875,
    0.09423828125,
    0.06591796875,
    0.11083984375,
    0.05224609375,
    0.08984375,
    0.10595703125,
    0.06640625,
    0.1162109375,
    0.1044921875,
    0.11962890625,
    0.0791015625,
    0.10400390625,
    0.08837890625,
    0.0888671875,
    0.07763671875,
    0.0927734375,
    0.08447265625,
    0.08984375,
    0.060302734375,
    0.095703125,
    0.12451171875,
    0.0888671875,
    0.11962890625
  ],
  "tv_mean": 0.24955077469348907,
  "tv_std": 0.050039660185575485,
  "tv_per_prompt": [
    0.271484375,
    0.337890625,
    0.232421875,
    0.25,
    0.19921875,
    0.359375,
    0.255859375,
    0.2294921875,
    0.1689453125,
    0.2216796875,
    0.177734375,
    0.2578125,
    0.25390625,
    0.2451171875,
    0.2158203125,
    0.2119140625,
    0.2890625,
    0.1875,
    0.294921875,
    0.2421875,
    0.19140625,
    0.296875,
    0.345703125,
    0.1669921875,
    0.3125,
    0.1787109375,
    0.29296875,
    0.23828125,
    0.1845703125,
    0.271484375,
    0.1640625,
    0.236328125,
    0.29296875,
    0.1865234375,
    0.28125,
    0.287109375,
    0.326171875,
    0.2158203125,
    0.291015625,
    0.2451171875,
    0.26171875,
    0.2265625,
    0.26953125,
    0.244140625,
    0.255859375,
    0.1728515625,
    0.267578125,
    0.3125,
    0.251953125,
    0.306640625
  ],
  "target_model": "meta-llama/Llama-3.1-8B-Instruct",
  "draft_model": "meta-llama/Llama-3.2-1B-Instruct",
  "adapter_path": "results/exp4_llama/code_lam_0.01/final",
  "domain": "code",
  "divergence_types": [
    "kl",
    "js",
    "tv"
  ],
  "max_seq_len": 512,
  "seed": 42
}