{
  "alpha": 0.5504030346135609,
  "alpha_std": 0.13432514667510986,
  "mean_accepted_length": 2.7520151730678046,
  "per_position_alpha": [
    0.6714082503556188,
    0.894774011299435,
    0.898973954222573,
    0.9051799824407375,
    0.9224054316197866
  ],
  "per_prompt_alpha": [
    0.6256410256410256,
    0.4448979591836735,
    0.5571428571428572,
    0.775,
    0.7515151515151515,
    0.5523809523809524,
    0.6486486486486487,
    0.45714285714285713,
    0.5707317073170731,
    0.5181818181818182,
    0.8533333333333334,
    0.5707317073170731,
    0.59,
    0.654054054054054,
    0.4666666666666667,
    0.585,
    0.4583333333333333,
    0.8266666666666667,
    0.4826086956521739,
    0.4075471698113208,
    0.43529411764705883,
    0.8333333333333334,
    0.6648648648648648,
    0.6594594594594595,
    0.6324324324324324,
    0.711764705882353,
    0.6157894736842106,
    0.5255813953488372,
    0.4115384615384615,
    0.5707317073170731,
    0.6594594594594595,
    0.9071428571428571,
    0.6378378378378379,
    0.5022222222222222,
    0.3890909090909091,
    0.42745098039215684,
    0.605,
    0.5066666666666667,
    0.6,
    0.4625,
    0.5707317073170731,
    0.39245283018867927,
    0.7875,
    0.6153846153846154,
    0.5523809523809524,
    0.4075471698113208,
    0.36428571428571427,
    0.5658536585365853,
    0.3724137931034483,
    0.4723404255319149
  ],
  "num_prompts": 50,
  "total_tokens_generated": 6497,
  "draft_k": 5,
  "max_new_tokens": 128,
  "target_model": "meta-llama/Llama-3.1-8B-Instruct",
  "draft_model": "meta-llama/Llama-3.2-1B-Instruct",
  "adapter_path": "results/exp2_llama/code_with_checkpoints/checkpoints/step_468",
  "domain": "code",
  "seed": 42
}