{
  "alpha": 0.5368715083798883,
  "alpha_std": 0.13223329186439514,
  "mean_accepted_length": 2.684357541899441,
  "per_position_alpha": [
    0.6652700186219739,
    0.8789363191042687,
    0.8941082802547771,
    0.9082813891362422,
    0.9196078431372549
  ],
  "per_prompt_alpha": [
    0.6256410256410256,
    0.4448979591836735,
    0.5571428571428572,
    0.7636363636363637,
    0.7515151515151515,
    0.5476190476190477,
    0.6205128205128205,
    0.45714285714285713,
    0.5571428571428572,
    0.49130434782608695,
    0.8533333333333334,
    0.4196078431372549,
    0.59,
    0.595,
    0.475,
    0.585,
    0.45,
    0.8266666666666667,
    0.3482758620689655,
    0.37857142857142856,
    0.444,
    0.7411764705882353,
    0.6153846153846154,
    0.6888888888888889,
    0.6324324324324324,
    0.7515151515151515,
    0.6157894736842106,
    0.5255813953488372,
    0.4115384615384615,
    0.5707317073170731,
    0.58,
    0.9071428571428571,
    0.46808510638297873,
    0.6263157894736842,
    0.3890909090909091,
    0.42745098039215684,
    0.6594594594594595,
    0.5136363636363637,
    0.5948717948717949,
    0.4625,
    0.5395348837209303,
    0.39245283018867927,
    0.6486486486486487,
    0.6153846153846154,
    0.5523809523809524,
    0.4075471698113208,
    0.39245283018867927,
    0.5658536585365853,
    0.3890909090909091,
    0.4723404255319149
  ],
  "num_prompts": 50,
  "total_tokens_generated": 6485,
  "draft_k": 5,
  "max_new_tokens": 128,
  "target_model": "meta-llama/Llama-3.1-8B-Instruct",
  "draft_model": "meta-llama/Llama-3.2-1B-Instruct",
  "adapter_path": "results/exp2_llama/code_with_checkpoints/checkpoints/step_624",
  "domain": "code",
  "seed": 42
}