{
  "alpha": 0.5343255813953488,
  "alpha_std": 0.14349623024463654,
  "mean_accepted_length": 2.6716279069767443,
  "per_position_alpha": [
    0.66,
    0.8886539816772375,
    0.8842188739095955,
    0.905829596412556,
    0.9297029702970298
  ],
  "per_prompt_alpha": [
    0.6486486486486487,
    0.7333333333333333,
    0.6857142857142857,
    0.6722222222222223,
    0.7515151515151515,
    0.5523809523809524,
    0.5348837209302325,
    0.5302325581395348,
    0.5609756097560976,
    0.5066666666666667,
    0.5619047619047619,
    0.6971428571428572,
    0.605,
    0.5136363636363637,
    0.5302325581395348,
    0.5209302325581395,
    0.5181818181818182,
    0.8266666666666667,
    0.35517241379310344,
    0.424,
    0.4075471698113208,
    0.8333333333333334,
    0.5380952380952381,
    0.6486486486486487,
    0.6432432432432432,
    0.7575757575757576,
    0.5136363636363637,
    0.5136363636363637,
    0.4,
    0.5227272727272727,
    0.68,
    0.9629629629629629,
    0.49361702127659574,
    0.5155555555555555,
    0.3709090909090909,
    0.4392156862745098,
    0.6777777777777778,
    0.4708333333333333,
    0.3781818181818182,
    0.5666666666666667,
    0.5227272727272727,
    0.3849056603773585,
    0.79375,
    0.5022222222222222,
    0.5560975609756098,
    0.3423728813559322,
    0.32131147540983607,
    0.7235294117647059,
    0.375,
    0.43529411764705883
  ],
  "num_prompts": 50,
  "total_tokens_generated": 6475,
  "draft_k": 5,
  "max_new_tokens": 128,
  "target_model": "meta-llama/Llama-3.1-8B-Instruct",
  "draft_model": "meta-llama/Llama-3.2-1B-Instruct",
  "adapter_path": "results/exp2_llama/code_with_checkpoints/checkpoints/step_156",
  "domain": "code",
  "seed": 42
}