{
  "alpha": 0.5535526943252265,
  "alpha_std": 0.1335412859916687,
  "mean_accepted_length": 2.767763471626133,
  "per_position_alpha": [
    0.6781115879828327,
    0.8762306610407876,
    0.9141252006420546,
    0.9139596136962248,
    0.9183477425552353
  ],
  "per_prompt_alpha": [
    0.7294117647058823,
    0.6263157894736842,
    0.5571428571428572,
    0.8266666666666667,
    0.7515151515151515,
    0.49130434782608695,
    0.654054054054054,
    0.6888888888888889,
    0.6594594594594595,
    0.5255813953488372,
    0.8533333333333334,
    0.5707317073170731,
    0.59,
    0.58,
    0.6833333333333333,
    0.5560975609756098,
    0.4888888888888889,
    0.8,
    0.3,
    0.43529411764705883,
    0.444,
    0.7411764705882353,
    0.59,
    0.711764705882353,
    0.6432432432432432,
    0.7515151515151515,
    0.5380952380952381,
    0.5476190476190477,
    0.5181818181818182,
    0.5348837209302325,
    0.6105263157894737,
    0.9071428571428571,
    0.4723404255319149,
    0.5428571428571428,
    0.40384615384615385,
    0.4,
    0.605,
    0.5066666666666667,
    0.6432432432432432,
    0.4723404255319149,
    0.59,
    0.45,
    0.6555555555555556,
    0.4851063829787234,
    0.5523809523809524,
    0.49777777777777776,
    0.32063492063492066,
    0.5658536585365853,
    0.3719298245614035,
    0.4307692307692308
  ],
  "num_prompts": 50,
  "total_tokens_generated": 6479,
  "draft_k": 5,
  "max_new_tokens": 128,
  "target_model": "meta-llama/Llama-3.1-8B-Instruct",
  "draft_model": "meta-llama/Llama-3.2-1B-Instruct",
  "adapter_path": "results/exp2_llama/code_with_checkpoints/checkpoints/step_312",
  "domain": "code",
  "seed": 42
}