{
  "alpha": 0.5449411764705883,
  "alpha_std": 0.12714050710201263,
  "mean_accepted_length": 2.724705882352941,
  "per_position_alpha": [
    0.6691764705882353,
    0.8846694796061885,
    0.9006359300476947,
    0.9090909090909091,
    0.9194174757281554
  ],
  "per_prompt_alpha": [
    0.6777777777777778,
    0.4448979591836735,
    0.5571428571428572,
    0.7636363636363637,
    0.7515151515151515,
    0.5476190476190477,
    0.6205128205128205,
    0.45714285714285713,
    0.5571428571428572,
    0.49130434782608695,
    0.8533333333333334,
    0.4196078431372549,
    0.59,
    0.595,
    0.475,
    0.585,
    0.4489795918367347,
    0.8266666666666667,
    0.4826086956521739,
    0.49777777777777776,
    0.5395348837209303,
    0.7411764705882353,
    0.6648648648648648,
    0.6888888888888889,
    0.6324324324324324,
    0.7515151515151515,
    0.6157894736842106,
    0.5255813953488372,
    0.4115384615384615,
    0.5707317073170731,
    0.58,
    0.9071428571428571,
    0.46808510638297873,
    0.6263157894736842,
    0.3890909090909091,
    0.42745098039215684,
    0.605,
    0.5136363636363637,
    0.5948717948717949,
    0.46122448979591835,
    0.5111111111111111,
    0.3781818181818182,
    0.6486486486486487,
    0.6,
    0.5181818181818182,
    0.4075471698113208,
    0.39245283018867927,
    0.5658536585365853,
    0.3890909090909091,
    0.4723404255319149
  ],
  "num_prompts": 50,
  "total_tokens_generated": 6493,
  "draft_k": 5,
  "max_new_tokens": 128,
  "target_model": "meta-llama/Llama-3.1-8B-Instruct",
  "draft_model": "meta-llama/Llama-3.2-1B-Instruct",
  "adapter_path": "results/exp2_llama/code_with_checkpoints/final",
  "domain": "code",
  "seed": 42
}