{
  "num_prompts": 50,
  "avg_seq_len": 88.72,
  "kl_mean": 0.3792968690395355,
  "kl_std": 0.11519163846969604,
  "kl_per_prompt": [
    0.314453125,
    0.42578125,
    0.294921875,
    0.515625,
    0.310546875,
    0.5078125,
    0.375,
    0.353515625,
    0.1796875,
    0.296875,
    0.29296875,
    0.28515625,
    0.41796875,
    0.4765625,
    0.1845703125,
    0.259765625,
    0.4453125,
    0.400390625,
    0.439453125,
    0.4296875,
    0.357421875,
    0.3046875,
    0.443359375,
    0.189453125,
    0.6484375,
    0.29296875,
    0.32421875,
    0.318359375,
    0.244140625,
    0.40625,
    0.2138671875,
    0.326171875,
    0.416015625,
    0.279296875,
    0.55078125,
    0.42578125,
    0.51171875,
    0.236328125,
    0.41015625,
    0.392578125,
    0.4296875,
    0.3671875,
    0.37890625,
    0.408203125,
    0.427734375,
    0.24609375,
    0.443359375,
    0.66796875,
    0.43359375,
    0.6640625
  ],
  "js_mean": 0.07216797024011612,
  "js_std": 0.021684495732188225,
  "js_per_prompt": [
    0.0634765625,
    0.07763671875,
    0.04931640625,
    0.07373046875,
    0.05712890625,
    0.09521484375,
    0.06640625,
    0.057861328125,
    0.03369140625,
    0.046630859375,
    0.045166015625,
    0.06005859375,
    0.07958984375,
    0.08837890625,
    0.039794921875,
    0.049560546875,
    0.0986328125,
    0.0546875,
    0.0859375,
    0.0546875,
    0.064453125,
    0.068359375,
    0.10009765625,
    0.039306640625,
    0.11376953125,
    0.053466796875,
    0.06982421875,
    0.0654296875,
    0.048583984375,
    0.08203125,
    0.044677734375,
    0.060546875,
    0.0859375,
    0.0615234375,
    0.09521484375,
    0.08154296875,
    0.0986328125,
    0.04833984375,
    0.0849609375,
    0.07861328125,
    0.083984375,
    0.07421875,
    0.07666015625,
    0.08349609375,
    0.08642578125,
    0.053955078125,
    0.09033203125,
    0.126953125,
    0.08544921875,
    0.1240234375
  ],
  "tv_mean": 0.21002930402755737,
  "tv_std": 0.05592916160821915,
  "tv_per_prompt": [
    0.181640625,
    0.21875,
    0.14453125,
    0.1953125,
    0.1552734375,
    0.29296875,
    0.171875,
    0.19921875,
    0.1005859375,
    0.1435546875,
    0.12451171875,
    0.193359375,
    0.2216796875,
    0.224609375,
    0.142578125,
    0.138671875,
    0.3046875,
    0.140625,
    0.259765625,
    0.1533203125,
    0.1845703125,
    0.2216796875,
    0.3046875,
    0.1376953125,
    0.296875,
    0.169921875,
    0.228515625,
    0.1943359375,
    0.15234375,
    0.2236328125,
    0.1435546875,
    0.181640625,
    0.267578125,
    0.1787109375,
    0.234375,
    0.2451171875,
    0.30078125,
    0.162109375,
    0.251953125,
    0.2255859375,
    0.251953125,
    0.22265625,
    0.2392578125,
    0.2421875,
    0.248046875,
    0.1650390625,
    0.255859375,
    0.310546875,
    0.240234375,
    0.3125
  ],
  "target_model": "meta-llama/Llama-3.1-8B-Instruct",
  "draft_model": "meta-llama/Llama-3.2-1B-Instruct",
  "adapter_path": null,
  "domain": "code",
  "divergence_types": [
    "kl",
    "js",
    "tv"
  ],
  "max_seq_len": 512,
  "seed": 42
}