{
  "num_prompts": 50,
  "avg_seq_len": 88.72,
  "kl_mean": 0.6227343678474426,
  "kl_std": 0.16515375673770905,
  "kl_per_prompt": [
    0.80859375,
    1.1015625,
    0.71484375,
    0.76953125,
    0.54296875,
    0.98046875,
    0.78125,
    0.578125,
    0.49609375,
    0.62890625,
    0.515625,
    0.765625,
    0.58984375,
    0.671875,
    0.5703125,
    0.58984375,
    0.56640625,
    0.6328125,
    0.75390625,
    0.875,
    0.423828125,
    0.75390625,
    0.828125,
    0.33984375,
    0.86328125,
    0.345703125,
    0.6796875,
    0.6171875,
    0.423828125,
    0.69921875,
    0.3046875,
    0.6328125,
    0.671875,
    0.384765625,
    0.7734375,
    0.640625,
    0.734375,
    0.48828125,
    0.63671875,
    0.53125,
    0.5546875,
    0.453125,
    0.55078125,
    0.478515625,
    0.52734375,
    0.373046875,
    0.56640625,
    0.72265625,
    0.5234375,
    0.6796875
  ],
  "js_mean": 0.09608886390924454,
  "js_std": 0.0230964757502079,
  "js_per_prompt": [
    0.11572265625,
    0.1533203125,
    0.095703125,
    0.109375,
    0.08056640625,
    0.15234375,
    0.111328125,
    0.0859375,
    0.0654296875,
    0.08935546875,
    0.0732421875,
    0.11279296875,
    0.099609375,
    0.1005859375,
    0.0791015625,
    0.08251953125,
    0.0986328125,
    0.08154296875,
    0.115234375,
    0.10302734375,
    0.0703125,
    0.1142578125,
    0.130859375,
    0.05224609375,
    0.1318359375,
    0.059814453125,
    0.10595703125,
    0.09521484375,
    0.06640625,
    0.111328125,
    0.052978515625,
    0.0908203125,
    0.10693359375,
    0.06640625,
    0.11669921875,
    0.10498046875,
    0.12060546875,
    0.07958984375,
    0.10546875,
    0.08837890625,
    0.08935546875,
    0.078125,
    0.09326171875,
    0.0849609375,
    0.08984375,
    0.060302734375,
    0.0966796875,
    0.125,
    0.08984375,
    0.12060546875
  ],
  "tv_mean": 0.2505859434604645,
  "tv_std": 0.049839649349451065,
  "tv_per_prompt": [
    0.275390625,
    0.337890625,
    0.234375,
    0.25,
    0.19921875,
    0.35546875,
    0.259765625,
    0.228515625,
    0.16796875,
    0.2236328125,
    0.1806640625,
    0.259765625,
    0.255859375,
    0.2470703125,
    0.216796875,
    0.2138671875,
    0.2890625,
    0.1875,
    0.294921875,
    0.2451171875,
    0.1923828125,
    0.298828125,
    0.345703125,
    0.16796875,
    0.3125,
    0.1806640625,
    0.294921875,
    0.2412109375,
    0.185546875,
    0.275390625,
    0.1650390625,
    0.2373046875,
    0.294921875,
    0.1865234375,
    0.28125,
    0.28515625,
    0.326171875,
    0.2158203125,
    0.29296875,
    0.2451171875,
    0.26171875,
    0.2275390625,
    0.271484375,
    0.24609375,
    0.255859375,
    0.173828125,
    0.26953125,
    0.314453125,
    0.251953125,
    0.30859375
  ],
  "target_model": "meta-llama/Llama-3.1-8B-Instruct",
  "draft_model": "meta-llama/Llama-3.2-1B-Instruct",
  "adapter_path": "results/exp2_llama/code_with_checkpoints/final",
  "domain": "code",
  "divergence_types": [
    "kl",
    "js",
    "tv"
  ],
  "max_seq_len": 512,
  "seed": 42
}