{
  "num_prompts": 50,
  "avg_seq_len": 88.72,
  "kl_mean": 0.6217968463897705,
  "kl_std": 0.16529953479766846,
  "kl_per_prompt": [
    0.81640625,
    1.1015625,
    0.7109375,
    0.765625,
    0.54296875,
    0.9765625,
    0.77734375,
    0.578125,
    0.498046875,
    0.625,
    0.51171875,
    0.765625,
    0.5859375,
    0.67578125,
    0.578125,
    0.5859375,
    0.5546875,
    0.62890625,
    0.75,
    0.87890625,
    0.419921875,
    0.7578125,
    0.82421875,
    0.341796875,
    0.8671875,
    0.34765625,
    0.6796875,
    0.61328125,
    0.421875,
    0.6953125,
    0.3046875,
    0.625,
    0.671875,
    0.384765625,
    0.76953125,
    0.640625,
    0.73828125,
    0.486328125,
    0.63671875,
    0.53125,
    0.5546875,
    0.451171875,
    0.546875,
    0.478515625,
    0.52734375,
    0.373046875,
    0.56640625,
    0.72265625,
    0.5234375,
    0.6796875
  ],
  "js_mean": 0.09603027254343033,
  "js_std": 0.02315494231879711,
  "js_per_prompt": [
    0.1162109375,
    0.1533203125,
    0.0947265625,
    0.10888671875,
    0.080078125,
    0.15234375,
    0.1103515625,
    0.0869140625,
    0.0654296875,
    0.08837890625,
    0.07275390625,
    0.11328125,
    0.099609375,
    0.10107421875,
    0.07958984375,
    0.08203125,
    0.0966796875,
    0.08154296875,
    0.115234375,
    0.1025390625,
    0.07080078125,
    0.11474609375,
    0.130859375,
    0.052001953125,
    0.1328125,
    0.060302734375,
    0.10595703125,
    0.0947265625,
    0.06640625,
    0.111328125,
    0.052734375,
    0.09033203125,
    0.1064453125,
    0.06689453125,
    0.11669921875,
    0.10498046875,
    0.12158203125,
    0.07958984375,
    0.10595703125,
    0.08837890625,
    0.08935546875,
    0.07763671875,
    0.09326171875,
    0.0849609375,
    0.08984375,
    0.060302734375,
    0.09619140625,
    0.125,
    0.08984375,
    0.12060546875
  ],
  "tv_mean": 0.2506445348262787,
  "tv_std": 0.049913641065359116,
  "tv_per_prompt": [
    0.275390625,
    0.337890625,
    0.234375,
    0.2490234375,
    0.1982421875,
    0.35546875,
    0.2578125,
    0.23046875,
    0.16796875,
    0.22265625,
    0.1796875,
    0.259765625,
    0.255859375,
    0.2490234375,
    0.220703125,
    0.212890625,
    0.287109375,
    0.1865234375,
    0.294921875,
    0.2451171875,
    0.1923828125,
    0.30078125,
    0.345703125,
    0.1689453125,
    0.3125,
    0.1806640625,
    0.294921875,
    0.2392578125,
    0.185546875,
    0.275390625,
    0.1650390625,
    0.236328125,
    0.294921875,
    0.1875,
    0.28125,
    0.287109375,
    0.328125,
    0.2158203125,
    0.29296875,
    0.24609375,
    0.263671875,
    0.2275390625,
    0.271484375,
    0.2451171875,
    0.255859375,
    0.173828125,
    0.267578125,
    0.314453125,
    0.251953125,
    0.30859375
  ],
  "target_model": "meta-llama/Llama-3.1-8B-Instruct",
  "draft_model": "meta-llama/Llama-3.2-1B-Instruct",
  "adapter_path": "results/exp2_llama/code_with_checkpoints/checkpoints/step_624",
  "domain": "code",
  "divergence_types": [
    "kl",
    "js",
    "tv"
  ],
  "max_seq_len": 512,
  "seed": 42
}