{
  "num_prompts": 50,
  "avg_seq_len": 88.72,
  "kl_mean": 0.6291797161102295,
  "kl_std": 0.16748742759227753,
  "kl_per_prompt": [
    0.828125,
    1.1171875,
    0.72265625,
    0.7890625,
    0.54296875,
    0.9765625,
    0.80078125,
    0.59375,
    0.51171875,
    0.65625,
    0.5234375,
    0.796875,
    0.6015625,
    0.68359375,
    0.5859375,
    0.61328125,
    0.57421875,
    0.6328125,
    0.765625,
    0.87109375,
    0.412109375,
    0.75390625,
    0.81640625,
    0.337890625,
    0.875,
    0.345703125,
    0.67578125,
    0.625,
    0.423828125,
    0.7109375,
    0.302734375,
    0.62890625,
    0.6796875,
    0.384765625,
    0.76953125,
    0.65625,
    0.74609375,
    0.5,
    0.64453125,
    0.53515625,
    0.5625,
    0.4609375,
    0.55859375,
    0.478515625,
    0.52734375,
    0.375,
    0.56640625,
    0.71875,
    0.5234375,
    0.67578125
  ],
  "js_mean": 0.09687988460063934,
  "js_std": 0.02332860231399536,
  "js_per_prompt": [
    0.11767578125,
    0.15625,
    0.09619140625,
    0.111328125,
    0.08056640625,
    0.15234375,
    0.11279296875,
    0.08837890625,
    0.06640625,
    0.09130859375,
    0.07421875,
    0.1171875,
    0.10107421875,
    0.10107421875,
    0.08056640625,
    0.08447265625,
    0.09912109375,
    0.08154296875,
    0.11669921875,
    0.1005859375,
    0.06884765625,
    0.1142578125,
    0.130859375,
    0.052001953125,
    0.1328125,
    0.059814453125,
    0.10546875,
    0.0966796875,
    0.06689453125,
    0.11328125,
    0.052734375,
    0.09033203125,
    0.10888671875,
    0.0673828125,
    0.1162109375,
    0.1064453125,
    0.12255859375,
    0.08203125,
    0.10595703125,
    0.0888671875,
    0.0908203125,
    0.0791015625,
    0.09423828125,
    0.0849609375,
    0.0908203125,
    0.060791015625,
    0.09619140625,
    0.1240234375,
    0.09033203125,
    0.12060546875
  ],
  "tv_mean": 0.25193360447883606,
  "tv_std": 0.05030394345521927,
  "tv_per_prompt": [
    0.279296875,
    0.34375,
    0.234375,
    0.255859375,
    0.1982421875,
    0.35546875,
    0.26171875,
    0.2333984375,
    0.1708984375,
    0.2255859375,
    0.1806640625,
    0.267578125,
    0.259765625,
    0.2490234375,
    0.2216796875,
    0.216796875,
    0.291015625,
    0.1865234375,
    0.294921875,
    0.240234375,
    0.1904296875,
    0.298828125,
    0.345703125,
    0.16796875,
    0.31640625,
    0.1806640625,
    0.29296875,
    0.2421875,
    0.185546875,
    0.27734375,
    0.1640625,
    0.236328125,
    0.30078125,
    0.1875,
    0.279296875,
    0.291015625,
    0.330078125,
    0.21875,
    0.29296875,
    0.24609375,
    0.263671875,
    0.2294921875,
    0.2734375,
    0.2451171875,
    0.2578125,
    0.1748046875,
    0.267578125,
    0.3125,
    0.251953125,
    0.30859375
  ],
  "target_model": "meta-llama/Llama-3.1-8B-Instruct",
  "draft_model": "meta-llama/Llama-3.2-1B-Instruct",
  "adapter_path": "results/exp2_llama/code_with_checkpoints/checkpoints/step_468",
  "domain": "code",
  "divergence_types": [
    "kl",
    "js",
    "tv"
  ],
  "max_seq_len": 512,
  "seed": 42
}