{
  "num_prompts": 50,
  "avg_seq_len": 88.72,
  "kl_mean": 0.6232812404632568,
  "kl_std": 0.1624189019203186,
  "kl_per_prompt": [
    0.828125,
    0.984375,
    0.67578125,
    0.8046875,
    0.53515625,
    1.015625,
    0.78515625,
    0.58984375,
    0.494140625,
    0.62890625,
    0.54296875,
    0.7734375,
    0.6796875,
    0.70703125,
    0.59375,
    0.578125,
    0.5859375,
    0.6015625,
    0.81640625,
    0.85546875,
    0.4140625,
    0.703125,
    0.77734375,
    0.345703125,
    0.87890625,
    0.345703125,
    0.64453125,
    0.5859375,
    0.431640625,
    0.6875,
    0.31640625,
    0.66796875,
    0.68359375,
    0.34765625,
    0.71875,
    0.6484375,
    0.796875,
    0.48828125,
    0.67578125,
    0.52734375,
    0.5859375,
    0.48046875,
    0.5546875,
    0.462890625,
    0.51171875,
    0.345703125,
    0.5703125,
    0.70703125,
    0.52734375,
    0.65625
  ],
  "js_mean": 0.09647461026906967,
  "js_std": 0.023020947352051735,
  "js_per_prompt": [
    0.11376953125,
    0.1416015625,
    0.0927734375,
    0.11328125,
    0.07763671875,
    0.1572265625,
    0.109375,
    0.08837890625,
    0.06396484375,
    0.0869140625,
    0.07763671875,
    0.11474609375,
    0.10888671875,
    0.1044921875,
    0.07958984375,
    0.083984375,
    0.1025390625,
    0.078125,
    0.11962890625,
    0.09716796875,
    0.06982421875,
    0.1083984375,
    0.126953125,
    0.053466796875,
    0.1357421875,
    0.0595703125,
    0.1044921875,
    0.09033203125,
    0.06884765625,
    0.10986328125,
    0.05419921875,
    0.0947265625,
    0.11181640625,
    0.06396484375,
    0.11328125,
    0.10302734375,
    0.12890625,
    0.07958984375,
    0.10888671875,
    0.08984375,
    0.09423828125,
    0.08056640625,
    0.09423828125,
    0.08447265625,
    0.08984375,
    0.059814453125,
    0.09814453125,
    0.125,
    0.09130859375,
    0.11865234375
  ],
  "tv_mean": 0.2521093785762787,
  "tv_std": 0.05161580070853233,
  "tv_per_prompt": [
    0.271484375,
    0.314453125,
    0.234375,
    0.255859375,
    0.193359375,
    0.3671875,
    0.251953125,
    0.2255859375,
    0.15625,
    0.22265625,
    0.1875,
    0.26953125,
    0.267578125,
    0.2578125,
    0.220703125,
    0.2158203125,
    0.30078125,
    0.1767578125,
    0.296875,
    0.232421875,
    0.1923828125,
    0.287109375,
    0.333984375,
    0.1689453125,
    0.330078125,
    0.1787109375,
    0.29296875,
    0.2333984375,
    0.19140625,
    0.2734375,
    0.1669921875,
    0.248046875,
    0.314453125,
    0.181640625,
    0.27734375,
    0.28125,
    0.345703125,
    0.2158203125,
    0.30078125,
    0.251953125,
    0.271484375,
    0.2333984375,
    0.275390625,
    0.2490234375,
    0.259765625,
    0.1748046875,
    0.279296875,
    0.314453125,
    0.255859375,
    0.306640625
  ],
  "target_model": "meta-llama/Llama-3.1-8B-Instruct",
  "draft_model": "meta-llama/Llama-3.2-1B-Instruct",
  "adapter_path": "results/exp2_llama/code_with_checkpoints/checkpoints/step_156",
  "domain": "code",
  "divergence_types": [
    "kl",
    "js",
    "tv"
  ],
  "max_seq_len": 512,
  "seed": 42
}