{
  "num_prompts": 50,
  "avg_seq_len": 88.72,
  "kl_mean": 0.633984386920929,
  "kl_std": 0.1674739420413971,
  "kl_per_prompt": [
    0.87109375,
    1.109375,
    0.71484375,
    0.796875,
    0.55859375,
    0.9765625,
    0.84765625,
    0.62109375,
    0.53515625,
    0.6640625,
    0.55078125,
    0.7734375,
    0.6328125,
    0.68359375,
    0.62890625,
    0.640625,
    0.55859375,
    0.63671875,
    0.7734375,
    0.90234375,
    0.423828125,
    0.71875,
    0.78125,
    0.365234375,
    0.8671875,
    0.333984375,
    0.62109375,
    0.6015625,
    0.4296875,
    0.734375,
    0.3125,
    0.66796875,
    0.67578125,
    0.373046875,
    0.7578125,
    0.6484375,
    0.765625,
    0.498046875,
    0.671875,
    0.52734375,
    0.57421875,
    0.46484375,
    0.55859375,
    0.484375,
    0.515625,
    0.365234375,
    0.5703125,
    0.71484375,
    0.51953125,
    0.6796875
  ],
  "js_mean": 0.09704101830720901,
  "js_std": 0.02295219898223877,
  "js_per_prompt": [
    0.1181640625,
    0.154296875,
    0.09228515625,
    0.11279296875,
    0.08056640625,
    0.15234375,
    0.11669921875,
    0.091796875,
    0.06689453125,
    0.09228515625,
    0.07763671875,
    0.11474609375,
    0.10400390625,
    0.10205078125,
    0.0830078125,
    0.08544921875,
    0.09814453125,
    0.08251953125,
    0.115234375,
    0.1044921875,
    0.0703125,
    0.109375,
    0.126953125,
    0.05517578125,
    0.1328125,
    0.05712890625,
    0.0986328125,
    0.09228515625,
    0.06787109375,
    0.11669921875,
    0.053955078125,
    0.09375,
    0.1083984375,
    0.06640625,
    0.115234375,
    0.10546875,
    0.12451171875,
    0.08154296875,
    0.1083984375,
    0.087890625,
    0.09130859375,
    0.080078125,
    0.0947265625,
    0.0859375,
    0.08935546875,
    0.059814453125,
    0.09765625,
    0.12451171875,
    0.08984375,
    0.12060546875
  ],
  "tv_mean": 0.2521288990974426,
  "tv_std": 0.04909592121839523,
  "tv_per_prompt": [
    0.27734375,
    0.337890625,
    0.234375,
    0.2578125,
    0.201171875,
    0.357421875,
    0.271484375,
    0.236328125,
    0.1708984375,
    0.23046875,
    0.1884765625,
    0.263671875,
    0.259765625,
    0.25390625,
    0.224609375,
    0.2158203125,
    0.2890625,
    0.1875,
    0.29296875,
    0.2470703125,
    0.193359375,
    0.2890625,
    0.33984375,
    0.173828125,
    0.31640625,
    0.1748046875,
    0.279296875,
    0.234375,
    0.1884765625,
    0.28515625,
    0.166015625,
    0.240234375,
    0.294921875,
    0.1865234375,
    0.28125,
    0.2890625,
    0.330078125,
    0.21875,
    0.296875,
    0.2431640625,
    0.263671875,
    0.2314453125,
    0.2734375,
    0.24609375,
    0.255859375,
    0.171875,
    0.271484375,
    0.3125,
    0.251953125,
    0.30859375
  ],
  "target_model": "meta-llama/Llama-3.1-8B-Instruct",
  "draft_model": "meta-llama/Llama-3.2-1B-Instruct",
  "adapter_path": "results/exp2_llama/code_with_checkpoints/checkpoints/step_312",
  "domain": "code",
  "divergence_types": [
    "kl",
    "js",
    "tv"
  ],
  "max_seq_len": 512,
  "seed": 42
}