{
  "alpha": 0.3029808597427047,
  "alpha_std": 0.06548696011304855,
  "mean_accepted_length": 1.5149042987135237,
  "per_position_alpha": [
    0.4891747725133354,
    0.7607440667094291,
    0.7655986509274874,
    0.7290748898678414,
    0.7749244712990937
  ],
  "per_prompt_alpha": [
    0.36428571428571427,
    0.2818181818181818,
    0.37142857142857144,
    0.3047619047619048,
    0.36140350877192984,
    0.2875,
    0.30793650793650795,
    0.24324324324324326,
    0.2909090909090909,
    0.35517241379310344,
    0.2742857142857143,
    0.38545454545454544,
    0.30793650793650795,
    0.34,
    0.2205128205128205,
    0.27058823529411763,
    0.22666666666666666,
    0.263768115942029,
    0.26,
    0.34385964912280703,
    0.35789473684210527,
    0.21842105263157896,
    0.2753623188405797,
    0.5476190476190477,
    0.22666666666666666,
    0.263768115942029,
    0.326984126984127,
    0.3814814814814815,
    0.26285714285714284,
    0.3,
    0.36727272727272725,
    0.2746268656716418,
    0.5209302325581395,
    0.28923076923076924,
    0.2535211267605634,
    0.2923076923076923,
    0.2909090909090909,
    0.24788732394366197,
    0.3333333333333333,
    0.32666666666666666,
    0.33220338983050846,
    0.32063492063492066,
    0.31746031746031744,
    0.3111111111111111,
    0.3423728813559322,
    0.29393939393939394,
    0.2236842105263158,
    0.2953846153846154,
    0.27058823529411763,
    0.4
  ],
  "num_prompts": 50,
  "total_tokens_generated": 6456,
  "draft_k": 5,
  "max_new_tokens": 128,
  "target_model": "Qwen/Qwen2.5-7B-Instruct",
  "draft_model": "Qwen/Qwen2.5-0.5B-Instruct",
  "adapter_path": "results/exp4/chat_lam_0.1/final",
  "domain": "chat",
  "seed": 42
}