{
  "num_prompts": 50,
  "avg_seq_len": 45.26,
  "kl_mean": 0.8115624785423279,
  "kl_std": 0.27184367179870605,
  "kl_per_prompt": [
    1.3671875,
    1.4453125,
    0.86328125,
    0.73828125,
    1.0703125,
    1.40625,
    0.8359375,
    0.78515625,
    1.046875,
    1.1328125,
    0.97265625,
    0.9375,
    0.78515625,
    1.3515625,
    1.0,
    0.73046875,
    1.1328125,
    0.5703125,
    1.5234375,
    0.78515625,
    0.59765625,
    0.87109375,
    0.890625,
    0.59375,
    0.74609375,
    0.78125,
    0.40625,
    0.6328125,
    0.54296875,
    0.86328125,
    0.49609375,
    0.9453125,
    0.80859375,
    0.84765625,
    0.59765625,
    0.484375,
    0.6015625,
    0.69921875,
    0.6484375,
    0.6328125,
    0.5234375,
    0.8125,
    0.5234375,
    0.6953125,
    0.78125,
    0.46484375,
    0.4921875,
    0.51171875,
    0.8984375,
    0.70703125
  ],
  "js_mean": 0.11586914211511612,
  "js_std": 0.022649317979812622,
  "js_per_prompt": [
    0.1416015625,
    0.19140625,
    0.10888671875,
    0.123046875,
    0.08740234375,
    0.1796875,
    0.1044921875,
    0.1318359375,
    0.10595703125,
    0.1123046875,
    0.130859375,
    0.126953125,
    0.1396484375,
    0.1337890625,
    0.11279296875,
    0.1064453125,
    0.11962890625,
    0.08544921875,
    0.14453125,
    0.10693359375,
    0.109375,
    0.1328125,
    0.125,
    0.1083984375,
    0.10205078125,
    0.11474609375,
    0.07177734375,
    0.09521484375,
    0.10595703125,
    0.12451171875,
    0.08935546875,
    0.1279296875,
    0.1279296875,
    0.126953125,
    0.11328125,
    0.08447265625,
    0.11669921875,
    0.1015625,
    0.0966796875,
    0.0849609375,
    0.107421875,
    0.12890625,
    0.10400390625,
    0.11865234375,
    0.1259765625,
    0.0888671875,
    0.0849609375,
    0.10693359375,
    0.14453125,
    0.1298828125
  ],
  "tv_mean": 0.31519532203674316,
  "tv_std": 0.041818976402282715,
  "tv_per_prompt": [
    0.353515625,
    0.443359375,
    0.298828125,
    0.333984375,
    0.244140625,
    0.40234375,
    0.28515625,
    0.36328125,
    0.267578125,
    0.318359375,
    0.326171875,
    0.341796875,
    0.380859375,
    0.34375,
    0.306640625,
    0.28515625,
    0.318359375,
    0.255859375,
    0.365234375,
    0.3125,
    0.306640625,
    0.3359375,
    0.33203125,
    0.314453125,
    0.29296875,
    0.326171875,
    0.23046875,
    0.27734375,
    0.302734375,
    0.349609375,
    0.26953125,
    0.31640625,
    0.330078125,
    0.341796875,
    0.3203125,
    0.2578125,
    0.3359375,
    0.27734375,
    0.265625,
    0.251953125,
    0.328125,
    0.353515625,
    0.30078125,
    0.337890625,
    0.314453125,
    0.2734375,
    0.255859375,
    0.314453125,
    0.35546875,
    0.34375
  ],
  "target_model": "Qwen/Qwen2.5-7B-Instruct",
  "draft_model": "Qwen/Qwen2.5-0.5B-Instruct",
  "adapter_path": "results/exp4/chat_lam_0.1/final",
  "domain": "chat",
  "divergence_types": [
    "kl",
    "js",
    "tv"
  ],
  "max_seq_len": 512,
  "seed": 42
}