{
  "alpha": 0.5468366383380547,
  "alpha_std": 0.1587960422039032,
  "mean_accepted_length": 2.7341831916902737,
  "per_position_alpha": [
    0.6713881019830028,
    0.8987341772151899,
    0.8849765258215962,
    0.9098143236074271,
    0.9047619047619048
  ],
  "per_prompt_alpha": [
    0.5948717948717949,
    0.7294117647058823,
    0.595,
    0.8620689655172413,
    0.8689655172413793,
    0.6205128205128205,
    0.49777777777777776,
    0.7575757575757576,
    0.631578947368421,
    0.3851851851851852,
    0.8266666666666667,
    0.37454545454545457,
    0.43137254901960786,
    0.4851063829787234,
    0.6648648648648648,
    0.6263157894736842,
    0.6263157894736842,
    0.9071428571428571,
    0.58,
    0.5666666666666667,
    0.5441860465116279,
    0.49130434782608695,
    0.424,
    0.6914285714285714,
    0.49333333333333335,
    0.8258064516129032,
    0.5609756097560976,
    0.59,
    0.6432432432432432,
    0.5066666666666667,
    0.6051282051282051,
    1.0,
    0.5395348837209303,
    0.5181818181818182,
    0.34576271186440677,
    0.49777777777777776,
    0.4,
    0.6666666666666666,
    0.41509433962264153,
    0.6368421052631579,
    0.46122448979591835,
    0.37857142857142856,
    0.8064516129032258,
    0.6594594594594595,
    0.4723404255319149,
    0.4235294117647059,
    0.4115384615384615,
    0.5136363636363637,
    0.31746031746031744,
    0.41132075471698115
  ],
  "num_prompts": 50,
  "total_tokens_generated": 6487,
  "draft_k": 5,
  "max_new_tokens": 128,
  "target_model": "Qwen/Qwen2.5-7B-Instruct",
  "draft_model": "Qwen/Qwen2.5-0.5B-Instruct",
  "adapter_path": "results/exp6/tv_lam_0.01/final",
  "domain": "code",
  "seed": 42
}