{
  "num_prompts": 50,
  "avg_seq_len": 88.6,
  "kl_mean": 0.6272851824760437,
  "kl_std": 0.18839280307292938,
  "kl_per_prompt": [
    0.77734375,
    0.87890625,
    0.55078125,
    0.6953125,
    0.49609375,
    0.703125,
    0.8671875,
    0.486328125,
    0.53125,
    0.6328125,
    0.57421875,
    0.5234375,
    0.765625,
    0.515625,
    0.625,
    0.56640625,
    0.9765625,
    0.59375,
    0.73046875,
    0.59375,
    0.388671875,
    0.9296875,
    0.91015625,
    0.353515625,
    0.85546875,
    0.279296875,
    0.55078125,
    0.62890625,
    0.3359375,
    0.67578125,
    0.2490234375,
    0.58203125,
    0.6796875,
    0.40234375,
    0.875,
    0.8984375,
    0.828125,
    0.435546875,
    0.6796875,
    0.578125,
    0.59765625,
    0.4921875,
    0.609375,
    0.470703125,
    0.51953125,
    0.298828125,
    0.7265625,
    0.95703125,
    0.58203125,
    0.91015625
  ],
  "js_mean": 0.09538574516773224,
  "js_std": 0.03445084020495415,
  "js_per_prompt": [
    0.07568359375,
    0.1015625,
    0.057373046875,
    0.072265625,
    0.0556640625,
    0.1318359375,
    0.09716796875,
    0.0625,
    0.045166015625,
    0.060791015625,
    0.057373046875,
    0.09619140625,
    0.0927734375,
    0.0634765625,
    0.072265625,
    0.056884765625,
    0.1279296875,
    0.0625,
    0.111328125,
    0.06396484375,
    0.056640625,
    0.1435546875,
    0.1611328125,
    0.05810546875,
    0.150390625,
    0.040283203125,
    0.09814453125,
    0.10693359375,
    0.06640625,
    0.10888671875,
    0.040283203125,
    0.08984375,
    0.12890625,
    0.08544921875,
    0.142578125,
    0.126953125,
    0.1435546875,
    0.08154296875,
    0.12060546875,
    0.1083984375,
    0.1123046875,
    0.09423828125,
    0.11376953125,
    0.09521484375,
    0.10400390625,
    0.05810546875,
    0.140625,
    0.162109375,
    0.1083984375,
    0.1572265625
  ],
  "tv_mean": 0.25371092557907104,
  "tv_std": 0.07386414706707001,
  "tv_per_prompt": [
    0.2216796875,
    0.27734375,
    0.1630859375,
    0.208984375,
    0.171875,
    0.330078125,
    0.2578125,
    0.1884765625,
    0.119140625,
    0.181640625,
    0.16015625,
    0.2421875,
    0.236328125,
    0.1806640625,
    0.2197265625,
    0.171875,
    0.330078125,
    0.162109375,
    0.291015625,
    0.1923828125,
    0.169921875,
    0.3515625,
    0.39453125,
    0.18359375,
    0.36328125,
    0.1376953125,
    0.27734375,
    0.28125,
    0.193359375,
    0.271484375,
    0.1337890625,
    0.2333984375,
    0.345703125,
    0.2314453125,
    0.328125,
    0.3203125,
    0.369140625,
    0.2216796875,
    0.318359375,
    0.287109375,
    0.310546875,
    0.26171875,
    0.302734375,
    0.265625,
    0.28125,
    0.1767578125,
    0.353515625,
    0.36328125,
    0.283203125,
    0.3671875
  ],
  "target_model": "Qwen/Qwen2.5-7B-Instruct",
  "draft_model": "Qwen/Qwen2.5-0.5B-Instruct",
  "adapter_path": "results/exp6/tv_lam_0.01/final",
  "domain": "code",
  "divergence_types": [
    "kl",
    "js",
    "tv"
  ],
  "max_seq_len": 512,
  "seed": 42
}