{
  "alpha": 0.35592515592515594,
  "alpha_std": 0.12288432568311691,
  "mean_accepted_length": 1.7796257796257797,
  "per_position_alpha": [
    0.5367290367290367,
    0.7740477727566172,
    0.7931609674728941,
    0.8222923238696109,
    0.8375959079283888
  ],
  "per_prompt_alpha": [
    0.32666666666666666,
    0.37142857142857144,
    0.35333333333333333,
    0.33114754098360655,
    0.36140350877192984,
    0.25135135135135134,
    0.33666666666666667,
    0.39622641509433965,
    0.23783783783783785,
    0.6,
    0.309375,
    0.33666666666666667,
    0.3684210526315789,
    0.605,
    0.5348837209302325,
    0.4583333333333333,
    0.37142857142857144,
    0.24533333333333332,
    0.35789473684210527,
    0.36140350877192984,
    0.26956521739130435,
    0.23157894736842105,
    0.27714285714285714,
    0.4808510638297872,
    0.224,
    0.23243243243243245,
    0.3890909090909091,
    0.432,
    0.43137254901960786,
    0.36428571428571427,
    0.631578947368421,
    0.309375,
    0.28484848484848485,
    0.2787878787878788,
    0.5302325581395348,
    0.33220338983050846,
    0.2676056338028169,
    0.5476190476190477,
    0.5441860465116279,
    0.27761194029850744,
    0.5609756097560976,
    0.36428571428571427,
    0.24864864864864866,
    0.432,
    0.32459016393442625,
    0.32666666666666666,
    0.8,
    0.3678571428571429,
    0.3142857142857143,
    0.33
  ],
  "num_prompts": 50,
  "total_tokens_generated": 6473,
  "draft_k": 5,
  "max_new_tokens": 128,
  "target_model": "Qwen/Qwen2.5-7B-Instruct",
  "draft_model": "Qwen/Qwen2.5-0.5B-Instruct",
  "adapter_path": "results/exp4/medical_lam_0.1/final",
  "domain": "medical",
  "seed": 42
}