{
  "num_prompts": 50,
  "avg_seq_len": 52.88,
  "kl_mean": 0.6631249785423279,
  "kl_std": 0.19289973378181458,
  "kl_per_prompt": [
    0.5234375,
    0.57421875,
    0.58984375,
    0.578125,
    0.59765625,
    1.1171875,
    0.72265625,
    0.5078125,
    0.703125,
    0.68359375,
    0.49609375,
    0.81640625,
    0.76953125,
    0.76953125,
    0.84375,
    0.5234375,
    0.66796875,
    0.9375,
    0.51953125,
    0.8828125,
    0.458984375,
    0.80859375,
    0.462890625,
    0.55078125,
    0.388671875,
    0.51953125,
    0.57421875,
    0.64453125,
    0.51953125,
    0.61328125,
    1.3203125,
    0.66796875,
    0.609375,
    0.69140625,
    0.51171875,
    0.8203125,
    0.5546875,
    0.95703125,
    1.21875,
    0.54296875,
    0.5078125,
    0.61328125,
    0.61328125,
    0.416015625,
    0.61328125,
    0.546875,
    0.71484375,
    0.5546875,
    0.609375,
    0.70703125
  ],
  "js_mean": 0.10938476771116257,
  "js_std": 0.02666819840669632,
  "js_per_prompt": [
    0.076171875,
    0.08349609375,
    0.0986328125,
    0.111328125,
    0.07080078125,
    0.1767578125,
    0.07568359375,
    0.068359375,
    0.1123046875,
    0.0830078125,
    0.0947265625,
    0.10498046875,
    0.123046875,
    0.12353515625,
    0.1220703125,
    0.0859375,
    0.07861328125,
    0.1533203125,
    0.0888671875,
    0.11767578125,
    0.08544921875,
    0.1484375,
    0.0927734375,
    0.1044921875,
    0.0751953125,
    0.08544921875,
    0.1025390625,
    0.111328125,
    0.09423828125,
    0.11328125,
    0.1787109375,
    0.125,
    0.10546875,
    0.11669921875,
    0.10302734375,
    0.13671875,
    0.099609375,
    0.1513671875,
    0.1826171875,
    0.10205078125,
    0.099609375,
    0.11767578125,
    0.11474609375,
    0.087890625,
    0.123046875,
    0.1044921875,
    0.1142578125,
    0.10791015625,
    0.11279296875,
    0.123046875
  ],
  "tv_mean": 0.2898632884025574,
  "tv_std": 0.05199050158262253,
  "tv_per_prompt": [
    0.21484375,
    0.2353515625,
    0.2890625,
    0.318359375,
    0.208984375,
    0.42578125,
    0.2119140625,
    0.1787109375,
    0.32421875,
    0.228515625,
    0.2578125,
    0.265625,
    0.314453125,
    0.31640625,
    0.322265625,
    0.248046875,
    0.2236328125,
    0.3515625,
    0.263671875,
    0.30078125,
    0.25,
    0.3671875,
    0.279296875,
    0.291015625,
    0.2373046875,
    0.2451171875,
    0.3046875,
    0.3125,
    0.2216796875,
    0.30078125,
    0.3984375,
    0.3203125,
    0.302734375,
    0.29296875,
    0.283203125,
    0.33984375,
    0.25390625,
    0.369140625,
    0.416015625,
    0.279296875,
    0.279296875,
    0.310546875,
    0.29296875,
    0.25390625,
    0.314453125,
    0.29296875,
    0.283203125,
    0.298828125,
    0.29296875,
    0.30859375
  ],
  "target_model": "Qwen/Qwen2.5-7B-Instruct",
  "draft_model": "Qwen/Qwen2.5-0.5B-Instruct",
  "adapter_path": "results/exp4/medical_lam_0.1/final",
  "domain": "medical",
  "divergence_types": [
    "kl",
    "js",
    "tv"
  ],
  "max_seq_len": 512,
  "seed": 42
}