{
  "alpha": 0.39519158527422993,
  "alpha_std": 0.09949279576539993,
  "mean_accepted_length": 1.9759579263711495,
  "per_position_alpha": [
    0.5454545454545454,
    0.8250688705234159,
    0.83889816360601,
    0.8537313432835821,
    0.8706293706293706
  ],
  "per_prompt_alpha": [
    0.3,
    0.3389830508474576,
    0.448,
    0.5227272727272727,
    0.595,
    0.2563380281690141,
    0.35789473684210527,
    0.4115384615384615,
    0.44166666666666665,
    0.5560975609756098,
    0.4326530612244898,
    0.37777777777777777,
    0.31475409836065577,
    0.36140350877192984,
    0.5571428571428572,
    0.4530612244897959,
    0.6324324324324324,
    0.3377049180327869,
    0.34576271186440677,
    0.5348837209302325,
    0.3851851851851852,
    0.37857142857142856,
    0.4037735849056604,
    0.4,
    0.37142857142857144,
    0.4153846153846154,
    0.4489795918367347,
    0.2542857142857143,
    0.36363636363636365,
    0.36363636363636365,
    0.30625,
    0.4076923076923077,
    0.3047619047619048,
    0.33559322033898303,
    0.3473684210526316,
    0.232,
    0.4583333333333333,
    0.432,
    0.4117647058823529,
    0.424,
    0.5897435897435898,
    0.5285714285714286,
    0.3925925925925926,
    0.6777777777777778,
    0.5348837209302325,
    0.4583333333333333,
    0.32459016393442625,
    0.3413793103448276,
    0.3433333333333333,
    0.32131147540983607
  ],
  "num_prompts": 50,
  "total_tokens_generated": 6470,
  "draft_k": 5,
  "max_new_tokens": 128,
  "target_model": "meta-llama/Llama-3.1-8B-Instruct",
  "draft_model": "meta-llama/Llama-3.2-1B-Instruct",
  "adapter_path": "results/exp4_llama/medical_lam_0.01/final",
  "domain": "medical",
  "seed": 42
}