{
  "num_prompts": 50,
  "avg_seq_len": 53.24,
  "kl_mean": 0.8707031011581421,
  "kl_std": 0.2160632610321045,
  "kl_per_prompt": [
    0.6640625,
    0.9921875,
    1.140625,
    1.0625,
    0.85546875,
    1.25,
    0.95703125,
    0.734375,
    1.328125,
    0.8046875,
    1.078125,
    0.8046875,
    0.95703125,
    1.4609375,
    1.015625,
    0.93359375,
    0.828125,
    1.21875,
    0.94921875,
    1.1171875,
    0.6484375,
    0.82421875,
    0.82421875,
    0.6328125,
    0.85546875,
    0.7578125,
    0.8359375,
    0.97265625,
    0.62890625,
    0.7578125,
    1.3515625,
    0.8984375,
    0.84765625,
    0.7734375,
    0.73828125,
    1.0078125,
    0.73828125,
    1.0,
    1.0078125,
    0.64453125,
    0.6015625,
    0.6796875,
    0.64453125,
    0.640625,
    0.546875,
    0.70703125,
    0.7265625,
    0.91796875,
    0.578125,
    0.59375
  ],
  "js_mean": 0.12804687023162842,
  "js_std": 0.023817766457796097,
  "js_per_prompt": [
    0.0947265625,
    0.12451171875,
    0.134765625,
    0.146484375,
    0.10986328125,
    0.1904296875,
    0.125,
    0.087890625,
    0.15234375,
    0.1123046875,
    0.1435546875,
    0.10205078125,
    0.11669921875,
    0.1884765625,
    0.140625,
    0.125,
    0.103515625,
    0.1640625,
    0.1484375,
    0.1494140625,
    0.1044921875,
    0.1318359375,
    0.12890625,
    0.10400390625,
    0.134765625,
    0.10888671875,
    0.12890625,
    0.1435546875,
    0.0859375,
    0.12109375,
    0.1748046875,
    0.1337890625,
    0.130859375,
    0.12255859375,
    0.11767578125,
    0.154296875,
    0.11962890625,
    0.150390625,
    0.1630859375,
    0.107421875,
    0.10791015625,
    0.1259765625,
    0.11376953125,
    0.115234375,
    0.0966796875,
    0.12109375,
    0.12451171875,
    0.1513671875,
    0.107421875,
    0.111328125
  ],
  "tv_mean": 0.31816405057907104,
  "tv_std": 0.04850258305668831,
  "tv_per_prompt": [
    0.23828125,
    0.291015625,
    0.328125,
    0.357421875,
    0.283203125,
    0.4453125,
    0.314453125,
    0.2197265625,
    0.349609375,
    0.279296875,
    0.3515625,
    0.2578125,
    0.29296875,
    0.412109375,
    0.3515625,
    0.302734375,
    0.28125,
    0.41015625,
    0.3671875,
    0.353515625,
    0.267578125,
    0.3359375,
    0.341796875,
    0.26953125,
    0.333984375,
    0.28515625,
    0.337890625,
    0.361328125,
    0.2197265625,
    0.306640625,
    0.37890625,
    0.33984375,
    0.33984375,
    0.298828125,
    0.298828125,
    0.3671875,
    0.27734375,
    0.369140625,
    0.39453125,
    0.28515625,
    0.294921875,
    0.322265625,
    0.302734375,
    0.29296875,
    0.255859375,
    0.302734375,
    0.306640625,
    0.361328125,
    0.279296875,
    0.29296875
  ],
  "target_model": "meta-llama/Llama-3.1-8B-Instruct",
  "draft_model": "meta-llama/Llama-3.2-1B-Instruct",
  "adapter_path": "results/exp4_llama/medical_lam_0.01/final",
  "domain": "medical",
  "divergence_types": [
    "kl",
    "js",
    "tv"
  ],
  "max_seq_len": 512,
  "seed": 42
}