{
  "alpha": 0.3340446815605202,
  "alpha_std": 0.09786660224199295,
  "mean_accepted_length": 1.6702234078026008,
  "per_position_alpha": [
    0.511837279093031,
    0.7583061889250814,
    0.8032646048109966,
    0.8128342245989305,
    0.8092105263157895
  ],
  "per_prompt_alpha": [
    0.27761194029850744,
    0.31076923076923074,
    0.5571428571428572,
    0.2984126984126984,
    0.3482758620689655,
    0.3142857142857143,
    0.33666666666666667,
    0.3180327868852459,
    0.24324324324324326,
    0.36551724137931035,
    0.3161290322580645,
    0.3888888888888889,
    0.3684210526315789,
    0.428,
    0.6702702702702703,
    0.4583333333333333,
    0.37142857142857144,
    0.17906976744186046,
    0.2955223880597015,
    0.30793650793650795,
    0.2388888888888889,
    0.2571428571428571,
    0.20512820512820512,
    0.4808510638297872,
    0.38545454545454544,
    0.23243243243243245,
    0.3890909090909091,
    0.296875,
    0.3709090909090909,
    0.36428571428571427,
    0.4196078431372549,
    0.24444444444444444,
    0.2714285714285714,
    0.26285714285714284,
    0.5302325581395348,
    0.33220338983050846,
    0.3333333333333333,
    0.5476190476190477,
    0.2328767123287671,
    0.309375,
    0.4392156862745098,
    0.35714285714285715,
    0.3344262295081967,
    0.432,
    0.26857142857142857,
    0.33559322033898303,
    0.4956521739130435,
    0.35172413793103446,
    0.33559322033898303,
    0.27647058823529413
  ],
  "num_prompts": 50,
  "total_tokens_generated": 6473,
  "draft_k": 5,
  "max_new_tokens": 128,
  "target_model": "Qwen/Qwen2.5-7B-Instruct",
  "draft_model": "Qwen/Qwen2.5-0.5B-Instruct",
  "adapter_path": "results/exp4/medical_lam_0.01/final",
  "domain": "medical",
  "seed": 42
}