{
  "num_prompts": 50,
  "avg_seq_len": 52.88,
  "kl_mean": 0.7217578291893005,
  "kl_std": 0.2053435742855072,
  "kl_per_prompt": [
    0.5625,
    0.59375,
    0.671875,
    0.64453125,
    0.76171875,
    1.1953125,
    0.828125,
    0.53515625,
    0.8046875,
    0.7890625,
    0.5546875,
    0.96484375,
    0.796875,
    0.875,
    0.96484375,
    0.59765625,
    0.8046875,
    0.9765625,
    0.5859375,
    1.0,
    0.494140625,
    0.84765625,
    0.494140625,
    0.58984375,
    0.408203125,
    0.55078125,
    0.62109375,
    0.70703125,
    0.55078125,
    0.65234375,
    1.390625,
    0.70703125,
    0.6640625,
    0.72265625,
    0.546875,
    0.88671875,
    0.60546875,
    1.0078125,
    1.2578125,
    0.59375,
    0.546875,
    0.65625,
    0.6484375,
    0.4453125,
    0.6484375,
    0.60546875,
    0.74609375,
    0.6015625,
    0.640625,
    0.7421875
  ],
  "js_mean": 0.11527343839406967,
  "js_std": 0.02706434391438961,
  "js_per_prompt": [
    0.08056640625,
    0.087890625,
    0.10888671875,
    0.1171875,
    0.07958984375,
    0.1845703125,
    0.080078125,
    0.0703125,
    0.12451171875,
    0.09033203125,
    0.09912109375,
    0.11328125,
    0.12890625,
    0.1328125,
    0.1318359375,
    0.091796875,
    0.0859375,
    0.1591796875,
    0.09619140625,
    0.1279296875,
    0.08935546875,
    0.154296875,
    0.09814453125,
    0.1103515625,
    0.0791015625,
    0.08740234375,
    0.107421875,
    0.11865234375,
    0.09765625,
    0.11865234375,
    0.1845703125,
    0.1279296875,
    0.11279296875,
    0.11962890625,
    0.10888671875,
    0.142578125,
    0.10546875,
    0.1572265625,
    0.1875,
    0.1083984375,
    0.10546875,
    0.123046875,
    0.11962890625,
    0.09130859375,
    0.1279296875,
    0.1123046875,
    0.11767578125,
    0.11474609375,
    0.11767578125,
    0.126953125
  ],
  "tv_mean": 0.29906249046325684,
  "tv_std": 0.05234525352716446,
  "tv_per_prompt": [
    0.22265625,
    0.244140625,
    0.306640625,
    0.326171875,
    0.224609375,
    0.435546875,
    0.220703125,
    0.1806640625,
    0.34375,
    0.2421875,
    0.267578125,
    0.279296875,
    0.32421875,
    0.33203125,
    0.33984375,
    0.259765625,
    0.236328125,
    0.359375,
    0.275390625,
    0.314453125,
    0.2578125,
    0.373046875,
    0.28515625,
    0.298828125,
    0.244140625,
    0.25,
    0.310546875,
    0.32421875,
    0.2255859375,
    0.310546875,
    0.40625,
    0.32421875,
    0.314453125,
    0.296875,
    0.29296875,
    0.349609375,
    0.26171875,
    0.37890625,
    0.423828125,
    0.2890625,
    0.2890625,
    0.318359375,
    0.298828125,
    0.259765625,
    0.3203125,
    0.3046875,
    0.2890625,
    0.306640625,
    0.298828125,
    0.314453125
  ],
  "target_model": "Qwen/Qwen2.5-7B-Instruct",
  "draft_model": "Qwen/Qwen2.5-0.5B-Instruct",
  "adapter_path": "results/exp4/medical_lam_0.01/final",
  "domain": "medical",
  "divergence_types": [
    "kl",
    "js",
    "tv"
  ],
  "max_seq_len": 512,
  "seed": 42
}