{
  "alpha": 0.38031953522149603,
  "alpha_std": 0.12692680954933167,
  "mean_accepted_length": 1.90159767610748,
  "per_position_alpha": [
    0.5450254175744372,
    0.8081279147235176,
    0.8169826875515251,
    0.8314833501513622,
    0.8592233009708737
  ],
  "per_prompt_alpha": [
    0.4489795918367347,
    0.375,
    0.4075471698113208,
    0.4230769230769231,
    0.47391304347826085,
    0.26285714285714284,
    0.432,
    0.3193548387096774,
    0.5476190476190477,
    0.2410958904109589,
    0.290625,
    0.40384615384615385,
    0.4489795918367347,
    0.4851063829787234,
    0.448,
    0.3649122807017544,
    0.4153846153846154,
    0.36428571428571427,
    0.33666666666666667,
    0.3684210526315789,
    0.6888888888888889,
    0.48695652173913045,
    0.2465753424657534,
    0.4765957446808511,
    0.3678571428571429,
    0.3781818181818182,
    0.432,
    0.8896551724137931,
    0.21558441558441557,
    0.27058823529411763,
    0.4153846153846154,
    0.2716417910447761,
    0.3032258064516129,
    0.326984126984127,
    0.436,
    0.3,
    0.4235294117647059,
    0.32063492063492066,
    0.2909090909090909,
    0.432,
    0.2714285714285714,
    0.6914285714285714,
    0.3684210526315789,
    0.2865671641791045,
    0.3448275862068966,
    0.5428571428571428,
    0.34576271186440677,
    0.5181818181818182,
    0.6,
    0.33666666666666667
  ],
  "num_prompts": 50,
  "total_tokens_generated": 6490,
  "draft_k": 5,
  "max_new_tokens": 128,
  "target_model": "meta-llama/Llama-3.1-8B-Instruct",
  "draft_model": "meta-llama/Llama-3.2-1B-Instruct",
  "adapter_path": "results/exp8_joint_chat_r8_lr5e-4/final/target_adapter",
  "draft_adapter_path": "results/exp8_joint_chat_r8_lr5e-4/final/draft_adapter",
  "domain": "medical",
  "seed": 42
}