{
  "alpha": 0.4032416132679985,
  "alpha_std": 0.1683933436870575,
  "mean_accepted_length": 2.0162080663399924,
  "per_position_alpha": [
    0.5714285714285714,
    0.808047493403694,
    0.833469387755102,
    0.8393731635651323,
    0.851808634772462
  ],
  "per_prompt_alpha": [
    0.32903225806451614,
    0.31076923076923074,
    0.23513513513513515,
    0.8333333333333334,
    0.38181818181818183,
    0.3047619047619048,
    0.5707317073170731,
    0.4392156862745098,
    0.30793650793650795,
    0.22894736842105262,
    0.28484848484848485,
    0.36271186440677966,
    0.44,
    0.2714285714285714,
    0.2909090909090909,
    0.7393939393939394,
    0.28923076923076924,
    0.296875,
    0.8758620689655172,
    0.2787878787878788,
    0.2953846153846154,
    0.41923076923076924,
    0.4851063829787234,
    0.4235294117647059,
    0.6153846153846154,
    0.4235294117647059,
    0.3781818181818182,
    0.58,
    0.4808510638297872,
    0.7176470588235294,
    0.6378378378378379,
    0.3142857142857143,
    0.2953846153846154,
    0.4235294117647059,
    0.34915254237288135,
    0.3620689655172414,
    0.5804878048780487,
    0.49777777777777776,
    0.4723404255319149,
    0.5395348837209303,
    0.43529411764705883,
    0.375,
    0.84,
    0.29846153846153844,
    0.3333333333333333,
    0.4269230769230769,
    0.4956521739130435,
    0.22857142857142856,
    0.5022222222222222,
    0.7636363636363637
  ],
  "num_prompts": 50,
  "total_tokens_generated": 6486,
  "draft_k": 5,
  "max_new_tokens": 128,
  "target_model": "meta-llama/Llama-3.1-8B-Instruct",
  "draft_model": "meta-llama/Llama-3.2-1B-Instruct",
  "adapter_path": "results/exp8_joint_chat_r8_lr5e-4/final/target_adapter",
  "draft_adapter_path": "results/exp8_joint_chat_r8_lr5e-4/final/draft_adapter",
  "domain": "mixed",
  "seed": 42
}