{
  "alpha": 0.5792182088075211,
  "alpha_std": 0.1502094864845276,
  "mean_accepted_length": 2.8960910440376053,
  "per_position_alpha": [
    0.6922315685304304,
    0.9127948534667619,
    0.898981989036805,
    0.921602787456446,
    0.9177693761814745
  ],
  "per_prompt_alpha": [
    0.5318181818181819,
    0.7454545454545455,
    0.82,
    0.8064516129032258,
    0.6914285714285714,
    0.5155555555555555,
    0.654054054054054,
    0.78125,
    0.7176470588235294,
    0.5658536585365853,
    0.76875,
    0.7028571428571428,
    0.575,
    0.6611111111111111,
    0.7176470588235294,
    0.84,
    0.6,
    0.7235294117647059,
    0.4765957446808511,
    0.6648648648648648,
    0.509090909090909,
    0.8129032258064516,
    0.49333333333333335,
    0.8928571428571429,
    0.5255813953488372,
    0.8827586206896552,
    0.5658536585365853,
    0.6888888888888889,
    0.29375,
    0.4723404255319149,
    0.6051282051282051,
    0.9357142857142857,
    0.5318181818181819,
    0.5948717948717949,
    0.49777777777777776,
    0.4,
    0.595,
    0.585,
    0.585,
    0.4723404255319149,
    0.58,
    0.4,
    0.68,
    0.5523809523809524,
    0.6256410256410256,
    0.45,
    0.3482758620689655,
    0.4076923076923077,
    0.39622641509433965,
    0.452
  ],
  "num_prompts": 50,
  "total_tokens_generated": 6475,
  "draft_k": 5,
  "max_new_tokens": 128,
  "target_model": "meta-llama/Llama-3.1-8B-Instruct",
  "draft_model": "meta-llama/Llama-3.2-1B-Instruct",
  "adapter_path": "results/exp8_joint_chat_r8_lr5e-4/final/target_adapter",
  "draft_adapter_path": "results/exp8_joint_chat_r8_lr5e-4/final/draft_adapter",
  "domain": "code",
  "seed": 42
}