{
  "alpha": 0.379080709373869,
  "alpha_std": 0.111576609313488,
  "mean_accepted_length": 1.8954035468693449,
  "per_position_alpha": [
    0.5526601520086862,
    0.8074656188605108,
    0.797242497972425,
    0.8219735503560529,
    0.849009900990099
  ],
  "per_prompt_alpha": [
    0.37543859649122807,
    0.26571428571428574,
    0.34576271186440677,
    0.27058823529411763,
    0.5155555555555555,
    0.3525423728813559,
    0.32131147540983607,
    0.36140350877192984,
    0.4117647058823529,
    0.3047619047619048,
    0.4307692307692308,
    0.5658536585365853,
    0.49777777777777776,
    0.2865671641791045,
    0.3111111111111111,
    0.36140350877192984,
    0.3161290322580645,
    0.4583333333333333,
    0.3423728813559322,
    0.3525423728813559,
    0.7176470588235294,
    0.33225806451612905,
    0.3180327868852459,
    0.4765957446808511,
    0.31290322580645163,
    0.27714285714285714,
    0.4553191489361702,
    0.35517241379310344,
    0.585,
    0.4392156862745098,
    0.6368421052631579,
    0.41923076923076924,
    0.35517241379310344,
    0.3925925925925926,
    0.28484848484848485,
    0.33666666666666667,
    0.46382978723404256,
    0.36140350877192984,
    0.27058823529411763,
    0.30625,
    0.5658536585365853,
    0.3225806451612903,
    0.5395348837209303,
    0.4,
    0.5209302325581395,
    0.6611111111111111,
    0.26285714285714284,
    0.32459016393442625,
    0.2923076923076923,
    0.4530612244897959
  ],
  "num_prompts": 50,
  "total_tokens_generated": 6473,
  "draft_k": 5,
  "max_new_tokens": 128,
  "target_model": "meta-llama/Llama-3.1-8B-Instruct",
  "draft_model": "meta-llama/Llama-3.2-1B-Instruct",
  "adapter_path": "results/exp8_joint_chat_r8_lr5e-4/final/target_adapter",
  "draft_adapter_path": "results/exp8_joint_chat_r8_lr5e-4/final/draft_adapter",
  "domain": "chat",
  "seed": 42
}