{
  "num_prompts": 50,
  "avg_seq_len": 45.78,
  "kl_mean": 0.36097657680511475,
  "kl_std": 0.07340709120035172,
  "kl_per_prompt": [
    0.337890625,
    0.390625,
    0.38671875,
    0.30859375,
    0.302734375,
    0.427734375,
    0.30078125,
    0.37890625,
    0.40234375,
    0.34765625,
    0.408203125,
    0.353515625,
    0.251953125,
    0.404296875,
    0.34765625,
    0.287109375,
    0.4609375,
    0.2197265625,
    0.46484375,
    0.34375,
    0.427734375,
    0.466796875,
    0.37890625,
    0.3984375,
    0.490234375,
    0.302734375,
    0.27734375,
    0.2353515625,
    0.265625,
    0.392578125,
    0.2890625,
    0.5859375,
    0.3046875,
    0.33203125,
    0.294921875,
    0.3984375,
    0.330078125,
    0.275390625,
    0.37890625,
    0.3125,
    0.396484375,
    0.419921875,
    0.404296875,
    0.39453125,
    0.5,
    0.3515625,
    0.275390625,
    0.333984375,
    0.373046875,
    0.3359375
  ],
  "js_mean": 0.07463379204273224,
  "js_std": 0.012361826375126839,
  "js_per_prompt": [
    0.0732421875,
    0.07275390625,
    0.0791015625,
    0.06640625,
    0.06103515625,
    0.0810546875,
    0.0654296875,
    0.07861328125,
    0.0859375,
    0.076171875,
    0.095703125,
    0.06884765625,
    0.0556640625,
    0.087890625,
    0.0654296875,
    0.06689453125,
    0.08251953125,
    0.045654296875,
    0.0869140625,
    0.0703125,
    0.09814453125,
    0.08544921875,
    0.07373046875,
    0.091796875,
    0.09716796875,
    0.06396484375,
    0.06201171875,
    0.05078125,
    0.057861328125,
    0.080078125,
    0.0634765625,
    0.10009765625,
    0.064453125,
    0.0771484375,
    0.06982421875,
    0.072265625,
    0.07763671875,
    0.05908203125,
    0.0732421875,
    0.068359375,
    0.08837890625,
    0.0830078125,
    0.08056640625,
    0.083984375,
    0.09130859375,
    0.06982421875,
    0.060791015625,
    0.07275390625,
    0.0751953125,
    0.07373046875
  ],
  "tv_mean": 0.25,
  "tv_std": 0.026709310710430145,
  "tv_per_prompt": [
    0.2314453125,
    0.2470703125,
    0.25,
    0.2373046875,
    0.21484375,
    0.265625,
    0.24609375,
    0.271484375,
    0.267578125,
    0.263671875,
    0.26953125,
    0.244140625,
    0.212890625,
    0.28125,
    0.2353515625,
    0.236328125,
    0.279296875,
    0.1806640625,
    0.275390625,
    0.25390625,
    0.30859375,
    0.2578125,
    0.2431640625,
    0.3046875,
    0.29296875,
    0.2314453125,
    0.2236328125,
    0.2021484375,
    0.216796875,
    0.265625,
    0.228515625,
    0.28125,
    0.224609375,
    0.25390625,
    0.251953125,
    0.25,
    0.26953125,
    0.2138671875,
    0.2275390625,
    0.2275390625,
    0.29296875,
    0.263671875,
    0.259765625,
    0.28515625,
    0.251953125,
    0.240234375,
    0.2216796875,
    0.259765625,
    0.2333984375,
    0.251953125
  ],
  "target_model": "meta-llama/Llama-3.1-8B-Instruct",
  "draft_model": "meta-llama/Llama-3.2-1B-Instruct",
  "adapter_path": "results/exp8_joint_chat_r8_lr5e-4/final/target_adapter",
  "draft_adapter_path": "results/exp8_joint_chat_r8_lr5e-4/final/draft_adapter",
  "domain": "chat",
  "divergence_types": [
    "kl",
    "js",
    "tv"
  ],
  "max_seq_len": 512,
  "seed": 42
}