{
  "num_prompts": 50,
  "avg_seq_len": 88.72,
  "kl_mean": 0.3191601634025574,
  "kl_std": 0.1261201947927475,
  "kl_per_prompt": [
    0.1728515625,
    0.2021484375,
    0.2412109375,
    0.267578125,
    0.326171875,
    0.404296875,
    0.228515625,
    0.2275390625,
    0.080078125,
    0.1328125,
    0.126953125,
    0.28125,
    0.2734375,
    0.416015625,
    0.12890625,
    0.1591796875,
    0.337890625,
    0.24609375,
    0.26171875,
    0.251953125,
    0.33203125,
    0.298828125,
    0.439453125,
    0.236328125,
    0.60546875,
    0.271484375,
    0.310546875,
    0.265625,
    0.2392578125,
    0.392578125,
    0.185546875,
    0.255859375,
    0.482421875,
    0.2451171875,
    0.47265625,
    0.337890625,
    0.51171875,
    0.216796875,
    0.39453125,
    0.421875,
    0.373046875,
    0.318359375,
    0.41015625,
    0.42578125,
    0.408203125,
    0.26171875,
    0.4453125,
    0.5703125,
    0.41015625,
    0.65234375
  ],
  "js_mean": 0.0668652355670929,
  "js_std": 0.024446358904242516,
  "js_per_prompt": [
    0.038330078125,
    0.045654296875,
    0.052490234375,
    0.048095703125,
    0.06201171875,
    0.07470703125,
    0.046875,
    0.04248046875,
    0.018310546875,
    0.028564453125,
    0.02978515625,
    0.060791015625,
    0.0556640625,
    0.08740234375,
    0.03125,
    0.0380859375,
    0.08056640625,
    0.04296875,
    0.058837890625,
    0.047119140625,
    0.064453125,
    0.068359375,
    0.1015625,
    0.05419921875,
    0.11376953125,
    0.05419921875,
    0.0712890625,
    0.05859375,
    0.051513671875,
    0.08544921875,
    0.0419921875,
    0.05419921875,
    0.09716796875,
    0.0576171875,
    0.091796875,
    0.07421875,
    0.09521484375,
    0.0498046875,
    0.083984375,
    0.08984375,
    0.07958984375,
    0.07275390625,
    0.0859375,
    0.0908203125,
    0.0859375,
    0.05859375,
    0.09326171875,
    0.11474609375,
    0.08544921875,
    0.126953125
  ],
  "tv_mean": 0.20466797053813934,
  "tv_std": 0.0575639046728611,
  "tv_per_prompt": [
    0.1357421875,
    0.15625,
    0.16796875,
    0.1435546875,
    0.171875,
    0.251953125,
    0.1513671875,
    0.1669921875,
    0.08544921875,
    0.109375,
    0.11083984375,
    0.1826171875,
    0.1748046875,
    0.2392578125,
    0.1337890625,
    0.134765625,
    0.263671875,
    0.126953125,
    0.2177734375,
    0.162109375,
    0.185546875,
    0.2236328125,
    0.302734375,
    0.1708984375,
    0.291015625,
    0.17578125,
    0.2265625,
    0.1884765625,
    0.16796875,
    0.2314453125,
    0.1494140625,
    0.173828125,
    0.2890625,
    0.1806640625,
    0.2490234375,
    0.2333984375,
    0.27734375,
    0.173828125,
    0.2490234375,
    0.25,
    0.244140625,
    0.2216796875,
    0.259765625,
    0.26171875,
    0.251953125,
    0.18359375,
    0.26953125,
    0.298828125,
    0.2431640625,
    0.322265625
  ],
  "target_model": "meta-llama/Llama-3.1-8B-Instruct",
  "draft_model": "meta-llama/Llama-3.2-1B-Instruct",
  "adapter_path": "results/exp8_joint_chat_r8_lr5e-4/final/target_adapter",
  "draft_adapter_path": "results/exp8_joint_chat_r8_lr5e-4/final/draft_adapter",
  "domain": "code",
  "divergence_types": [
    "kl",
    "js",
    "tv"
  ],
  "max_seq_len": 512,
  "seed": 42
}