{
  "num_prompts": 50,
  "avg_seq_len": 53.24,
  "kl_mean": 0.44849610328674316,
  "kl_std": 0.1497882604598999,
  "kl_per_prompt": [
    0.271484375,
    0.302734375,
    0.326171875,
    0.49609375,
    0.279296875,
    0.8671875,
    0.388671875,
    0.1845703125,
    0.392578125,
    0.3515625,
    0.42578125,
    0.27734375,
    0.28125,
    0.5703125,
    0.5234375,
    0.333984375,
    0.302734375,
    0.81640625,
    0.478515625,
    0.32421875,
    0.404296875,
    0.419921875,
    0.482421875,
    0.412109375,
    0.396484375,
    0.3359375,
    0.421875,
    0.478515625,
    0.349609375,
    0.439453125,
    0.95703125,
    0.4375,
    0.51171875,
    0.435546875,
    0.3984375,
    0.640625,
    0.376953125,
    0.55078125,
    0.59765625,
    0.416015625,
    0.3828125,
    0.482421875,
    0.462890625,
    0.43359375,
    0.361328125,
    0.46484375,
    0.671875,
    0.640625,
    0.408203125,
    0.458984375
  ],
  "js_mean": 0.08800781518220901,
  "js_std": 0.024487009271979332,
  "js_per_prompt": [
    0.057373046875,
    0.06005859375,
    0.076171875,
    0.0927734375,
    0.0576171875,
    0.1728515625,
    0.076171875,
    0.037353515625,
    0.08056640625,
    0.07275390625,
    0.08544921875,
    0.05810546875,
    0.052978515625,
    0.1201171875,
    0.09619140625,
    0.0654296875,
    0.058837890625,
    0.130859375,
    0.10107421875,
    0.06640625,
    0.083984375,
    0.0859375,
    0.09130859375,
    0.08837890625,
    0.08642578125,
    0.0625,
    0.07958984375,
    0.10009765625,
    0.0625,
    0.091796875,
    0.1455078125,
    0.08935546875,
    0.10302734375,
    0.07958984375,
    0.083984375,
    0.11083984375,
    0.0771484375,
    0.1005859375,
    0.11181640625,
    0.0849609375,
    0.08056640625,
    0.1025390625,
    0.095703125,
    0.0888671875,
    0.07568359375,
    0.09326171875,
    0.12158203125,
    0.12109375,
    0.0888671875,
    0.09375
  ],
  "tv_mean": 0.25539061427116394,
  "tv_std": 0.04882662743330002,
  "tv_per_prompt": [
    0.193359375,
    0.197265625,
    0.2470703125,
    0.279296875,
    0.2021484375,
    0.412109375,
    0.2294921875,
    0.1318359375,
    0.25390625,
    0.2236328125,
    0.251953125,
    0.1953125,
    0.18359375,
    0.326171875,
    0.283203125,
    0.2021484375,
    0.2021484375,
    0.349609375,
    0.30078125,
    0.228515625,
    0.244140625,
    0.26171875,
    0.271484375,
    0.25390625,
    0.263671875,
    0.205078125,
    0.251953125,
    0.30078125,
    0.1875,
    0.265625,
    0.333984375,
    0.2734375,
    0.298828125,
    0.2294921875,
    0.2431640625,
    0.30078125,
    0.216796875,
    0.279296875,
    0.30859375,
    0.2431640625,
    0.24609375,
    0.28125,
    0.2578125,
    0.251953125,
    0.2236328125,
    0.267578125,
    0.294921875,
    0.310546875,
    0.2490234375,
    0.259765625
  ],
  "target_model": "meta-llama/Llama-3.1-8B-Instruct",
  "draft_model": "meta-llama/Llama-3.2-1B-Instruct",
  "adapter_path": "results/exp8_joint_chat_r8_lr5e-4/final/target_adapter",
  "draft_adapter_path": "results/exp8_joint_chat_r8_lr5e-4/final/draft_adapter",
  "domain": "medical",
  "divergence_types": [
    "kl",
    "js",
    "tv"
  ],
  "max_seq_len": 512,
  "seed": 42
}