{
  "num_prompts": 50,
  "avg_seq_len": 44.88,
  "kl_mean": 0.4208984375,
  "kl_std": 0.1106032207608223,
  "kl_per_prompt": [
    0.62109375,
    0.302734375,
    0.345703125,
    0.314453125,
    0.453125,
    0.375,
    0.328125,
    0.380859375,
    0.291015625,
    0.5859375,
    0.3125,
    0.330078125,
    0.578125,
    0.294921875,
    0.2890625,
    0.609375,
    0.45703125,
    0.3828125,
    0.396484375,
    0.26953125,
    0.255859375,
    0.486328125,
    0.490234375,
    0.4453125,
    0.396484375,
    0.466796875,
    0.453125,
    0.31640625,
    0.38671875,
    0.7265625,
    0.455078125,
    0.50390625,
    0.50390625,
    0.455078125,
    0.330078125,
    0.443359375,
    0.306640625,
    0.4765625,
    0.40625,
    0.59375,
    0.37890625,
    0.33203125,
    0.3515625,
    0.318359375,
    0.39453125,
    0.38671875,
    0.33984375,
    0.6484375,
    0.51953125,
    0.55859375
  ],
  "js_mean": 0.08551757782697678,
  "js_std": 0.019487295299768448,
  "js_per_prompt": [
    0.115234375,
    0.0556640625,
    0.07275390625,
    0.06494140625,
    0.09765625,
    0.07373046875,
    0.0732421875,
    0.0810546875,
    0.0625,
    0.09716796875,
    0.06689453125,
    0.06396484375,
    0.125,
    0.06201171875,
    0.064453125,
    0.12890625,
    0.09765625,
    0.08203125,
    0.08251953125,
    0.060791015625,
    0.051025390625,
    0.1044921875,
    0.10546875,
    0.09326171875,
    0.0869140625,
    0.09423828125,
    0.09423828125,
    0.06689453125,
    0.07373046875,
    0.1298828125,
    0.0869140625,
    0.10693359375,
    0.09326171875,
    0.09765625,
    0.06640625,
    0.091796875,
    0.0654296875,
    0.10693359375,
    0.08740234375,
    0.10986328125,
    0.08251953125,
    0.06787109375,
    0.07373046875,
    0.07177734375,
    0.0791015625,
    0.0810546875,
    0.07177734375,
    0.11328125,
    0.10009765625,
    0.09375
  ],
  "tv_mean": 0.2588867247104645,
  "tv_std": 0.04232216626405716,
  "tv_per_prompt": [
    0.32421875,
    0.1982421875,
    0.24609375,
    0.201171875,
    0.283203125,
    0.248046875,
    0.2451171875,
    0.2421875,
    0.220703125,
    0.263671875,
    0.2216796875,
    0.2216796875,
    0.330078125,
    0.21484375,
    0.2197265625,
    0.353515625,
    0.267578125,
    0.267578125,
    0.2490234375,
    0.1865234375,
    0.1982421875,
    0.3125,
    0.3203125,
    0.26953125,
    0.263671875,
    0.2578125,
    0.28125,
    0.19921875,
    0.22265625,
    0.365234375,
    0.23046875,
    0.296875,
    0.291015625,
    0.279296875,
    0.228515625,
    0.29296875,
    0.2021484375,
    0.3203125,
    0.265625,
    0.2890625,
    0.25390625,
    0.23046875,
    0.2255859375,
    0.236328125,
    0.25,
    0.251953125,
    0.2333984375,
    0.310546875,
    0.291015625,
    0.26953125
  ],
  "target_model": "meta-llama/Llama-3.1-8B-Instruct",
  "draft_model": "meta-llama/Llama-3.2-1B-Instruct",
  "adapter_path": "results/exp8_joint_chat_r8_lr5e-4/final/target_adapter",
  "draft_adapter_path": "results/exp8_joint_chat_r8_lr5e-4/final/draft_adapter",
  "domain": "mixed",
  "divergence_types": [
    "kl",
    "js",
    "tv"
  ],
  "max_seq_len": 512,
  "seed": 42
}