{
  "alpha": 0.5953558808682483,
  "alpha_std": 0.1534649282693863,
  "mean_accepted_length": 2.976779404341242,
  "per_position_alpha": [
    0.7097425542655225,
    0.9054054054054054,
    0.9135899450117831,
    0.9174548581255374,
    0.9259606373008434
  ],
  "per_prompt_alpha": [
    0.8620689655172413,
    0.8,
    0.7294117647058823,
    0.7875,
    0.7636363636363637,
    0.5523809523809524,
    0.7294117647058823,
    0.9357142857142857,
    0.6722222222222223,
    0.6722222222222223,
    0.9285714285714286,
    0.59,
    0.6857142857142857,
    0.5756097560975609,
    0.711764705882353,
    0.86,
    0.7696969696969697,
    0.8064516129032258,
    0.4666666666666667,
    0.6263157894736842,
    0.475,
    0.7142857142857143,
    0.6256410256410256,
    0.7935483870967742,
    0.4723404255319149,
    0.7272727272727273,
    0.6105263157894737,
    0.78125,
    0.34,
    0.4708333333333333,
    0.8,
    0.7515151515151515,
    0.4595744680851064,
    0.585,
    0.4153846153846154,
    0.6,
    0.7235294117647059,
    0.5255813953488372,
    0.575,
    0.39622641509433965,
    0.585,
    0.3781818181818182,
    0.6,
    0.5022222222222222,
    0.45714285714285713,
    0.46808510638297873,
    0.5066666666666667,
    0.46808510638297873,
    0.4888888888888889,
    0.4075471698113208
  ],
  "num_prompts": 50,
  "total_tokens_generated": 6472,
  "draft_k": 5,
  "max_new_tokens": 128,
  "target_model": "meta-llama/Llama-3.1-8B-Instruct",
  "draft_model": "meta-llama/Llama-3.2-1B-Instruct",
  "adapter_path": null,
  "domain": "code",
  "seed": 42
}