{
  "alpha": 0.25171717171717173,
  "alpha_std": 0.08069764822721481,
  "mean_accepted_length": 1.2585858585858587,
  "per_position_alpha": [
    0.4380952380952381,
    0.696969696969697,
    0.7429111531190926,
    0.7010178117048346,
    0.8130671506352087
  ],
  "per_prompt_alpha": [
    0.1568627450980392,
    0.18072289156626506,
    0.20253164556962025,
    0.23835616438356164,
    0.2818181818181818,
    0.205,
    0.17674418604651163,
    0.26865671641791045,
    0.44583333333333336,
    0.2,
    0.22133333333333333,
    0.41132075471698115,
    0.34576271186440677,
    0.19759036144578312,
    0.19272727272727272,
    0.3,
    0.24722222222222223,
    0.23733333333333334,
    0.16304347826086957,
    0.21,
    0.26285714285714284,
    0.23013698630136986,
    0.14285714285714285,
    0.3288135593220339,
    0.1738095238095238,
    0.2125,
    0.22933333333333333,
    0.24788732394366197,
    0.263768115942029,
    0.2507042253521127,
    0.22972972972972974,
    0.3,
    0.1375,
    0.24166666666666667,
    0.2579710144927536,
    0.22666666666666666,
    0.30158730158730157,
    0.3525423728813559,
    0.2818181818181818,
    0.22077922077922077,
    0.4765957446808511,
    0.2571428571428571,
    0.3258064516129032,
    0.3607142857142857,
    0.19753086419753085,
    0.432,
    0.1925925925925926,
    0.3962962962962963,
    0.38571428571428573,
    0.2742857142857143
  ],
  "num_prompts": 50,
  "total_tokens_generated": 6308,
  "draft_k": 5,
  "max_new_tokens": 128,
  "target_model": "meta-llama/Llama-3.1-8B-Instruct",
  "draft_model": "meta-llama/Llama-3.2-1B-Instruct",
  "adapter_path": "results/exp1_llama/baseline_chat/final",
  "domain": "chat",
  "seed": 42
}