{
  "alpha": 0.33402545210984597,
  "alpha_std": 0.08920275419950485,
  "mean_accepted_length": 1.6701272605492297,
  "per_position_alpha": [
    0.5083724045545881,
    0.7720685111989459,
    0.8071672354948806,
    0.7906976744186046,
    0.8061497326203209
  ],
  "per_prompt_alpha": [
    0.3047619047619048,
    0.30158730158730157,
    0.4230769230769231,
    0.22133333333333333,
    0.3,
    0.44081632653061226,
    0.2909090909090909,
    0.2835820895522388,
    0.4076923076923077,
    0.5272727272727272,
    0.3423728813559322,
    0.5227272727272727,
    0.5658536585365853,
    0.3413793103448276,
    0.3678571428571429,
    0.3180327868852459,
    0.3821428571428571,
    0.3649122807017544,
    0.21298701298701297,
    0.24507042253521127,
    0.3161290322580645,
    0.3678571428571429,
    0.4326530612244898,
    0.2878787878787879,
    0.263768115942029,
    0.28059701492537314,
    0.3193548387096774,
    0.4196078431372549,
    0.23513513513513515,
    0.5348837209302325,
    0.33114754098360655,
    0.3888888888888889,
    0.23466666666666666,
    0.2608695652173913,
    0.3225806451612903,
    0.4765957446808511,
    0.3586206896551724,
    0.44166666666666665,
    0.33225806451612905,
    0.26666666666666666,
    0.30793650793650795,
    0.3678571428571429,
    0.3193548387096774,
    0.2746268656716418,
    0.5181818181818182,
    0.29375,
    0.3032258064516129,
    0.2328767123287671,
    0.43673469387755104,
    0.28059701492537314
  ],
  "num_prompts": 50,
  "total_tokens_generated": 6455,
  "draft_k": 5,
  "max_new_tokens": 128,
  "target_model": "meta-llama/Llama-3.1-8B-Instruct",
  "draft_model": "meta-llama/Llama-3.2-1B-Instruct",
  "adapter_path": "results/exp1_llama/baseline_code/final",
  "domain": "chat",
  "seed": 42
}