{
  "alpha": 0.3788594260806393,
  "alpha_std": 0.14640900492668152,
  "mean_accepted_length": 1.8942971304031966,
  "per_position_alpha": [
    0.5434071921540138,
    0.8074866310160428,
    0.8170529801324503,
    0.8429584599797366,
    0.8317307692307693
  ],
  "per_prompt_alpha": [
    0.2746268656716418,
    0.30793650793650795,
    0.20506329113924052,
    0.6051282051282051,
    0.2984126984126984,
    0.3525423728813559,
    0.45714285714285713,
    0.3888888888888889,
    0.32459016393442625,
    0.3233333333333333,
    0.29411764705882354,
    0.2923076923076923,
    0.47391304347826085,
    0.31746031746031744,
    0.3607142857142857,
    0.7058823529411765,
    0.34576271186440677,
    0.3161290322580645,
    0.7352941176470589,
    0.5348837209302325,
    0.2465753424657534,
    0.3888888888888889,
    0.21012658227848102,
    0.27761194029850744,
    0.585,
    0.35172413793103446,
    0.2753623188405797,
    0.6368421052631579,
    0.4723404255319149,
    0.6102564102564103,
    0.7393939393939394,
    0.29375,
    0.3225806451612903,
    0.4583333333333333,
    0.35789473684210527,
    0.28307692307692306,
    0.5428571428571428,
    0.27246376811594203,
    0.3586206896551724,
    0.7454545454545455,
    0.4037735849056604,
    0.2953846153846154,
    0.4553191489361702,
    0.46382978723404256,
    0.33666666666666667,
    0.605,
    0.3890909090909091,
    0.24166666666666667,
    0.5476190476190477,
    0.41509433962264153
  ],
  "num_prompts": 50,
  "total_tokens_generated": 6472,
  "draft_k": 5,
  "max_new_tokens": 128,
  "target_model": "meta-llama/Llama-3.1-8B-Instruct",
  "draft_model": "meta-llama/Llama-3.2-1B-Instruct",
  "adapter_path": "results/exp1_llama/baseline_code/final",
  "domain": "mixed",
  "seed": 42
}