{
  "alpha": 0.4208885424785659,
  "alpha_std": 0.17609015107154846,
  "mean_accepted_length": 2.1044427123928293,
  "per_position_alpha": [
    0.5752143413873734,
    0.8285907859078591,
    0.8438266557645135,
    0.8653100775193798,
    0.8689809630459127
  ],
  "per_prompt_alpha": [
    0.6157894736842106,
    0.424,
    0.2465753424657534,
    0.76875,
    0.4666666666666667,
    0.4,
    0.6666666666666666,
    0.5302325581395348,
    0.31746031746031744,
    0.28615384615384615,
    0.5441860465116279,
    0.33666666666666667,
    0.3849056603773585,
    0.41509433962264153,
    0.452,
    0.8466666666666667,
    0.2542857142857143,
    0.22597402597402597,
    0.8258064516129032,
    0.37454545454545457,
    0.3586206896551724,
    0.5348837209302325,
    0.37777777777777777,
    0.4153846153846154,
    0.46938775510204084,
    0.34,
    0.32786885245901637,
    0.5318181818181819,
    0.44081632653061226,
    0.6432432432432432,
    0.8896551724137931,
    0.30153846153846153,
    0.303125,
    0.49777777777777776,
    0.4037735849056604,
    0.296875,
    0.8827586206896552,
    0.32131147540983607,
    0.3142857142857143,
    0.48695652173913045,
    0.4851063829787234,
    0.23376623376623376,
    0.84,
    0.49333333333333335,
    0.3258064516129032,
    0.49777777777777776,
    0.39622641509433965,
    0.46808510638297873,
    0.5022222222222222,
    0.2878787878787879
  ],
  "num_prompts": 50,
  "total_tokens_generated": 6490,
  "draft_k": 5,
  "max_new_tokens": 128,
  "target_model": "meta-llama/Llama-3.1-8B-Instruct",
  "draft_model": "meta-llama/Llama-3.2-1B-Instruct",
  "adapter_path": null,
  "domain": "mixed",
  "seed": 42
}