{
  "alpha": 0.3746560463432295,
  "alpha_std": 0.1047532856464386,
  "mean_accepted_length": 1.8732802317161477,
  "per_position_alpha": [
    0.5278783490224475,
    0.8168724279835391,
    0.8194794290512175,
    0.8514344262295082,
    0.8640192539109507
  ],
  "per_prompt_alpha": [
    0.303125,
    0.28484848484848485,
    0.448,
    0.4326530612244898,
    0.4075471698113208,
    0.2542857142857143,
    0.36428571428571427,
    0.375,
    0.3254237288135593,
    0.5560975609756098,
    0.34915254237288135,
    0.3046153846153846,
    0.38181818181818183,
    0.35789473684210527,
    0.5571428571428572,
    0.4530612244897959,
    0.6324324324324324,
    0.31076923076923074,
    0.33559322033898303,
    0.5348837209302325,
    0.3081967213114754,
    0.2878787878787879,
    0.42745098039215684,
    0.4115384615384615,
    0.3925925925925926,
    0.4153846153846154,
    0.432,
    0.2923076923076923,
    0.167816091954023,
    0.3448275862068966,
    0.5560975609756098,
    0.4076923076923077,
    0.2676470588235294,
    0.3525423728813559,
    0.4954545454545455,
    0.24266666666666667,
    0.2984126984126984,
    0.37454545454545457,
    0.4117647058823529,
    0.40384615384615385,
    0.5846153846153846,
    0.3081967213114754,
    0.3890909090909091,
    0.6777777777777778,
    0.5348837209302325,
    0.42448979591836733,
    0.39622641509433965,
    0.375,
    0.4117647058823529,
    0.27647058823529413
  ],
  "num_prompts": 50,
  "total_tokens_generated": 6478,
  "draft_k": 5,
  "max_new_tokens": 128,
  "target_model": "meta-llama/Llama-3.1-8B-Instruct",
  "draft_model": "meta-llama/Llama-3.2-1B-Instruct",
  "adapter_path": "results/exp1_llama/baseline_medical/final",
  "domain": "medical",
  "seed": 42
}