{
  "alpha": 0.5976826196473551,
  "alpha_std": 0.14584720134735107,
  "mean_accepted_length": 2.988413098236776,
  "per_position_alpha": [
    0.7113350125944584,
    0.9050991501416431,
    0.9107981220657277,
    0.9252577319587629,
    0.9294336118848654
  ],
  "per_prompt_alpha": [
    0.8129032258064516,
    0.6157894736842106,
    0.7636363636363637,
    0.7352941176470589,
    0.7636363636363637,
    0.595,
    0.7142857142857143,
    0.8129032258064516,
    0.5756097560975609,
    0.6648648648648648,
    0.9285714285714286,
    0.8533333333333334,
    0.6210526315789474,
    0.6648648648648648,
    0.8266666666666667,
    0.7142857142857143,
    0.7575757575757576,
    0.7875,
    0.4723404255319149,
    0.58,
    0.5488372093023256,
    0.7142857142857143,
    0.6102564102564103,
    0.7235294117647059,
    0.6,
    0.76875,
    0.3927272727272727,
    0.76875,
    0.654054054054054,
    0.3719298245614035,
    0.84,
    0.7575757575757576,
    0.509090909090909,
    0.5348837209302325,
    0.4625,
    0.4708333333333333,
    0.7454545454545455,
    0.5348837209302325,
    0.5571428571428572,
    0.5488372093023256,
    0.5302325581395348,
    0.35789473684210527,
    0.6368421052631579,
    0.4765957446808511,
    0.6648648648648648,
    0.37777777777777777,
    0.48695652173913045,
    0.4153846153846154,
    0.5302325581395348,
    0.3925925925925926
  ],
  "num_prompts": 50,
  "total_tokens_generated": 6505,
  "draft_k": 5,
  "max_new_tokens": 128,
  "target_model": "meta-llama/Llama-3.1-8B-Instruct",
  "draft_model": "meta-llama/Llama-3.2-1B-Instruct",
  "adapter_path": "results/exp1_llama/baseline_medical/final",
  "domain": "code",
  "seed": 42
}