{
  "alpha": 0.3082539682539683,
  "alpha_std": 0.1064237430691719,
  "mean_accepted_length": 1.5412698412698413,
  "per_position_alpha": [
    0.48507936507936505,
    0.7585078534031413,
    0.7851596203623814,
    0.7637362637362637,
    0.8100719424460432
  ],
  "per_prompt_alpha": [
    0.34098360655737703,
    0.3607142857142857,
    0.49777777777777776,
    0.2,
    0.4489795918367347,
    0.20789473684210527,
    0.3888888888888889,
    0.2865671641791045,
    0.37454545454545457,
    0.3233333333333333,
    0.20253164556962025,
    0.3888888888888889,
    0.4625,
    0.33220338983050846,
    0.3508771929824561,
    0.3344262295081967,
    0.3125,
    0.3684210526315789,
    0.3719298245614035,
    0.43137254901960786,
    0.23013698630136986,
    0.3448275862068966,
    0.2953846153846154,
    0.35789473684210527,
    0.2077922077922078,
    0.2507042253521127,
    0.3225806451612903,
    0.6971428571428572,
    0.21842105263157896,
    0.58,
    0.30158730158730157,
    0.24594594594594596,
    0.2823529411764706,
    0.2714285714285714,
    0.41923076923076924,
    0.3781818181818182,
    0.22077922077922077,
    0.3886792452830189,
    0.2591549295774648,
    0.5045454545454545,
    0.3389830508474576,
    0.4230769230769231,
    0.2746268656716418,
    0.2619718309859155,
    0.2153846153846154,
    0.16551724137931034,
    0.29253731343283584,
    0.20243902439024392,
    0.17857142857142858,
    0.25205479452054796
  ],
  "num_prompts": 50,
  "total_tokens_generated": 6477,
  "draft_k": 5,
  "max_new_tokens": 128,
  "target_model": "meta-llama/Llama-3.1-8B-Instruct",
  "draft_model": "meta-llama/Llama-3.2-1B-Instruct",
  "adapter_path": "results/exp1_llama/baseline_chat/final",
  "domain": "medical",
  "seed": 42
}