{
  "alpha": 0.37167381974248925,
  "alpha_std": 0.08696310222148895,
  "mean_accepted_length": 1.8583690987124464,
  "per_position_alpha": [
    0.5407725321888412,
    0.8115079365079365,
    0.810920945395273,
    0.807035175879397,
    0.8206724782067247
  ],
  "per_prompt_alpha": [
    0.3689655172413793,
    0.4115384615384615,
    0.296969696969697,
    0.4808510638297872,
    0.444,
    0.3233333333333333,
    0.4765957446808511,
    0.33,
    0.37142857142857144,
    0.263768115942029,
    0.3814814814814815,
    0.35517241379310344,
    0.5897435897435898,
    0.33220338983050846,
    0.575,
    0.3466666666666667,
    0.4666666666666667,
    0.3111111111111111,
    0.3125,
    0.5523809523809524,
    0.4075471698113208,
    0.3258064516129032,
    0.3586206896551724,
    0.3448275862068966,
    0.26285714285714284,
    0.44081632653061226,
    0.3678571428571429,
    0.28059701492537314,
    0.5902439024390244,
    0.2753623188405797,
    0.4235294117647059,
    0.3781818181818182,
    0.24788732394366197,
    0.2704225352112676,
    0.38545454545454544,
    0.35517241379310344,
    0.41568627450980394,
    0.3925925925925926,
    0.428,
    0.5272727272727272,
    0.3890909090909091,
    0.3111111111111111,
    0.4826086956521739,
    0.3047619047619048,
    0.4117647058823529,
    0.416,
    0.444,
    0.3649122807017544,
    0.35714285714285715,
    0.26
  ],
  "num_prompts": 50,
  "total_tokens_generated": 6480,
  "draft_k": 5,
  "max_new_tokens": 128,
  "target_model": "meta-llama/Llama-3.1-8B-Instruct",
  "draft_model": "meta-llama/Llama-3.2-1B-Instruct",
  "adapter_path": "results/exp1_llama/baseline_code/final",
  "domain": "medical",
  "seed": 42
}