{
  "alpha": 0.5716242661448141,
  "alpha_std": 0.16118422150611877,
  "mean_accepted_length": 2.8581213307240705,
  "per_position_alpha": [
    0.6888454011741683,
    0.9055397727272727,
    0.9003921568627451,
    0.9172473867595818,
    0.9097815764482431
  ],
  "per_prompt_alpha": [
    0.5666666666666667,
    0.6914285714285714,
    0.8333333333333334,
    0.7875,
    0.631578947368421,
    0.5227272727272727,
    0.6833333333333333,
    0.8620689655172413,
    0.6833333333333333,
    0.6432432432432432,
    0.8758620689655172,
    0.8258064516129032,
    0.5948717948717949,
    0.59,
    0.6914285714285714,
    0.7085714285714285,
    0.5136363636363637,
    0.8129032258064516,
    0.5045454545454545,
    0.6368421052631579,
    0.4666666666666667,
    0.9,
    0.654054054054054,
    0.7875,
    0.5476190476190477,
    0.7028571428571428,
    0.68,
    0.78125,
    0.2542857142857143,
    0.595,
    0.48695652173913045,
    0.9629629629629629,
    0.5428571428571428,
    0.5395348837209303,
    0.49130434782608695,
    0.3781818181818182,
    0.6971428571428572,
    0.5523809523809524,
    0.6486486486486487,
    0.4765957446808511,
    0.49333333333333335,
    0.4076923076923077,
    0.5658536585365853,
    0.46530612244897956,
    0.6102564102564103,
    0.30793650793650795,
    0.3543859649122807,
    0.436,
    0.36727272727272725,
    0.46122448979591835
  ],
  "num_prompts": 50,
  "total_tokens_generated": 6478,
  "draft_k": 5,
  "max_new_tokens": 128,
  "target_model": "meta-llama/Llama-3.1-8B-Instruct",
  "draft_model": "meta-llama/Llama-3.2-1B-Instruct",
  "adapter_path": "results/exp1_llama/baseline_chat/final",
  "domain": "code",
  "seed": 42
}