{
  "alpha": 0.37835088993824917,
  "alpha_std": 0.10178451985120773,
  "mean_accepted_length": 1.891754449691246,
  "per_position_alpha": [
    0.5434071921540138,
    0.8081550802139037,
    0.8271298593879239,
    0.816,
    0.8419117647058824
  ],
  "per_prompt_alpha": [
    0.2753623188405797,
    0.3233333333333333,
    0.585,
    0.25833333333333336,
    0.44,
    0.5488372093023256,
    0.30153846153846153,
    0.3096774193548387,
    0.5380952380952381,
    0.509090909090909,
    0.3423728813559322,
    0.5066666666666667,
    0.59,
    0.375,
    0.33559322033898303,
    0.28484848484848485,
    0.32666666666666666,
    0.3161290322580645,
    0.3508771929824561,
    0.31290322580645163,
    0.4583333333333333,
    0.509090909090909,
    0.4,
    0.27761194029850744,
    0.296969696969697,
    0.4765957446808511,
    0.2878787878787879,
    0.49333333333333335,
    0.4075471698113208,
    0.5441860465116279,
    0.3508771929824561,
    0.4117647058823529,
    0.5043478260869565,
    0.31290322580645163,
    0.26571428571428574,
    0.37142857142857144,
    0.4530612244897959,
    0.58,
    0.3448275862068966,
    0.28484848484848485,
    0.2953846153846154,
    0.3161290322580645,
    0.58,
    0.5302325581395348,
    0.37543859649122807,
    0.32459016393442625,
    0.3781818181818182,
    0.39622641509433965,
    0.41568627450980394,
    0.2787878787878788
  ],
  "num_prompts": 50,
  "total_tokens_generated": 6465,
  "draft_k": 5,
  "max_new_tokens": 128,
  "target_model": "meta-llama/Llama-3.1-8B-Instruct",
  "draft_model": "meta-llama/Llama-3.2-1B-Instruct",
  "adapter_path": null,
  "domain": "chat",
  "seed": 42
}