{
  "alpha": 0.34266258086482804,
  "alpha_std": 0.11202961206436157,
  "mean_accepted_length": 1.7133129043241402,
  "per_position_alpha": [
    0.5127681307456589,
    0.796148738379814,
    0.7873227689741451,
    0.7997881355932204,
    0.8317880794701987
  ],
  "per_prompt_alpha": [
    0.25,
    0.34576271186440677,
    0.3344262295081967,
    0.17471264367816092,
    0.263768115942029,
    0.45416666666666666,
    0.23835616438356164,
    0.33559322033898303,
    0.42,
    0.4076923076923077,
    0.37142857142857144,
    0.5066666666666667,
    0.6666666666666666,
    0.3448275862068966,
    0.33666666666666667,
    0.25555555555555554,
    0.23835616438356164,
    0.5707317073170731,
    0.2909090909090909,
    0.22894736842105262,
    0.4269230769230769,
    0.3423728813559322,
    0.4235294117647059,
    0.44081632653061226,
    0.33114754098360655,
    0.36727272727272725,
    0.4765957446808511,
    0.45416666666666666,
    0.23157894736842105,
    0.40384615384615385,
    0.2,
    0.4076923076923077,
    0.3709090909090909,
    0.29393939393939394,
    0.28484848484848485,
    0.424,
    0.30793650793650795,
    0.32,
    0.2953846153846154,
    0.3448275862068966,
    0.5658536585365853,
    0.4037735849056604,
    0.575,
    0.3344262295081967,
    0.3413793103448276,
    0.2388888888888889,
    0.2388888888888889,
    0.290625,
    0.3433333333333333,
    0.654054054054054
  ],
  "num_prompts": 50,
  "total_tokens_generated": 6463,
  "draft_k": 5,
  "max_new_tokens": 128,
  "target_model": "meta-llama/Llama-3.1-8B-Instruct",
  "draft_model": "meta-llama/Llama-3.2-1B-Instruct",
  "adapter_path": "results/exp1_llama/baseline_medical/final",
  "domain": "chat",
  "seed": 42
}