{
  "alpha": 0.41629169899146623,
  "alpha_std": 0.10763106495141983,
  "mean_accepted_length": 2.081458494957331,
  "per_position_alpha": [
    0.5737005430566331,
    0.8221771467207573,
    0.8569078947368421,
    0.845489443378119,
    0.8490351872871736
  ],
  "per_prompt_alpha": [
    0.3482758620689655,
    0.33114754098360655,
    0.5658536585365853,
    0.5428571428571428,
    0.436,
    0.424,
    0.4530612244897959,
    0.3962962962962963,
    0.575,
    0.3180327868852459,
    0.4196078431372549,
    0.34576271186440677,
    0.4153846153846154,
    0.436,
    0.6051282051282051,
    0.5523809523809524,
    0.43137254901960786,
    0.33,
    0.36727272727272725,
    0.40384615384615385,
    0.3448275862068966,
    0.3482758620689655,
    0.3559322033898305,
    0.3890909090909091,
    0.37454545454545457,
    0.6210526315789474,
    0.49333333333333335,
    0.5272727272727272,
    0.5043478260869565,
    0.2547945205479452,
    0.3814814814814815,
    0.36140350877192984,
    0.44081632653061226,
    0.4037735849056604,
    0.32786885245901637,
    0.49333333333333335,
    0.4,
    0.5619047619047619,
    0.432,
    0.30793650793650795,
    0.5707317073170731,
    0.8266666666666667,
    0.3096774193548387,
    0.5302325581395348,
    0.436,
    0.49777777777777776,
    0.49130434782608695,
    0.3781818181818182,
    0.24722222222222223,
    0.3559322033898305
  ],
  "num_prompts": 50,
  "total_tokens_generated": 6465,
  "draft_k": 5,
  "max_new_tokens": 128,
  "target_model": "meta-llama/Llama-3.1-8B-Instruct",
  "draft_model": "meta-llama/Llama-3.2-1B-Instruct",
  "adapter_path": null,
  "domain": "medical",
  "seed": 42
}