{
  "alpha": 0.4130653266331658,
  "alpha_std": 0.1454816311597824,
  "mean_accepted_length": 2.0653266331658293,
  "per_position_alpha": [
    0.5585620409741012,
    0.841522491349481,
    0.8297697368421053,
    0.8830525272547076,
    0.877665544332211
  ],
  "per_prompt_alpha": [
    0.5756097560975609,
    0.4448979591836735,
    0.26666666666666666,
    0.76875,
    0.3886792452830189,
    0.41568627450980394,
    0.5560975609756098,
    0.47391304347826085,
    0.3,
    0.34576271186440677,
    0.36428571428571427,
    0.27941176470588236,
    0.39622641509433965,
    0.36727272727272725,
    0.4392156862745098,
    0.775,
    0.4326530612244898,
    0.21,
    0.76875,
    0.3233333333333333,
    0.25588235294117645,
    0.46530612244897956,
    0.37454545454545457,
    0.3890909090909091,
    0.595,
    0.296969696969697,
    0.32459016393442625,
    0.475,
    0.47391304347826085,
    0.45,
    0.7393939393939394,
    0.3886792452830189,
    0.4115384615384615,
    0.43529411764705883,
    0.35789473684210527,
    0.2571428571428571,
    0.5804878048780487,
    0.42857142857142855,
    0.32131147540983607,
    0.46808510638297873,
    0.3161290322580645,
    0.30793650793650795,
    0.84,
    0.48936170212765956,
    0.33793103448275863,
    0.5395348837209303,
    0.5523809523809524,
    0.3684210526315789,
    0.5155555555555555,
    0.4489795918367347
  ],
  "num_prompts": 50,
  "total_tokens_generated": 6485,
  "draft_k": 5,
  "max_new_tokens": 128,
  "target_model": "meta-llama/Llama-3.1-8B-Instruct",
  "draft_model": "meta-llama/Llama-3.2-1B-Instruct",
  "adapter_path": "results/exp1_llama/baseline_medical/final",
  "domain": "mixed",
  "seed": 42
}