{
  "alpha": 0.32589904322005936,
  "alpha_std": 0.18835772573947906,
  "mean_accepted_length": 1.629495216100297,
  "per_position_alpha": [
    0.49719564500164964,
    0.7770404777704047,
    0.7813834329632793,
    0.7967213114754098,
    0.8463648834019204
  ],
  "per_prompt_alpha": [
    0.27058823529411763,
    0.428,
    0.2591549295774648,
    0.7176470588235294,
    0.4235294117647059,
    0.3482758620689655,
    0.58,
    0.3142857142857143,
    0.2611111111111111,
    0.2787878787878788,
    0.34098360655737703,
    0.20506329113924052,
    0.5022222222222222,
    0.2676470588235294,
    0.17045454545454544,
    0.8064516129032258,
    0.27647058823529413,
    0.16818181818181818,
    0.9,
    0.21265822784810126,
    0.12040816326530612,
    0.4625,
    0.4,
    0.16404494382022472,
    0.5136363636363637,
    0.26666666666666666,
    0.2153846153846154,
    0.6157894736842106,
    0.33666666666666667,
    0.4326530612244898,
    0.7176470588235294,
    0.309375,
    0.30158730158730157,
    0.3525423728813559,
    0.1590909090909091,
    0.20253164556962025,
    0.5523809523809524,
    0.20246913580246914,
    0.2735294117647059,
    0.5136363636363637,
    0.36727272727272725,
    0.21038961038961038,
    0.8689655172413793,
    0.23783783783783785,
    0.34,
    0.4583333333333333,
    0.4625,
    0.18588235294117647,
    0.4708333333333333,
    0.4
  ],
  "num_prompts": 50,
  "total_tokens_generated": 6463,
  "draft_k": 5,
  "max_new_tokens": 128,
  "target_model": "meta-llama/Llama-3.1-8B-Instruct",
  "draft_model": "meta-llama/Llama-3.2-1B-Instruct",
  "adapter_path": "results/exp1_llama/baseline_chat/final",
  "domain": "mixed",
  "seed": 42
}