{
  "num_prompts": 50,
  "avg_seq_len": 44.88,
  "kl_mean": 0.5336328148841858,
  "kl_std": 0.12774953246116638,
  "kl_per_prompt": [
    0.58203125,
    0.515625,
    0.8671875,
    0.48828125,
    0.48046875,
    0.50390625,
    0.37890625,
    0.5234375,
    0.47265625,
    0.65625,
    0.376953125,
    0.53515625,
    0.78125,
    0.390625,
    0.46875,
    0.66796875,
    0.462890625,
    0.578125,
    0.38671875,
    0.36328125,
    0.482421875,
    0.46484375,
    0.50390625,
    0.578125,
    0.4296875,
    0.66015625,
    0.7109375,
    0.359375,
    0.447265625,
    0.7890625,
    0.5234375,
    0.66015625,
    0.66796875,
    0.494140625,
    0.419921875,
    0.6875,
    0.345703125,
    0.640625,
    0.58984375,
    0.671875,
    0.515625,
    0.515625,
    0.38671875,
    0.423828125,
    0.55078125,
    0.3828125,
    0.431640625,
    0.796875,
    0.51171875,
    0.55859375
  ],
  "js_mean": 0.10174804925918579,
  "js_std": 0.022522568702697754,
  "js_per_prompt": [
    0.12060546875,
    0.09326171875,
    0.142578125,
    0.07421875,
    0.1005859375,
    0.09521484375,
    0.07666015625,
    0.09375,
    0.091796875,
    0.1044921875,
    0.0732421875,
    0.1015625,
    0.154296875,
    0.07373046875,
    0.0947265625,
    0.1376953125,
    0.09423828125,
    0.11669921875,
    0.0771484375,
    0.06884765625,
    0.0888671875,
    0.09375,
    0.10498046875,
    0.115234375,
    0.08056640625,
    0.1171875,
    0.1357421875,
    0.06494140625,
    0.08740234375,
    0.12890625,
    0.09619140625,
    0.1279296875,
    0.1240234375,
    0.095703125,
    0.08447265625,
    0.1376953125,
    0.06982421875,
    0.12890625,
    0.1171875,
    0.1171875,
    0.10986328125,
    0.10400390625,
    0.07666015625,
    0.0859375,
    0.10986328125,
    0.07568359375,
    0.0849609375,
    0.14453125,
    0.09765625,
    0.09619140625
  ],
  "tv_mean": 0.2872070372104645,
  "tv_std": 0.04919831454753876,
  "tv_per_prompt": [
    0.33984375,
    0.265625,
    0.369140625,
    0.2119140625,
    0.279296875,
    0.283203125,
    0.26171875,
    0.25390625,
    0.2578125,
    0.275390625,
    0.234375,
    0.30078125,
    0.37890625,
    0.2470703125,
    0.283203125,
    0.36328125,
    0.25390625,
    0.32421875,
    0.224609375,
    0.193359375,
    0.2890625,
    0.287109375,
    0.318359375,
    0.326171875,
    0.2490234375,
    0.29296875,
    0.3515625,
    0.181640625,
    0.251953125,
    0.35546875,
    0.251953125,
    0.333984375,
    0.34765625,
    0.283203125,
    0.267578125,
    0.369140625,
    0.2099609375,
    0.353515625,
    0.32421875,
    0.30859375,
    0.294921875,
    0.298828125,
    0.2294921875,
    0.2578125,
    0.302734375,
    0.2421875,
    0.25,
    0.3671875,
    0.287109375,
    0.275390625
  ],
  "target_model": "meta-llama/Llama-3.1-8B-Instruct",
  "draft_model": "meta-llama/Llama-3.2-1B-Instruct",
  "adapter_path": null,
  "domain": "mixed",
  "divergence_types": [
    "kl",
    "js",
    "tv"
  ],
  "max_seq_len": 512,
  "seed": 42
}