{
  "num_prompts": 50,
  "avg_seq_len": 53.24,
  "kl_mean": 0.5358984470367432,
  "kl_std": 0.16318604350090027,
  "kl_per_prompt": [
    0.37109375,
    0.458984375,
    0.330078125,
    0.5390625,
    0.392578125,
    0.96875,
    0.51171875,
    0.310546875,
    0.51171875,
    0.4296875,
    0.494140625,
    0.40625,
    0.486328125,
    0.68359375,
    0.6015625,
    0.50390625,
    0.376953125,
    0.90625,
    0.546875,
    0.47265625,
    0.412109375,
    0.5078125,
    0.55078125,
    0.44140625,
    0.447265625,
    0.37109375,
    0.50390625,
    0.5625,
    0.4140625,
    0.515625,
    1.1640625,
    0.578125,
    0.546875,
    0.51171875,
    0.4296875,
    0.81640625,
    0.52734375,
    0.6640625,
    0.75390625,
    0.494140625,
    0.40234375,
    0.515625,
    0.5078125,
    0.47265625,
    0.439453125,
    0.4453125,
    0.6640625,
    0.7734375,
    0.53125,
    0.52734375
  ],
  "js_mean": 0.1012255847454071,
  "js_std": 0.024333156645298004,
  "js_per_prompt": [
    0.0703125,
    0.07861328125,
    0.07177734375,
    0.1025390625,
    0.07763671875,
    0.1787109375,
    0.1005859375,
    0.053955078125,
    0.09423828125,
    0.0888671875,
    0.09716796875,
    0.0751953125,
    0.0791015625,
    0.1318359375,
    0.10791015625,
    0.08935546875,
    0.072265625,
    0.146484375,
    0.111328125,
    0.09033203125,
    0.08349609375,
    0.1025390625,
    0.1103515625,
    0.0927734375,
    0.09423828125,
    0.07421875,
    0.09912109375,
    0.1083984375,
    0.0703125,
    0.099609375,
    0.1611328125,
    0.10693359375,
    0.1025390625,
    0.0966796875,
    0.0888671875,
    0.138671875,
    0.0986328125,
    0.12255859375,
    0.1455078125,
    0.09326171875,
    0.08447265625,
    0.1123046875,
    0.1044921875,
    0.09619140625,
    0.0908203125,
    0.09375,
    0.11865234375,
    0.1376953125,
    0.10888671875,
    0.10595703125
  ],
  "tv_mean": 0.2774023413658142,
  "tv_std": 0.049887821078300476,
  "tv_per_prompt": [
    0.2001953125,
    0.236328125,
    0.2275390625,
    0.291015625,
    0.2373046875,
    0.4375,
    0.2890625,
    0.166015625,
    0.259765625,
    0.259765625,
    0.279296875,
    0.2216796875,
    0.2470703125,
    0.326171875,
    0.30078125,
    0.25390625,
    0.2236328125,
    0.3828125,
    0.3203125,
    0.271484375,
    0.2353515625,
    0.28515625,
    0.314453125,
    0.2578125,
    0.271484375,
    0.2216796875,
    0.29296875,
    0.3046875,
    0.1962890625,
    0.263671875,
    0.361328125,
    0.30078125,
    0.291015625,
    0.259765625,
    0.2470703125,
    0.345703125,
    0.248046875,
    0.333984375,
    0.373046875,
    0.25390625,
    0.251953125,
    0.29296875,
    0.283203125,
    0.259765625,
    0.2412109375,
    0.265625,
    0.29296875,
    0.33203125,
    0.279296875,
    0.28125
  ],
  "target_model": "meta-llama/Llama-3.1-8B-Instruct",
  "draft_model": "meta-llama/Llama-3.2-1B-Instruct",
  "adapter_path": null,
  "domain": "medical",
  "divergence_types": [
    "kl",
    "js",
    "tv"
  ],
  "max_seq_len": 512,
  "seed": 42
}