{
  "num_prompts": 50,
  "avg_seq_len": 45.78,
  "kl_mean": 0.5998828411102295,
  "kl_std": 0.14029744267463684,
  "kl_per_prompt": [
    0.953125,
    0.8984375,
    0.625,
    0.453125,
    0.51953125,
    0.59765625,
    0.56640625,
    0.8671875,
    0.6015625,
    0.61328125,
    0.93359375,
    0.6171875,
    0.408203125,
    0.8046875,
    0.71875,
    0.44921875,
    0.6171875,
    0.478515625,
    0.8828125,
    0.66796875,
    0.5078125,
    0.68359375,
    0.62109375,
    0.765625,
    0.67578125,
    0.5390625,
    0.4296875,
    0.53515625,
    0.431640625,
    0.54296875,
    0.52734375,
    0.77734375,
    0.51953125,
    0.4609375,
    0.62890625,
    0.51953125,
    0.53515625,
    0.44921875,
    0.51953125,
    0.69140625,
    0.498046875,
    0.66796875,
    0.609375,
    0.515625,
    0.640625,
    0.466796875,
    0.443359375,
    0.51171875,
    0.51953125,
    0.486328125
  ],
  "js_mean": 0.10950195044279099,
  "js_std": 0.018834689632058144,
  "js_per_prompt": [
    0.140625,
    0.1533203125,
    0.1162109375,
    0.09228515625,
    0.10009765625,
    0.1328125,
    0.103515625,
    0.142578125,
    0.11083984375,
    0.11474609375,
    0.1396484375,
    0.10791015625,
    0.080078125,
    0.1337890625,
    0.12451171875,
    0.09814453125,
    0.10791015625,
    0.07958984375,
    0.14453125,
    0.1337890625,
    0.11376953125,
    0.12890625,
    0.10888671875,
    0.12255859375,
    0.1201171875,
    0.0986328125,
    0.0771484375,
    0.09228515625,
    0.083984375,
    0.10791015625,
    0.0927734375,
    0.134765625,
    0.1025390625,
    0.099609375,
    0.1220703125,
    0.10009765625,
    0.1025390625,
    0.087890625,
    0.1025390625,
    0.1181640625,
    0.09814453125,
    0.12060546875,
    0.11083984375,
    0.10009765625,
    0.11572265625,
    0.08544921875,
    0.0869140625,
    0.0986328125,
    0.09326171875,
    0.09130859375
  ],
  "tv_mean": 0.31171876192092896,
  "tv_std": 0.04024197906255722,
  "tv_per_prompt": [
    0.3671875,
    0.41796875,
    0.330078125,
    0.294921875,
    0.296875,
    0.36328125,
    0.291015625,
    0.353515625,
    0.30078125,
    0.3359375,
    0.345703125,
    0.306640625,
    0.255859375,
    0.373046875,
    0.353515625,
    0.294921875,
    0.318359375,
    0.2431640625,
    0.408203125,
    0.388671875,
    0.341796875,
    0.333984375,
    0.302734375,
    0.345703125,
    0.3359375,
    0.296875,
    0.2470703125,
    0.267578125,
    0.263671875,
    0.32421875,
    0.271484375,
    0.333984375,
    0.298828125,
    0.294921875,
    0.328125,
    0.291015625,
    0.32421875,
    0.265625,
    0.2890625,
    0.3125,
    0.30078125,
    0.326171875,
    0.306640625,
    0.296875,
    0.294921875,
    0.26171875,
    0.26171875,
    0.296875,
    0.2578125,
    0.2734375
  ],
  "target_model": "meta-llama/Llama-3.1-8B-Instruct",
  "draft_model": "meta-llama/Llama-3.2-1B-Instruct",
  "adapter_path": null,
  "domain": "chat",
  "divergence_types": [
    "kl",
    "js",
    "tv"
  ],
  "max_seq_len": 512,
  "seed": 42
}