{
  "num_prompts": 50,
  "avg_seq_len": 45.78,
  "kl_mean": 1.088046908378601,
  "kl_std": 0.3385407328605652,
  "kl_per_prompt": [
    1.6640625,
    2.21875,
    1.5,
    1.015625,
    1.2734375,
    1.328125,
    1.3203125,
    1.4296875,
    1.296875,
    1.5234375,
    1.34375,
    1.4765625,
    0.98046875,
    1.6015625,
    1.421875,
    0.95703125,
    1.46875,
    1.140625,
    1.7265625,
    1.484375,
    0.94921875,
    0.90234375,
    1.2421875,
    0.94140625,
    0.91015625,
    0.9140625,
    0.7265625,
    1.0078125,
    0.80859375,
    0.9765625,
    0.8671875,
    1.09375,
    1.1015625,
    0.890625,
    0.9609375,
    0.87890625,
    1.0078125,
    0.76953125,
    0.87109375,
    0.90234375,
    0.71484375,
    1.015625,
    0.80859375,
    0.875,
    0.76171875,
    0.74609375,
    0.6796875,
    0.62890625,
    0.59765625,
    0.6796875
  ],
  "js_mean": 0.14552734792232513,
  "js_std": 0.030058259144425392,
  "js_per_prompt": [
    0.193359375,
    0.2578125,
    0.1748046875,
    0.12451171875,
    0.1484375,
    0.162109375,
    0.1455078125,
    0.17578125,
    0.162109375,
    0.1865234375,
    0.17578125,
    0.1494140625,
    0.11767578125,
    0.1923828125,
    0.1669921875,
    0.1162109375,
    0.1640625,
    0.1259765625,
    0.1884765625,
    0.1884765625,
    0.1484375,
    0.142578125,
    0.16796875,
    0.14453125,
    0.134765625,
    0.1298828125,
    0.099609375,
    0.1357421875,
    0.11474609375,
    0.1435546875,
    0.11865234375,
    0.1552734375,
    0.1640625,
    0.1435546875,
    0.138671875,
    0.1298828125,
    0.1474609375,
    0.11279296875,
    0.1318359375,
    0.142578125,
    0.11865234375,
    0.1513671875,
    0.1298828125,
    0.1455078125,
    0.1279296875,
    0.11279296875,
    0.10693359375,
    0.1083984375,
    0.09765625,
    0.1142578125
  ],
  "tv_mean": 0.35902345180511475,
  "tv_std": 0.049057479947805405,
  "tv_per_prompt": [
    0.40625,
    0.53125,
    0.392578125,
    0.349609375,
    0.349609375,
    0.376953125,
    0.337890625,
    0.412109375,
    0.369140625,
    0.439453125,
    0.375,
    0.349609375,
    0.3046875,
    0.4453125,
    0.3828125,
    0.298828125,
    0.3984375,
    0.318359375,
    0.43359375,
    0.451171875,
    0.3828125,
    0.349609375,
    0.400390625,
    0.376953125,
    0.3515625,
    0.341796875,
    0.28515625,
    0.33984375,
    0.3125,
    0.369140625,
    0.318359375,
    0.365234375,
    0.388671875,
    0.36328125,
    0.361328125,
    0.333984375,
    0.37109375,
    0.30078125,
    0.328125,
    0.34375,
    0.341796875,
    0.369140625,
    0.33984375,
    0.384765625,
    0.314453125,
    0.310546875,
    0.287109375,
    0.318359375,
    0.267578125,
    0.310546875
  ],
  "target_model": "meta-llama/Llama-3.1-8B-Instruct",
  "draft_model": "meta-llama/Llama-3.2-1B-Instruct",
  "adapter_path": "results/exp1_llama/baseline_chat/final",
  "domain": "chat",
  "divergence_types": [
    "kl",
    "js",
    "tv"
  ],
  "max_seq_len": 512,
  "seed": 42
}