{
  "num_prompts": 50,
  "avg_seq_len": 53.24,
  "kl_mean": 0.6167968511581421,
  "kl_std": 0.15749266743659973,
  "kl_per_prompt": [
    0.4765625,
    0.65234375,
    0.416015625,
    0.74609375,
    0.494140625,
    1.0,
    0.7109375,
    0.486328125,
    0.640625,
    0.58984375,
    0.62890625,
    0.5390625,
    0.6171875,
    0.73046875,
    0.75390625,
    0.61328125,
    0.47265625,
    0.9765625,
    0.69140625,
    0.6484375,
    0.458984375,
    0.61328125,
    0.578125,
    0.5,
    0.4765625,
    0.50390625,
    0.59765625,
    0.578125,
    0.5234375,
    0.53515625,
    1.25,
    0.64453125,
    0.65625,
    0.5703125,
    0.52734375,
    0.79296875,
    0.58203125,
    0.76171875,
    0.84765625,
    0.5,
    0.451171875,
    0.55859375,
    0.54296875,
    0.52734375,
    0.451171875,
    0.48046875,
    0.65625,
    0.75390625,
    0.515625,
    0.51953125
  ],
  "js_mean": 0.11068359017372131,
  "js_std": 0.023039350286126137,
  "js_per_prompt": [
    0.08203125,
    0.1064453125,
    0.08056640625,
    0.1298828125,
    0.0859375,
    0.1767578125,
    0.1279296875,
    0.07666015625,
    0.10595703125,
    0.10595703125,
    0.11181640625,
    0.091796875,
    0.0986328125,
    0.138671875,
    0.1259765625,
    0.10107421875,
    0.08349609375,
    0.158203125,
    0.12890625,
    0.1103515625,
    0.08447265625,
    0.11376953125,
    0.10546875,
    0.09619140625,
    0.0908203125,
    0.0908203125,
    0.11376953125,
    0.1083984375,
    0.08642578125,
    0.1015625,
    0.169921875,
    0.1123046875,
    0.1171875,
    0.10595703125,
    0.1005859375,
    0.146484375,
    0.10693359375,
    0.134765625,
    0.1591796875,
    0.09326171875,
    0.09033203125,
    0.11376953125,
    0.1083984375,
    0.10693359375,
    0.09130859375,
    0.09326171875,
    0.1201171875,
    0.134765625,
    0.1044921875,
    0.10546875
  ],
  "tv_mean": 0.2867968678474426,
  "tv_std": 0.048219434916973114,
  "tv_per_prompt": [
    0.2158203125,
    0.271484375,
    0.2353515625,
    0.326171875,
    0.236328125,
    0.42578125,
    0.31640625,
    0.1962890625,
    0.2734375,
    0.26953125,
    0.2890625,
    0.23046875,
    0.267578125,
    0.337890625,
    0.326171875,
    0.26171875,
    0.234375,
    0.392578125,
    0.341796875,
    0.291015625,
    0.2294921875,
    0.30078125,
    0.291015625,
    0.255859375,
    0.2578125,
    0.2431640625,
    0.306640625,
    0.3046875,
    0.2236328125,
    0.265625,
    0.37109375,
    0.291015625,
    0.310546875,
    0.26953125,
    0.267578125,
    0.365234375,
    0.26171875,
    0.337890625,
    0.390625,
    0.255859375,
    0.2578125,
    0.294921875,
    0.2890625,
    0.2734375,
    0.240234375,
    0.26171875,
    0.298828125,
    0.328125,
    0.275390625,
    0.28125
  ],
  "target_model": "meta-llama/Llama-3.1-8B-Instruct",
  "draft_model": "meta-llama/Llama-3.2-1B-Instruct",
  "adapter_path": "results/exp1_llama/baseline_code/final",
  "domain": "medical",
  "divergence_types": [
    "kl",
    "js",
    "tv"
  ],
  "max_seq_len": 512,
  "seed": 42
}