{
  "num_prompts": 50,
  "avg_seq_len": 88.72,
  "kl_mean": 0.6173437237739563,
  "kl_std": 0.16839639842510223,
  "kl_per_prompt": [
    0.8359375,
    0.921875,
    0.703125,
    0.97265625,
    0.6953125,
    0.83984375,
    0.8828125,
    0.7421875,
    0.6171875,
    0.6875,
    0.63671875,
    0.55859375,
    0.765625,
    0.81640625,
    0.58203125,
    0.6015625,
    0.73046875,
    0.72265625,
    0.66796875,
    0.890625,
    0.546875,
    0.625,
    0.91796875,
    0.390625,
    0.76953125,
    0.44140625,
    0.57421875,
    0.47265625,
    0.33984375,
    0.5625,
    0.337890625,
    0.498046875,
    0.60546875,
    0.3515625,
    0.640625,
    0.63671875,
    0.68359375,
    0.34765625,
    0.56640625,
    0.49609375,
    0.51171875,
    0.41015625,
    0.53515625,
    0.478515625,
    0.490234375,
    0.28515625,
    0.5625,
    0.70703125,
    0.50390625,
    0.70703125
  ],
  "js_mean": 0.08484863489866257,
  "js_std": 0.022088343277573586,
  "js_per_prompt": [
    0.08251953125,
    0.0986328125,
    0.07177734375,
    0.095703125,
    0.07666015625,
    0.11328125,
    0.08740234375,
    0.07275390625,
    0.05419921875,
    0.064453125,
    0.06005859375,
    0.07421875,
    0.08984375,
    0.1025390625,
    0.054931640625,
    0.059326171875,
    0.09912109375,
    0.07080078125,
    0.08642578125,
    0.08349609375,
    0.0751953125,
    0.10302734375,
    0.15234375,
    0.050537109375,
    0.119140625,
    0.06494140625,
    0.0986328125,
    0.07568359375,
    0.05224609375,
    0.0908203125,
    0.050048828125,
    0.0732421875,
    0.0947265625,
    0.0634765625,
    0.09375,
    0.10400390625,
    0.1123046875,
    0.052978515625,
    0.09619140625,
    0.0869140625,
    0.0927734375,
    0.08056640625,
    0.09716796875,
    0.0859375,
    0.087890625,
    0.05224609375,
    0.0986328125,
    0.123046875,
    0.08984375,
    0.1259765625
  ],
  "tv_mean": 0.22962890565395355,
  "tv_std": 0.0544610433280468,
  "tv_per_prompt": [
    0.1982421875,
    0.2421875,
    0.18359375,
    0.2265625,
    0.193359375,
    0.310546875,
    0.205078125,
    0.2109375,
    0.13671875,
    0.1728515625,
    0.1474609375,
    0.208984375,
    0.2275390625,
    0.248046875,
    0.1669921875,
    0.154296875,
    0.298828125,
    0.1669921875,
    0.2578125,
    0.2109375,
    0.197265625,
    0.283203125,
    0.37890625,
    0.1630859375,
    0.296875,
    0.189453125,
    0.2734375,
    0.2138671875,
    0.16015625,
    0.232421875,
    0.16015625,
    0.205078125,
    0.279296875,
    0.181640625,
    0.2431640625,
    0.279296875,
    0.3046875,
    0.169921875,
    0.271484375,
    0.236328125,
    0.271484375,
    0.2314453125,
    0.2734375,
    0.240234375,
    0.25390625,
    0.1611328125,
    0.279296875,
    0.310546875,
    0.251953125,
    0.3203125
  ],
  "target_model": "meta-llama/Llama-3.1-8B-Instruct",
  "draft_model": "meta-llama/Llama-3.2-1B-Instruct",
  "adapter_path": "results/exp1_llama/baseline_chat/final",
  "domain": "code",
  "divergence_types": [
    "kl",
    "js",
    "tv"
  ],
  "max_seq_len": 512,
  "seed": 42
}