{
  "num_prompts": 50,
  "avg_seq_len": 45.78,
  "kl_mean": 0.7221484184265137,
  "kl_std": 0.16418620944023132,
  "kl_per_prompt": [
    1.078125,
    1.0625,
    0.8515625,
    0.625,
    0.83203125,
    0.91015625,
    0.73828125,
    0.91015625,
    0.78515625,
    0.94140625,
    0.8828125,
    0.8203125,
    0.57421875,
    1.109375,
    0.9296875,
    0.5546875,
    0.87890625,
    0.66796875,
    0.8984375,
    0.94140625,
    0.65625,
    0.76953125,
    0.77734375,
    0.7421875,
    0.6875,
    0.58203125,
    0.5625,
    0.65234375,
    0.51953125,
    0.69921875,
    0.640625,
    0.82421875,
    0.67578125,
    0.60546875,
    0.703125,
    0.609375,
    0.6875,
    0.5546875,
    0.70703125,
    0.8125,
    0.51171875,
    0.7734375,
    0.69140625,
    0.60546875,
    0.62109375,
    0.48046875,
    0.5,
    0.458984375,
    0.5,
    0.50390625
  ],
  "js_mean": 0.12742187082767487,
  "js_std": 0.0247041042894125,
  "js_per_prompt": [
    0.17578125,
    0.181640625,
    0.14453125,
    0.11474609375,
    0.142578125,
    0.1689453125,
    0.119140625,
    0.14453125,
    0.1357421875,
    0.1650390625,
    0.1533203125,
    0.130859375,
    0.10205078125,
    0.169921875,
    0.1630859375,
    0.1044921875,
    0.1513671875,
    0.099609375,
    0.150390625,
    0.169921875,
    0.1318359375,
    0.140625,
    0.1298828125,
    0.134765625,
    0.12890625,
    0.10546875,
    0.09814453125,
    0.10888671875,
    0.09521484375,
    0.12890625,
    0.107421875,
    0.142578125,
    0.123046875,
    0.1220703125,
    0.1259765625,
    0.11328125,
    0.125,
    0.1015625,
    0.1298828125,
    0.1376953125,
    0.09912109375,
    0.1357421875,
    0.12158203125,
    0.1142578125,
    0.115234375,
    0.08740234375,
    0.09521484375,
    0.0947265625,
    0.091796875,
    0.09716796875
  ],
  "tv_mean": 0.3333203196525574,
  "tv_std": 0.046692971140146255,
  "tv_per_prompt": [
    0.40234375,
    0.435546875,
    0.353515625,
    0.326171875,
    0.34765625,
    0.396484375,
    0.302734375,
    0.36328125,
    0.330078125,
    0.40625,
    0.3671875,
    0.3203125,
    0.27734375,
    0.427734375,
    0.40234375,
    0.283203125,
    0.37890625,
    0.26953125,
    0.40234375,
    0.42578125,
    0.361328125,
    0.34765625,
    0.3359375,
    0.36328125,
    0.34375,
    0.302734375,
    0.28125,
    0.291015625,
    0.2890625,
    0.3515625,
    0.296875,
    0.34765625,
    0.322265625,
    0.333984375,
    0.33203125,
    0.306640625,
    0.353515625,
    0.28125,
    0.326171875,
    0.345703125,
    0.294921875,
    0.345703125,
    0.322265625,
    0.328125,
    0.291015625,
    0.259765625,
    0.2734375,
    0.2890625,
    0.251953125,
    0.27734375
  ],
  "target_model": "meta-llama/Llama-3.1-8B-Instruct",
  "draft_model": "meta-llama/Llama-3.2-1B-Instruct",
  "adapter_path": "results/exp1_llama/baseline_code/final",
  "domain": "chat",
  "divergence_types": [
    "kl",
    "js",
    "tv"
  ],
  "max_seq_len": 512,
  "seed": 42
}