{
  "num_prompts": 50,
  "avg_seq_len": 53.24,
  "kl_mean": 0.9068750143051147,
  "kl_std": 0.24835707247257233,
  "kl_per_prompt": [
    0.78515625,
    1.1484375,
    0.75,
    1.28125,
    0.77734375,
    1.6875,
    1.0859375,
    0.81640625,
    1.0,
    0.98828125,
    1.234375,
    0.91796875,
    1.109375,
    1.0703125,
    1.1328125,
    1.2265625,
    0.79296875,
    1.375,
    0.984375,
    1.1875,
    0.60546875,
    0.98828125,
    0.81640625,
    0.74609375,
    0.72265625,
    0.765625,
    0.8671875,
    0.77734375,
    0.70703125,
    0.78515625,
    1.4609375,
    0.984375,
    0.875,
    0.82421875,
    0.67578125,
    1.125,
    0.69140625,
    1.0234375,
    1.1171875,
    0.66015625,
    0.59375,
    0.6328125,
    0.74609375,
    0.65234375,
    0.59375,
    0.6015625,
    0.80859375,
    0.87109375,
    0.62890625,
    0.64453125
  ],
  "js_mean": 0.12486328184604645,
  "js_std": 0.02713673561811447,
  "js_per_prompt": [
    0.09912109375,
    0.11669921875,
    0.099609375,
    0.1474609375,
    0.09130859375,
    0.2275390625,
    0.1259765625,
    0.08642578125,
    0.12255859375,
    0.1171875,
    0.138671875,
    0.1044921875,
    0.11669921875,
    0.15234375,
    0.14453125,
    0.1298828125,
    0.08447265625,
    0.1708984375,
    0.134765625,
    0.1357421875,
    0.09423828125,
    0.1396484375,
    0.1142578125,
    0.1142578125,
    0.10791015625,
    0.10595703125,
    0.126953125,
    0.12060546875,
    0.09423828125,
    0.11865234375,
    0.181640625,
    0.1376953125,
    0.12060546875,
    0.123046875,
    0.10302734375,
    0.16796875,
    0.107421875,
    0.1513671875,
    0.17578125,
    0.10302734375,
    0.10302734375,
    0.115234375,
    0.134765625,
    0.1142578125,
    0.10400390625,
    0.103515625,
    0.1376953125,
    0.1435546875,
    0.1142578125,
    0.1181640625
  ],
  "tv_mean": 0.30775392055511475,
  "tv_std": 0.05405210703611374,
  "tv_per_prompt": [
    0.2451171875,
    0.291015625,
    0.267578125,
    0.357421875,
    0.2353515625,
    0.490234375,
    0.306640625,
    0.203125,
    0.306640625,
    0.2890625,
    0.32421875,
    0.251953125,
    0.27734375,
    0.353515625,
    0.35546875,
    0.296875,
    0.2177734375,
    0.416015625,
    0.353515625,
    0.337890625,
    0.25,
    0.337890625,
    0.3125,
    0.28515625,
    0.29296875,
    0.263671875,
    0.322265625,
    0.32421875,
    0.232421875,
    0.294921875,
    0.388671875,
    0.33984375,
    0.314453125,
    0.29296875,
    0.267578125,
    0.388671875,
    0.259765625,
    0.361328125,
    0.412109375,
    0.263671875,
    0.28515625,
    0.294921875,
    0.330078125,
    0.287109375,
    0.263671875,
    0.28125,
    0.326171875,
    0.34375,
    0.29296875,
    0.30078125
  ],
  "target_model": "meta-llama/Llama-3.1-8B-Instruct",
  "draft_model": "meta-llama/Llama-3.2-1B-Instruct",
  "adapter_path": "results/exp1_llama/baseline_chat/final",
  "domain": "medical",
  "divergence_types": [
    "kl",
    "js",
    "tv"
  ],
  "max_seq_len": 512,
  "seed": 42
}