{
  "num_prompts": 50,
  "avg_seq_len": 44.88,
  "kl_mean": 0.7033593654632568,
  "kl_std": 0.12736035883426666,
  "kl_per_prompt": [
    0.81640625,
    0.64453125,
    0.89453125,
    0.6796875,
    0.55078125,
    0.6484375,
    0.98828125,
    0.703125,
    0.6328125,
    0.7109375,
    0.55078125,
    0.7109375,
    0.8125,
    0.46484375,
    0.671875,
    1.0234375,
    0.55078125,
    0.78515625,
    0.67578125,
    0.48828125,
    0.66796875,
    0.6875,
    0.61328125,
    0.76953125,
    0.703125,
    0.7421875,
    0.80859375,
    0.55078125,
    0.52734375,
    0.81640625,
    0.71484375,
    0.66796875,
    0.78515625,
    0.89453125,
    0.5234375,
    0.75,
    0.7578125,
    0.65234375,
    0.84375,
    0.91015625,
    0.61328125,
    0.73046875,
    0.7265625,
    0.5546875,
    0.73046875,
    0.625,
    0.4921875,
    0.86328125,
    0.77734375,
    0.6640625
  ],
  "js_mean": 0.12117187678813934,
  "js_std": 0.021479927003383636,
  "js_per_prompt": [
    0.154296875,
    0.10791015625,
    0.1611328125,
    0.09423828125,
    0.10498046875,
    0.115234375,
    0.150390625,
    0.1181640625,
    0.109375,
    0.1064453125,
    0.09765625,
    0.125,
    0.1435546875,
    0.08203125,
    0.12158203125,
    0.169921875,
    0.09912109375,
    0.1474609375,
    0.10400390625,
    0.0849609375,
    0.10986328125,
    0.1142578125,
    0.12060546875,
    0.134765625,
    0.10693359375,
    0.126953125,
    0.1494140625,
    0.0869140625,
    0.0986328125,
    0.1396484375,
    0.111328125,
    0.1279296875,
    0.1455078125,
    0.1328125,
    0.09765625,
    0.1455078125,
    0.119140625,
    0.1298828125,
    0.154296875,
    0.1396484375,
    0.12158203125,
    0.12109375,
    0.11083984375,
    0.10302734375,
    0.1318359375,
    0.103515625,
    0.091796875,
    0.15234375,
    0.12158203125,
    0.11181640625
  ],
  "tv_mean": 0.31556642055511475,
  "tv_std": 0.048615213483572006,
  "tv_per_prompt": [
    0.419921875,
    0.28125,
    0.408203125,
    0.2490234375,
    0.28125,
    0.30078125,
    0.376953125,
    0.298828125,
    0.2890625,
    0.27734375,
    0.26953125,
    0.32421875,
    0.369140625,
    0.2490234375,
    0.322265625,
    0.404296875,
    0.255859375,
    0.373046875,
    0.279296875,
    0.22265625,
    0.3046875,
    0.318359375,
    0.337890625,
    0.3515625,
    0.283203125,
    0.302734375,
    0.373046875,
    0.2236328125,
    0.265625,
    0.376953125,
    0.279296875,
    0.330078125,
    0.390625,
    0.330078125,
    0.291015625,
    0.37890625,
    0.296875,
    0.34765625,
    0.373046875,
    0.333984375,
    0.306640625,
    0.31640625,
    0.28125,
    0.283203125,
    0.3203125,
    0.287109375,
    0.25390625,
    0.37109375,
    0.326171875,
    0.291015625
  ],
  "target_model": "meta-llama/Llama-3.1-8B-Instruct",
  "draft_model": "meta-llama/Llama-3.2-1B-Instruct",
  "adapter_path": "results/exp1_llama/baseline_code/final",
  "domain": "mixed",
  "divergence_types": [
    "kl",
    "js",
    "tv"
  ],
  "max_seq_len": 512,
  "seed": 42
}