{
  "num_prompts": 50,
  "avg_seq_len": 44.88,
  "kl_mean": 0.9061328172683716,
  "kl_std": 0.21149274706840515,
  "kl_per_prompt": [
    1.1640625,
    1.0078125,
    1.5390625,
    0.80078125,
    0.80078125,
    1.0703125,
    0.77734375,
    1.1640625,
    0.890625,
    0.8515625,
    0.85546875,
    1.09375,
    0.98046875,
    0.80078125,
    1.15625,
    0.953125,
    0.8046875,
    1.109375,
    0.66015625,
    0.7734375,
    0.91015625,
    0.77734375,
    0.78515625,
    1.03125,
    0.57421875,
    1.1171875,
    1.1484375,
    0.427734375,
    0.83203125,
    1.2421875,
    0.74609375,
    0.8203125,
    1.0625,
    0.6953125,
    0.77734375,
    1.0390625,
    0.7265625,
    0.80859375,
    1.1171875,
    0.8359375,
    0.91015625,
    1.1484375,
    0.53125,
    0.78515625,
    1.078125,
    0.5859375,
    0.71484375,
    1.1640625,
    0.69921875,
    0.9609375
  ],
  "js_mean": 0.12767578661441803,
  "js_std": 0.02668146789073944,
  "js_per_prompt": [
    0.173828125,
    0.11962890625,
    0.1708984375,
    0.0869140625,
    0.1181640625,
    0.1337890625,
    0.11279296875,
    0.140625,
    0.12255859375,
    0.10791015625,
    0.11669921875,
    0.154296875,
    0.150390625,
    0.099609375,
    0.1533203125,
    0.1591796875,
    0.11181640625,
    0.1591796875,
    0.0869140625,
    0.09912109375,
    0.11865234375,
    0.1337890625,
    0.1220703125,
    0.1435546875,
    0.08935546875,
    0.15234375,
    0.1748046875,
    0.0673828125,
    0.11865234375,
    0.1689453125,
    0.10400390625,
    0.1318359375,
    0.1552734375,
    0.109375,
    0.11279296875,
    0.16015625,
    0.1123046875,
    0.1318359375,
    0.1572265625,
    0.12255859375,
    0.130859375,
    0.138671875,
    0.08154296875,
    0.1171875,
    0.14453125,
    0.09423828125,
    0.10400390625,
    0.171875,
    0.1142578125,
    0.1220703125
  ],
  "tv_mean": 0.32320311665534973,
  "tv_std": 0.054560285061597824,
  "tv_per_prompt": [
    0.42578125,
    0.29296875,
    0.3984375,
    0.234375,
    0.314453125,
    0.337890625,
    0.322265625,
    0.328125,
    0.30859375,
    0.275390625,
    0.306640625,
    0.37890625,
    0.376953125,
    0.26953125,
    0.36328125,
    0.400390625,
    0.26953125,
    0.3828125,
    0.2431640625,
    0.2431640625,
    0.318359375,
    0.357421875,
    0.34765625,
    0.359375,
    0.2578125,
    0.33984375,
    0.40625,
    0.1904296875,
    0.296875,
    0.4140625,
    0.259765625,
    0.33203125,
    0.39453125,
    0.302734375,
    0.30859375,
    0.396484375,
    0.28125,
    0.34765625,
    0.373046875,
    0.302734375,
    0.318359375,
    0.33984375,
    0.2333984375,
    0.298828125,
    0.341796875,
    0.26953125,
    0.28125,
    0.400390625,
    0.318359375,
    0.298828125
  ],
  "target_model": "meta-llama/Llama-3.1-8B-Instruct",
  "draft_model": "meta-llama/Llama-3.2-1B-Instruct",
  "adapter_path": "results/exp1_llama/baseline_chat/final",
  "domain": "mixed",
  "divergence_types": [
    "kl",
    "js",
    "tv"
  ],
  "max_seq_len": 512,
  "seed": 42
}