{
  "num_prompts": 50,
  "avg_seq_len": 88.72,
  "kl_mean": 0.5423046946525574,
  "kl_std": 0.14068178832530975,
  "kl_per_prompt": [
    0.7265625,
    0.796875,
    0.6484375,
    0.80859375,
    0.65234375,
    0.69921875,
    0.73828125,
    0.62890625,
    0.50390625,
    0.5546875,
    0.5234375,
    0.46484375,
    0.66796875,
    0.734375,
    0.4921875,
    0.53125,
    0.671875,
    0.64453125,
    0.68359375,
    0.7578125,
    0.45703125,
    0.4609375,
    0.6171875,
    0.37109375,
    0.7109375,
    0.37890625,
    0.4609375,
    0.447265625,
    0.3046875,
    0.54296875,
    0.298828125,
    0.4453125,
    0.546875,
    0.310546875,
    0.64453125,
    0.498046875,
    0.59765625,
    0.306640625,
    0.52734375,
    0.439453125,
    0.490234375,
    0.390625,
    0.435546875,
    0.4296875,
    0.466796875,
    0.283203125,
    0.5,
    0.6953125,
    0.462890625,
    0.6640625
  ],
  "js_mean": 0.07977539300918579,
  "js_std": 0.018486615270376205,
  "js_per_prompt": [
    0.09130859375,
    0.0986328125,
    0.07763671875,
    0.08837890625,
    0.07861328125,
    0.10009765625,
    0.09033203125,
    0.07421875,
    0.0546875,
    0.060546875,
    0.0576171875,
    0.06787109375,
    0.09130859375,
    0.103515625,
    0.057861328125,
    0.0634765625,
    0.107421875,
    0.0703125,
    0.09716796875,
    0.08154296875,
    0.06787109375,
    0.072265625,
    0.1025390625,
    0.052734375,
    0.1103515625,
    0.0576171875,
    0.07568359375,
    0.072265625,
    0.05224609375,
    0.0888671875,
    0.048828125,
    0.0673828125,
    0.09033203125,
    0.059326171875,
    0.09521484375,
    0.0810546875,
    0.09765625,
    0.051025390625,
    0.0869140625,
    0.07861328125,
    0.0849609375,
    0.07275390625,
    0.07763671875,
    0.07958984375,
    0.08447265625,
    0.052001953125,
    0.0888671875,
    0.12451171875,
    0.08349609375,
    0.119140625
  ],
  "tv_mean": 0.22343750298023224,
  "tv_std": 0.047940757125616074,
  "tv_per_prompt": [
    0.234375,
    0.25390625,
    0.20703125,
    0.2109375,
    0.1982421875,
    0.291015625,
    0.2119140625,
    0.2158203125,
    0.13671875,
    0.1650390625,
    0.140625,
    0.2041015625,
    0.2373046875,
    0.2421875,
    0.1748046875,
    0.16015625,
    0.314453125,
    0.1640625,
    0.271484375,
    0.21484375,
    0.1875,
    0.224609375,
    0.3125,
    0.166015625,
    0.28515625,
    0.17578125,
    0.2373046875,
    0.2060546875,
    0.16015625,
    0.234375,
    0.15625,
    0.1953125,
    0.2734375,
    0.177734375,
    0.240234375,
    0.248046875,
    0.294921875,
    0.166015625,
    0.26171875,
    0.224609375,
    0.2578125,
    0.224609375,
    0.2451171875,
    0.2392578125,
    0.248046875,
    0.162109375,
    0.2578125,
    0.310546875,
    0.2412109375,
    0.30859375
  ],
  "target_model": "meta-llama/Llama-3.1-8B-Instruct",
  "draft_model": "meta-llama/Llama-3.2-1B-Instruct",
  "adapter_path": "results/exp1_llama/baseline_medical/final",
  "domain": "code",
  "divergence_types": [
    "kl",
    "js",
    "tv"
  ],
  "max_seq_len": 512,
  "seed": 42
}