{
  "num_prompts": 50,
  "avg_seq_len": 44.88,
  "kl_mean": 0.7906249761581421,
  "kl_std": 0.16459736227989197,
  "kl_per_prompt": [
    0.859375,
    0.8828125,
    1.0546875,
    0.6796875,
    0.80078125,
    0.88671875,
    0.5703125,
    1.0625,
    0.71484375,
    0.76953125,
    0.75390625,
    0.84375,
    1.03125,
    0.6953125,
    0.90625,
    0.80859375,
    0.859375,
    0.93359375,
    0.60546875,
    0.66015625,
    0.76953125,
    0.53125,
    0.73046875,
    0.87109375,
    0.5234375,
    0.9609375,
    0.9453125,
    0.421875,
    0.75,
    1.109375,
    0.71484375,
    0.84765625,
    0.9375,
    0.6484375,
    0.69921875,
    0.9296875,
    0.54296875,
    0.79296875,
    1.0,
    0.76953125,
    0.828125,
    0.859375,
    0.462890625,
    0.78125,
    0.90625,
    0.490234375,
    0.875,
    0.9921875,
    0.59765625,
    0.86328125
  ],
  "js_mean": 0.11958007514476776,
  "js_std": 0.02440893091261387,
  "js_per_prompt": [
    0.12890625,
    0.119140625,
    0.14453125,
    0.08447265625,
    0.1298828125,
    0.1259765625,
    0.0830078125,
    0.134765625,
    0.109375,
    0.107421875,
    0.11083984375,
    0.123046875,
    0.16796875,
    0.09716796875,
    0.12890625,
    0.1376953125,
    0.1318359375,
    0.1416015625,
    0.08837890625,
    0.09375,
    0.109375,
    0.0908203125,
    0.123046875,
    0.1328125,
    0.08154296875,
    0.142578125,
    0.1513671875,
    0.06982421875,
    0.11474609375,
    0.1552734375,
    0.10595703125,
    0.146484375,
    0.14453125,
    0.10009765625,
    0.10986328125,
    0.1552734375,
    0.083984375,
    0.140625,
    0.1513671875,
    0.11767578125,
    0.1328125,
    0.1181640625,
    0.0751953125,
    0.12060546875,
    0.1357421875,
    0.080078125,
    0.126953125,
    0.1552734375,
    0.09765625,
    0.12060546875
  ],
  "tv_mean": 0.3155273497104645,
  "tv_std": 0.05037885531783104,
  "tv_per_prompt": [
    0.361328125,
    0.3125,
    0.37109375,
    0.2275390625,
    0.3359375,
    0.330078125,
    0.263671875,
    0.318359375,
    0.29296875,
    0.27734375,
    0.298828125,
    0.333984375,
    0.40625,
    0.275390625,
    0.341796875,
    0.357421875,
    0.314453125,
    0.3671875,
    0.251953125,
    0.234375,
    0.306640625,
    0.2734375,
    0.34375,
    0.34765625,
    0.24609375,
    0.333984375,
    0.380859375,
    0.197265625,
    0.296875,
    0.400390625,
    0.2734375,
    0.3671875,
    0.390625,
    0.2890625,
    0.306640625,
    0.392578125,
    0.23828125,
    0.361328125,
    0.3671875,
    0.30859375,
    0.32421875,
    0.32421875,
    0.220703125,
    0.314453125,
    0.34375,
    0.255859375,
    0.322265625,
    0.375,
    0.291015625,
    0.310546875
  ],
  "target_model": "meta-llama/Llama-3.1-8B-Instruct",
  "draft_model": "meta-llama/Llama-3.2-1B-Instruct",
  "adapter_path": "results/exp1_llama/baseline_medical/final",
  "domain": "mixed",
  "divergence_types": [
    "kl",
    "js",
    "tv"
  ],
  "max_seq_len": 512,
  "seed": 42
}