{
  "num_prompts": 50,
  "avg_seq_len": 45.78,
  "kl_mean": 0.8571093678474426,
  "kl_std": 0.20999661087989807,
  "kl_per_prompt": [
    1.2890625,
    1.2109375,
    1.1015625,
    0.80859375,
    0.984375,
    0.9765625,
    1.046875,
    1.171875,
    0.99609375,
    1.0546875,
    0.99609375,
    1.1796875,
    0.78515625,
    1.3828125,
    1.0625,
    0.80859375,
    1.125,
    0.91015625,
    1.140625,
    1.1484375,
    0.77734375,
    0.859375,
    0.82421875,
    0.8359375,
    0.765625,
    0.75390625,
    0.5625,
    0.78125,
    0.6015625,
    0.77734375,
    0.7734375,
    0.9609375,
    0.72265625,
    0.734375,
    0.79296875,
    0.734375,
    0.83203125,
    0.6875,
    0.6875,
    0.8046875,
    0.5703125,
    0.83984375,
    0.75,
    0.671875,
    0.69140625,
    0.57421875,
    0.5703125,
    0.546875,
    0.61328125,
    0.578125
  ],
  "js_mean": 0.1272558569908142,
  "js_std": 0.02235494926571846,
  "js_per_prompt": [
    0.173828125,
    0.1689453125,
    0.1474609375,
    0.11181640625,
    0.1298828125,
    0.142578125,
    0.13671875,
    0.1591796875,
    0.13671875,
    0.146484375,
    0.1455078125,
    0.138671875,
    0.10498046875,
    0.1845703125,
    0.146484375,
    0.1171875,
    0.1533203125,
    0.115234375,
    0.1494140625,
    0.166015625,
    0.1318359375,
    0.1416015625,
    0.1259765625,
    0.13671875,
    0.123046875,
    0.11474609375,
    0.08544921875,
    0.1142578125,
    0.09228515625,
    0.126953125,
    0.1162109375,
    0.14453125,
    0.1162109375,
    0.123046875,
    0.125,
    0.11376953125,
    0.1279296875,
    0.10791015625,
    0.1142578125,
    0.1279296875,
    0.09814453125,
    0.13671875,
    0.12451171875,
    0.11474609375,
    0.11669921875,
    0.09423828125,
    0.0966796875,
    0.09814453125,
    0.09912109375,
    0.09912109375
  ],
  "tv_mean": 0.3376171886920929,
  "tv_std": 0.03968338295817375,
  "tv_per_prompt": [
    0.40234375,
    0.4296875,
    0.359375,
    0.328125,
    0.32421875,
    0.349609375,
    0.353515625,
    0.396484375,
    0.330078125,
    0.373046875,
    0.357421875,
    0.328125,
    0.2890625,
    0.4296875,
    0.373046875,
    0.314453125,
    0.388671875,
    0.3125,
    0.3984375,
    0.4140625,
    0.359375,
    0.361328125,
    0.345703125,
    0.375,
    0.33203125,
    0.326171875,
    0.265625,
    0.3125,
    0.28515625,
    0.33984375,
    0.32421875,
    0.353515625,
    0.31640625,
    0.33984375,
    0.34375,
    0.306640625,
    0.34765625,
    0.3046875,
    0.306640625,
    0.330078125,
    0.302734375,
    0.353515625,
    0.337890625,
    0.333984375,
    0.298828125,
    0.279296875,
    0.283203125,
    0.302734375,
    0.26953125,
    0.291015625
  ],
  "target_model": "meta-llama/Llama-3.1-8B-Instruct",
  "draft_model": "meta-llama/Llama-3.2-1B-Instruct",
  "adapter_path": "results/exp1_llama/baseline_medical/final",
  "domain": "chat",
  "divergence_types": [
    "kl",
    "js",
    "tv"
  ],
  "max_seq_len": 512,
  "seed": 42
}