{
  "num_prompts": 50,
  "avg_seq_len": 53.24,
  "kl_mean": 0.8814843893051147,
  "kl_std": 0.2203522026538849,
  "kl_per_prompt": [
    0.671875,
    1.015625,
    1.171875,
    1.0703125,
    0.875,
    1.25,
    0.9765625,
    0.73828125,
    1.3671875,
    0.8125,
    1.0859375,
    0.81640625,
    0.96875,
    1.4921875,
    1.03125,
    0.9453125,
    0.8359375,
    1.21875,
    0.95703125,
    1.1328125,
    0.65234375,
    0.83203125,
    0.828125,
    0.6328125,
    0.8671875,
    0.7890625,
    0.8515625,
    0.9765625,
    0.6328125,
    0.765625,
    1.359375,
    0.90625,
    0.85546875,
    0.7734375,
    0.73828125,
    1.03125,
    0.74609375,
    1.015625,
    1.0234375,
    0.64453125,
    0.6171875,
    0.68359375,
    0.65234375,
    0.64453125,
    0.5546875,
    0.71875,
    0.734375,
    0.9296875,
    0.58203125,
    0.6015625
  ],
  "js_mean": 0.12916015088558197,
  "js_std": 0.02388155646622181,
  "js_per_prompt": [
    0.095703125,
    0.125,
    0.1376953125,
    0.1474609375,
    0.1123046875,
    0.1904296875,
    0.126953125,
    0.0888671875,
    0.154296875,
    0.11328125,
    0.14453125,
    0.103515625,
    0.119140625,
    0.1904296875,
    0.1416015625,
    0.126953125,
    0.10400390625,
    0.1650390625,
    0.1494140625,
    0.15234375,
    0.1044921875,
    0.1328125,
    0.1298828125,
    0.103515625,
    0.1357421875,
    0.10986328125,
    0.130859375,
    0.1435546875,
    0.08642578125,
    0.1220703125,
    0.1748046875,
    0.1357421875,
    0.1318359375,
    0.123046875,
    0.1181640625,
    0.1552734375,
    0.12060546875,
    0.1513671875,
    0.1640625,
    0.10791015625,
    0.1103515625,
    0.126953125,
    0.1142578125,
    0.11572265625,
    0.09814453125,
    0.12255859375,
    0.125,
    0.1533203125,
    0.1083984375,
    0.1123046875
  ],
  "tv_mean": 0.32005858421325684,
  "tv_std": 0.04862874373793602,
  "tv_per_prompt": [
    0.240234375,
    0.294921875,
    0.330078125,
    0.357421875,
    0.2890625,
    0.447265625,
    0.31640625,
    0.220703125,
    0.353515625,
    0.279296875,
    0.353515625,
    0.259765625,
    0.298828125,
    0.4140625,
    0.35546875,
    0.3046875,
    0.28125,
    0.41015625,
    0.369140625,
    0.359375,
    0.267578125,
    0.33984375,
    0.341796875,
    0.26953125,
    0.337890625,
    0.2890625,
    0.33984375,
    0.361328125,
    0.2216796875,
    0.30859375,
    0.380859375,
    0.34375,
    0.341796875,
    0.298828125,
    0.30078125,
    0.369140625,
    0.27734375,
    0.37109375,
    0.39453125,
    0.28515625,
    0.298828125,
    0.32421875,
    0.3046875,
    0.29296875,
    0.2578125,
    0.3046875,
    0.30859375,
    0.36328125,
    0.279296875,
    0.29296875
  ],
  "target_model": "meta-llama/Llama-3.1-8B-Instruct",
  "draft_model": "meta-llama/Llama-3.2-1B-Instruct",
  "adapter_path": "results/exp1_llama/baseline_medical/final",
  "domain": "medical",
  "divergence_types": [
    "kl",
    "js",
    "tv"
  ],
  "max_seq_len": 512,
  "seed": 42
}