{
  "alpha": 0.28133053640994904,
  "alpha_std": 0.058804918080568314,
  "mean_accepted_length": 1.4066526820497454,
  "per_position_alpha": [
    0.4725801618219958,
    0.7222574508560557,
    0.7576821773485514,
    0.7346465816917729,
    0.7586750788643533
  ],
  "per_prompt_alpha": [
    0.23513513513513515,
    0.1360824742268041,
    0.31475409836065577,
    0.2571428571428571,
    0.3620689655172414,
    0.3111111111111111,
    0.23783783783783785,
    0.29253731343283584,
    0.3125,
    0.2535211267605634,
    0.19506172839506172,
    0.25555555555555554,
    0.3709090909090909,
    0.3413793103448276,
    0.2579710144927536,
    0.29523809523809524,
    0.22631578947368422,
    0.3389830508474576,
    0.19753086419753085,
    0.24507042253521127,
    0.23243243243243245,
    0.27058823529411763,
    0.35,
    0.27761194029850744,
    0.3225806451612903,
    0.22933333333333333,
    0.38545454545454544,
    0.31290322580645163,
    0.21818181818181817,
    0.475,
    0.25,
    0.3482758620689655,
    0.3389830508474576,
    0.263768115942029,
    0.23466666666666666,
    0.3888888888888889,
    0.27647058823529413,
    0.3046153846153846,
    0.30625,
    0.3142857142857143,
    0.2878787878787879,
    0.2878787878787879,
    0.29253731343283584,
    0.2835820895522388,
    0.32131147540983607,
    0.25,
    0.22666666666666666,
    0.27647058823529413,
    0.33666666666666667,
    0.3233333333333333
  ],
  "num_prompts": 50,
  "total_tokens_generated": 6454,
  "draft_k": 5,
  "max_new_tokens": 128,
  "target_model": "Qwen/Qwen2.5-7B-Instruct",
  "draft_model": "Qwen/Qwen2.5-0.5B-Instruct",
  "adapter_path": "results/exp3_spec_aware_code_lam0.1/final",
  "domain": "chat",
  "seed": 42
}