{
  "alpha": 0.53,
  "alpha_std": 0.1540454477071762,
  "mean_accepted_length": 2.65,
  "per_position_alpha": [
    0.6550925925925926,
    0.8939929328621908,
    0.8806324110671937,
    0.9120287253141831,
    0.8996062992125984
  ],
  "per_prompt_alpha": [
    0.43137254901960786,
    0.7294117647058823,
    0.3849056603773585,
    0.8620689655172413,
    0.8689655172413793,
    0.631578947368421,
    0.84,
    0.605,
    0.631578947368421,
    0.428,
    0.6857142857142857,
    0.36428571428571427,
    0.5380952380952381,
    0.5136363636363637,
    0.6421052631578947,
    0.49130434782608695,
    0.6263157894736842,
    0.6263157894736842,
    0.2676470588235294,
    0.5658536585365853,
    0.5348837209302325,
    0.6857142857142857,
    0.424,
    0.595,
    0.49333333333333335,
    0.8258064516129032,
    0.5609756097560976,
    0.59,
    0.6432432432432432,
    0.4851063829787234,
    0.6051282051282051,
    1.0,
    0.5348837209302325,
    0.551219512195122,
    0.3482758620689655,
    0.33666666666666667,
    0.41568627450980394,
    0.6666666666666666,
    0.4583333333333333,
    0.59,
    0.4625,
    0.3962962962962963,
    0.4723404255319149,
    0.7352941176470589,
    0.6,
    0.4708333333333333,
    0.4708333333333333,
    0.58,
    0.34576271186440677,
    0.3814814814814815
  ],
  "num_prompts": 50,
  "total_tokens_generated": 6469,
  "draft_k": 5,
  "max_new_tokens": 128,
  "target_model": "Qwen/Qwen2.5-7B-Instruct",
  "draft_model": "Qwen/Qwen2.5-0.5B-Instruct",
  "adapter_path": "results/exp3_spec_aware_code_lam0.1/final",
  "domain": "code",
  "seed": 42
}