{
  "alpha": 0.3421195652173913,
  "alpha_std": 0.11083325743675232,
  "mean_accepted_length": 1.7105978260869565,
  "per_position_alpha": [
    0.5186820652173914,
    0.7753765553372626,
    0.8040540540540541,
    0.8025210084033614,
    0.7971204188481675
  ],
  "per_prompt_alpha": [
    0.3180327868852459,
    0.2923076923076923,
    0.28484848484848485,
    0.3423728813559322,
    0.4076923076923077,
    0.39245283018867927,
    0.3161290322580645,
    0.3851851851851852,
    0.3225806451612903,
    0.32666666666666666,
    0.35172413793103446,
    0.4448979591836735,
    0.3466666666666667,
    0.27058823529411763,
    0.6051282051282051,
    0.41923076923076924,
    0.35789473684210527,
    0.19036144578313252,
    0.3333333333333333,
    0.4117647058823529,
    0.34385964912280703,
    0.28059701492537314,
    0.30153846153846153,
    0.4489795918367347,
    0.27761194029850744,
    0.3344262295081967,
    0.37777777777777777,
    0.2563380281690141,
    0.37142857142857144,
    0.25142857142857145,
    0.7352941176470589,
    0.22077922077922077,
    0.2507042253521127,
    0.2923076923076923,
    0.4583333333333333,
    0.3142857142857143,
    0.436,
    0.7636363636363637,
    0.2953846153846154,
    0.2535211267605634,
    0.5428571428571428,
    0.31290322580645163,
    0.29846153846153844,
    0.33114754098360655,
    0.3,
    0.3413793103448276,
    0.3649122807017544,
    0.3649122807017544,
    0.31475409836065577,
    0.4115384615384615
  ],
  "num_prompts": 50,
  "total_tokens_generated": 6453,
  "draft_k": 5,
  "max_new_tokens": 128,
  "target_model": "Qwen/Qwen2.5-7B-Instruct",
  "draft_model": "Qwen/Qwen2.5-0.5B-Instruct",
  "adapter_path": "results/exp3_spec_aware_code_lam0.1/final",
  "domain": "medical",
  "seed": 42
}