{
  "alpha": 0.3552933009371746,
  "alpha_std": 0.14354440569877625,
  "mean_accepted_length": 1.776466504685873,
  "per_position_alpha": [
    0.5355779243318293,
    0.7861309138042774,
    0.7938994229183842,
    0.7995846313603323,
    0.8168831168831169
  ],
  "per_prompt_alpha": [
    0.585,
    0.37454545454545457,
    0.25277777777777777,
    0.432,
    0.27246376811594203,
    0.35789473684210527,
    0.3288135593220339,
    0.2953846153846154,
    0.24,
    0.4230769230769231,
    0.2753623188405797,
    0.2410958904109589,
    0.39622641509433965,
    0.3482758620689655,
    0.2746268656716418,
    0.8129032258064516,
    0.2818181818181818,
    0.32903225806451614,
    0.84,
    0.30625,
    0.26857142857142857,
    0.4037735849056604,
    0.34,
    0.4074074074074074,
    0.49130434782608695,
    0.3193548387096774,
    0.2507042253521127,
    0.4808510638297872,
    0.3678571428571429,
    0.3448275862068966,
    0.6486486486486487,
    0.2865671641791045,
    0.263768115942029,
    0.46808510638297873,
    0.3111111111111111,
    0.23466666666666666,
    0.5804878048780487,
    0.27246376811594203,
    0.33666666666666667,
    0.6666666666666666,
    0.3180327868852459,
    0.2746268656716418,
    0.5318181818181819,
    0.3781818181818182,
    0.34098360655737703,
    0.5302325581395348,
    0.2787878787878788,
    0.34385964912280703,
    0.5380952380952381,
    0.22337662337662337
  ],
  "num_prompts": 50,
  "total_tokens_generated": 6456,
  "draft_k": 5,
  "max_new_tokens": 128,
  "target_model": "Qwen/Qwen2.5-7B-Instruct",
  "draft_model": "Qwen/Qwen2.5-0.5B-Instruct",
  "adapter_path": "results/exp3_spec_aware_code_lam0.1/final",
  "domain": "mixed",
  "seed": 42
}