{
  "num_prompts": 50,
  "avg_seq_len": 45.26,
  "kl_mean": 1.0871093273162842,
  "kl_std": 0.3484112024307251,
  "kl_per_prompt": [
    1.5546875,
    1.8203125,
    1.4609375,
    1.3828125,
    1.21875,
    1.6875,
    1.3828125,
    1.3984375,
    1.0390625,
    1.3046875,
    1.2109375,
    1.828125,
    1.3828125,
    1.65625,
    1.4296875,
    1.21875,
    1.296875,
    1.1875,
    1.9375,
    1.5234375,
    0.953125,
    0.94140625,
    1.171875,
    1.015625,
    0.796875,
    0.8828125,
    0.69140625,
    0.75,
    0.9140625,
    0.93359375,
    0.8984375,
    1.03125,
    0.94140625,
    0.8984375,
    0.90625,
    0.64453125,
    1.015625,
    0.72265625,
    0.86328125,
    0.72265625,
    0.734375,
    0.9609375,
    0.74609375,
    0.7578125,
    0.89453125,
    0.64453125,
    0.57421875,
    0.6875,
    0.94921875,
    0.7890625
  ],
  "js_mean": 0.1259472668170929,
  "js_std": 0.026150280609726906,
  "js_per_prompt": [
    0.1572265625,
    0.2197265625,
    0.1240234375,
    0.142578125,
    0.08056640625,
    0.1904296875,
    0.11181640625,
    0.150390625,
    0.10107421875,
    0.130859375,
    0.142578125,
    0.1357421875,
    0.15625,
    0.150390625,
    0.15234375,
    0.11279296875,
    0.130859375,
    0.0966796875,
    0.1630859375,
    0.1123046875,
    0.125,
    0.1357421875,
    0.1435546875,
    0.134765625,
    0.1103515625,
    0.1181640625,
    0.0888671875,
    0.09765625,
    0.119140625,
    0.1279296875,
    0.1064453125,
    0.1376953125,
    0.1337890625,
    0.1259765625,
    0.125,
    0.08984375,
    0.125,
    0.0947265625,
    0.111328125,
    0.09033203125,
    0.12109375,
    0.134765625,
    0.11474609375,
    0.12060546875,
    0.1279296875,
    0.09375,
    0.0888671875,
    0.1142578125,
    0.1455078125,
    0.1328125
  ],
  "tv_mean": 0.33205077052116394,
  "tv_std": 0.05052553862333298,
  "tv_per_prompt": [
    0.400390625,
    0.498046875,
    0.32421875,
    0.361328125,
    0.2255859375,
    0.4375,
    0.30859375,
    0.3828125,
    0.263671875,
    0.3671875,
    0.349609375,
    0.33984375,
    0.40234375,
    0.375,
    0.39453125,
    0.287109375,
    0.341796875,
    0.259765625,
    0.38671875,
    0.302734375,
    0.3359375,
    0.337890625,
    0.36328125,
    0.36328125,
    0.310546875,
    0.3359375,
    0.2578125,
    0.27734375,
    0.328125,
    0.357421875,
    0.2890625,
    0.33203125,
    0.33984375,
    0.341796875,
    0.337890625,
    0.263671875,
    0.341796875,
    0.271484375,
    0.296875,
    0.26953125,
    0.3515625,
    0.361328125,
    0.31640625,
    0.333984375,
    0.314453125,
    0.279296875,
    0.2578125,
    0.32421875,
    0.35546875,
    0.34765625
  ],
  "target_model": "Qwen/Qwen2.5-7B-Instruct",
  "draft_model": "Qwen/Qwen2.5-0.5B-Instruct",
  "adapter_path": "results/exp3_spec_aware_code_lam0.1/final",
  "domain": "chat",
  "divergence_types": [
    "kl",
    "js",
    "tv"
  ],
  "max_seq_len": 512,
  "seed": 42
}