{
  "num_prompts": 50,
  "avg_seq_len": 44.32,
  "kl_mean": 0.9289844036102295,
  "kl_std": 0.2593475878238678,
  "kl_per_prompt": [
    1.4140625,
    1.125,
    1.5703125,
    0.640625,
    0.78515625,
    1.0859375,
    0.83203125,
    0.90625,
    1.2734375,
    0.6953125,
    0.8359375,
    0.97265625,
    0.671875,
    0.83984375,
    1.15625,
    0.984375,
    1.109375,
    0.93359375,
    0.875,
    0.81640625,
    0.89453125,
    0.63671875,
    0.5859375,
    1.046875,
    0.5546875,
    1.140625,
    1.2734375,
    0.41796875,
    0.83203125,
    1.6796875,
    0.65234375,
    0.76171875,
    1.28125,
    0.86328125,
    0.85546875,
    1.28125,
    0.91796875,
    0.66015625,
    1.0546875,
    0.765625,
    1.078125,
    0.89453125,
    0.6640625,
    0.8046875,
    1.0625,
    0.609375,
    0.78125,
    1.0625,
    0.83984375,
    0.97265625
  ],
  "js_mean": 0.12139648199081421,
  "js_std": 0.027558909729123116,
  "js_per_prompt": [
    0.1640625,
    0.1142578125,
    0.1357421875,
    0.09814453125,
    0.11279296875,
    0.10400390625,
    0.130859375,
    0.09423828125,
    0.1640625,
    0.103515625,
    0.09423828125,
    0.11962890625,
    0.09326171875,
    0.07470703125,
    0.126953125,
    0.1669921875,
    0.140625,
    0.10400390625,
    0.1162109375,
    0.08203125,
    0.10302734375,
    0.1162109375,
    0.08154296875,
    0.1298828125,
    0.10546875,
    0.13671875,
    0.181640625,
    0.0712890625,
    0.11181640625,
    0.2001953125,
    0.10107421875,
    0.11865234375,
    0.1708984375,
    0.146484375,
    0.10693359375,
    0.158203125,
    0.1171875,
    0.10498046875,
    0.1064453125,
    0.1328125,
    0.1220703125,
    0.1220703125,
    0.11865234375,
    0.09814453125,
    0.1064453125,
    0.1259765625,
    0.11767578125,
    0.1484375,
    0.15234375,
    0.1162109375
  ],
  "tv_mean": 0.31398436427116394,
  "tv_std": 0.053676407784223557,
  "tv_per_prompt": [
    0.400390625,
    0.294921875,
    0.353515625,
    0.2734375,
    0.296875,
    0.314453125,
    0.322265625,
    0.2578125,
    0.388671875,
    0.28515625,
    0.279296875,
    0.326171875,
    0.275390625,
    0.2099609375,
    0.31640625,
    0.3984375,
    0.3125,
    0.291015625,
    0.294921875,
    0.216796875,
    0.2890625,
    0.32421875,
    0.2373046875,
    0.314453125,
    0.287109375,
    0.32421875,
    0.419921875,
    0.205078125,
    0.279296875,
    0.462890625,
    0.26953125,
    0.30859375,
    0.419921875,
    0.357421875,
    0.291015625,
    0.390625,
    0.275390625,
    0.29296875,
    0.296875,
    0.3359375,
    0.314453125,
    0.322265625,
    0.3125,
    0.26953125,
    0.302734375,
    0.34375,
    0.30859375,
    0.361328125,
    0.384765625,
    0.2890625
  ],
  "target_model": "Qwen/Qwen2.5-7B-Instruct",
  "draft_model": "Qwen/Qwen2.5-0.5B-Instruct",
  "adapter_path": "results/exp3_spec_aware_code_lam0.1/final",
  "domain": "mixed",
  "divergence_types": [
    "kl",
    "js",
    "tv"
  ],
  "max_seq_len": 512,
  "seed": 42
}