{
  "num_prompts": 50,
  "avg_seq_len": 52.88,
  "kl_mean": 0.9626562595367432,
  "kl_std": 0.2739849090576172,
  "kl_per_prompt": [
    0.74609375,
    1.140625,
    0.734375,
    1.3046875,
    0.90625,
    1.5859375,
    1.1015625,
    0.828125,
    0.78125,
    1.1484375,
    1.1171875,
    1.2265625,
    1.28125,
    1.0234375,
    1.25,
    1.078125,
    0.98828125,
    1.5,
    1.0,
    1.3984375,
    0.65234375,
    1.2109375,
    0.8125,
    0.79296875,
    0.5234375,
    0.76953125,
    0.83984375,
    0.76953125,
    0.734375,
    0.9453125,
    1.609375,
    0.9765625,
    0.9140625,
    1.03125,
    0.703125,
    1.125,
    0.71875,
    1.1640625,
    1.5390625,
    0.76953125,
    0.5703125,
    0.81640625,
    0.8203125,
    0.5546875,
    0.8046875,
    0.640625,
    0.87109375,
    0.71484375,
    0.72265625,
    0.875
  ],
  "js_mean": 0.11658202856779099,
  "js_std": 0.030568944290280342,
  "js_per_prompt": [
    0.06982421875,
    0.08740234375,
    0.09912109375,
    0.138671875,
    0.07470703125,
    0.1943359375,
    0.07080078125,
    0.0615234375,
    0.1015625,
    0.08740234375,
    0.1103515625,
    0.11474609375,
    0.12890625,
    0.12890625,
    0.12353515625,
    0.0908203125,
    0.07421875,
    0.1630859375,
    0.11376953125,
    0.11279296875,
    0.08984375,
    0.166015625,
    0.1201171875,
    0.10986328125,
    0.06640625,
    0.08984375,
    0.109375,
    0.111328125,
    0.099609375,
    0.1337890625,
    0.18359375,
    0.1259765625,
    0.1220703125,
    0.126953125,
    0.10693359375,
    0.1494140625,
    0.1083984375,
    0.1484375,
    0.1982421875,
    0.11474609375,
    0.103515625,
    0.1337890625,
    0.126953125,
    0.0986328125,
    0.13671875,
    0.09814453125,
    0.125,
    0.11962890625,
    0.12255859375,
    0.13671875
  ],
  "tv_mean": 0.29142579436302185,
  "tv_std": 0.059396110475063324,
  "tv_per_prompt": [
    0.1953125,
    0.240234375,
    0.251953125,
    0.349609375,
    0.2138671875,
    0.453125,
    0.1884765625,
    0.16015625,
    0.275390625,
    0.2333984375,
    0.287109375,
    0.26953125,
    0.322265625,
    0.30078125,
    0.31640625,
    0.232421875,
    0.20703125,
    0.3671875,
    0.28125,
    0.291015625,
    0.2392578125,
    0.38671875,
    0.30859375,
    0.291015625,
    0.2041015625,
    0.25390625,
    0.306640625,
    0.291015625,
    0.232421875,
    0.3203125,
    0.400390625,
    0.3203125,
    0.3125,
    0.3046875,
    0.271484375,
    0.353515625,
    0.25390625,
    0.359375,
    0.427734375,
    0.283203125,
    0.283203125,
    0.328125,
    0.30859375,
    0.259765625,
    0.326171875,
    0.271484375,
    0.298828125,
    0.306640625,
    0.306640625,
    0.32421875
  ],
  "target_model": "Qwen/Qwen2.5-7B-Instruct",
  "draft_model": "Qwen/Qwen2.5-0.5B-Instruct",
  "adapter_path": "results/exp3_spec_aware_code_lam0.1/final",
  "domain": "medical",
  "divergence_types": [
    "kl",
    "js",
    "tv"
  ],
  "max_seq_len": 512,
  "seed": 42
}