{
  "alpha": 0.5404694835680751,
  "alpha_std": 0.15848365426063538,
  "mean_accepted_length": 2.7023474178403757,
  "per_position_alpha": [
    0.6652582159624413,
    0.8990825688073395,
    0.8830455259026687,
    0.9102222222222223,
    0.89453125
  ],
  "per_prompt_alpha": [
    0.5948717948717949,
    0.7294117647058823,
    0.36140350877192984,
    0.8620689655172413,
    0.8689655172413793,
    0.6205128205128205,
    0.5804878048780487,
    0.7575757575757576,
    0.6378378378378379,
    0.428,
    0.8266666666666667,
    0.36428571428571427,
    0.4448979591836735,
    0.5255813953488372,
    0.6421052631578947,
    0.6888888888888889,
    0.6263157894736842,
    0.9071428571428571,
    0.4,
    0.5666666666666667,
    0.6210526315789474,
    0.49130434782608695,
    0.424,
    0.68,
    0.49333333333333335,
    0.8258064516129032,
    0.5609756097560976,
    0.59,
    0.6432432432432432,
    0.3888888888888889,
    0.6555555555555556,
    1.0,
    0.5395348837209303,
    0.5181818181818182,
    0.3482758620689655,
    0.48695652173913045,
    0.4625,
    0.6666666666666666,
    0.3962962962962963,
    0.5523809523809524,
    0.46122448979591835,
    0.4448979591836735,
    0.4346153846153846,
    0.6971428571428572,
    0.5428571428571428,
    0.4235294117647059,
    0.4115384615384615,
    0.5658536585365853,
    0.3890909090909091,
    0.3814814814814815
  ],
  "num_prompts": 50,
  "total_tokens_generated": 6469,
  "draft_k": 5,
  "max_new_tokens": 128,
  "target_model": "Qwen/Qwen2.5-7B-Instruct",
  "draft_model": "Qwen/Qwen2.5-0.5B-Instruct",
  "adapter_path": "results/exp4/code_lam_0.01/final",
  "domain": "code",
  "seed": 42
}