{
  "num_prompts": 50,
  "avg_seq_len": 88.6,
  "kl_mean": 0.625,
  "kl_std": 0.18786543607711792,
  "kl_per_prompt": [
    0.7734375,
    0.875,
    0.546875,
    0.6953125,
    0.494140625,
    0.70703125,
    0.8671875,
    0.490234375,
    0.52734375,
    0.6171875,
    0.56640625,
    0.5234375,
    0.765625,
    0.5078125,
    0.6328125,
    0.5625,
    0.98046875,
    0.59375,
    0.7265625,
    0.58984375,
    0.390625,
    0.92578125,
    0.91015625,
    0.35546875,
    0.8515625,
    0.27734375,
    0.546875,
    0.625,
    0.3359375,
    0.67578125,
    0.248046875,
    0.578125,
    0.6796875,
    0.400390625,
    0.87109375,
    0.89453125,
    0.83203125,
    0.43359375,
    0.6796875,
    0.57421875,
    0.59765625,
    0.490234375,
    0.60546875,
    0.466796875,
    0.51953125,
    0.296875,
    0.71875,
    0.9453125,
    0.578125,
    0.90234375
  ],
  "js_mean": 0.09507324546575546,
  "js_std": 0.034349456429481506,
  "js_per_prompt": [
    0.0751953125,
    0.1005859375,
    0.05712890625,
    0.07275390625,
    0.05517578125,
    0.1328125,
    0.09814453125,
    0.0634765625,
    0.044677734375,
    0.06005859375,
    0.05712890625,
    0.0966796875,
    0.0927734375,
    0.062255859375,
    0.07275390625,
    0.056884765625,
    0.1279296875,
    0.062255859375,
    0.11181640625,
    0.0634765625,
    0.057373046875,
    0.1435546875,
    0.16015625,
    0.058349609375,
    0.1494140625,
    0.039794921875,
    0.09765625,
    0.1064453125,
    0.06640625,
    0.10888671875,
    0.039794921875,
    0.08837890625,
    0.12890625,
    0.08544921875,
    0.142578125,
    0.1259765625,
    0.1435546875,
    0.08056640625,
    0.12060546875,
    0.10791015625,
    0.11181640625,
    0.09326171875,
    0.11279296875,
    0.09423828125,
    0.10302734375,
    0.057861328125,
    0.1396484375,
    0.1611328125,
    0.10791015625,
    0.15625
  ],
  "tv_mean": 0.25315430760383606,
  "tv_std": 0.07400242984294891,
  "tv_per_prompt": [
    0.220703125,
    0.275390625,
    0.162109375,
    0.208984375,
    0.1708984375,
    0.330078125,
    0.259765625,
    0.1865234375,
    0.11669921875,
    0.1796875,
    0.1591796875,
    0.2431640625,
    0.2373046875,
    0.177734375,
    0.2216796875,
    0.1708984375,
    0.330078125,
    0.16015625,
    0.29296875,
    0.1923828125,
    0.1708984375,
    0.35546875,
    0.392578125,
    0.1845703125,
    0.361328125,
    0.1357421875,
    0.275390625,
    0.279296875,
    0.1943359375,
    0.271484375,
    0.134765625,
    0.2314453125,
    0.345703125,
    0.23046875,
    0.328125,
    0.318359375,
    0.369140625,
    0.220703125,
    0.3203125,
    0.28515625,
    0.310546875,
    0.259765625,
    0.30078125,
    0.263671875,
    0.28125,
    0.1767578125,
    0.353515625,
    0.361328125,
    0.283203125,
    0.365234375
  ],
  "target_model": "Qwen/Qwen2.5-7B-Instruct",
  "draft_model": "Qwen/Qwen2.5-0.5B-Instruct",
  "adapter_path": "results/exp4/code_lam_0.01/final",
  "domain": "code",
  "divergence_types": [
    "kl",
    "js",
    "tv"
  ],
  "max_seq_len": 512,
  "seed": 42
}