{
  "alpha": 0.5493827160493827,
  "alpha_std": 0.15185034275054932,
  "mean_accepted_length": 2.746913580246914,
  "per_position_alpha": [
    0.6733143399810066,
    0.889280677009873,
    0.8969072164948454,
    0.9098143236074271,
    0.9193391642371235
  ],
  "per_prompt_alpha": [
    0.5155555555555555,
    0.7393939393939394,
    0.631578947368421,
    0.8620689655172413,
    0.6914285714285714,
    0.58,
    0.84,
    0.5658536585365853,
    0.5428571428571428,
    0.39622641509433965,
    0.8266666666666667,
    0.4,
    0.432,
    0.49777777777777776,
    0.6210526315789474,
    0.49130434782608695,
    0.6210526315789474,
    0.8620689655172413,
    0.2746268656716418,
    0.6102564102564103,
    0.5853658536585366,
    0.5395348837209303,
    0.3649122807017544,
    0.68,
    0.49333333333333335,
    0.8258064516129032,
    0.6,
    0.59,
    0.6432432432432432,
    0.6210526315789474,
    0.6256410256410256,
    1.0,
    0.4826086956521739,
    0.5523809523809524,
    0.34576271186440677,
    0.4826086956521739,
    0.5318181818181819,
    0.59,
    0.46122448979591835,
    0.6368421052631579,
    0.46122448979591835,
    0.5658536585365853,
    0.8,
    0.6888888888888889,
    0.49130434782608695,
    0.3888888888888889,
    0.432,
    0.58,
    0.42745098039215684,
    0.41568627450980394
  ],
  "num_prompts": 50,
  "total_tokens_generated": 6473,
  "draft_k": 5,
  "max_new_tokens": 128,
  "target_model": "Qwen/Qwen2.5-7B-Instruct",
  "draft_model": "Qwen/Qwen2.5-0.5B-Instruct",
  "adapter_path": "results/exp2/code_with_checkpoints/checkpoints/step_312",
  "domain": "code",
  "seed": 42
}