{
  "alpha": 0.5551839464882943,
  "alpha_std": 0.1498148888349533,
  "mean_accepted_length": 2.7759197324414715,
  "per_position_alpha": [
    0.6760630673674152,
    0.9031802120141342,
    0.8865414710485133,
    0.9161518093556928,
    0.9113680154142582
  ],
  "per_prompt_alpha": [
    0.5948717948717949,
    0.7294117647058823,
    0.595,
    0.79375,
    0.8689655172413793,
    0.605,
    0.5066666666666667,
    0.7575757575757576,
    0.631578947368421,
    0.46122448979591835,
    0.8266666666666667,
    0.4115384615384615,
    0.43137254901960786,
    0.49777777777777776,
    0.6648648648648648,
    0.6263157894736842,
    0.6263157894736842,
    0.9071428571428571,
    0.5022222222222222,
    0.5666666666666667,
    0.6210526315789474,
    0.49130434782608695,
    0.424,
    0.6914285714285714,
    0.49333333333333335,
    0.8258064516129032,
    0.5658536585365853,
    0.59,
    0.6432432432432432,
    0.5066666666666667,
    0.6555555555555556,
    1.0,
    0.5395348837209303,
    0.5181818181818182,
    0.34576271186440677,
    0.4826086956521739,
    0.58,
    0.6153846153846154,
    0.46122448979591835,
    0.5523809523809524,
    0.46122448979591835,
    0.37857142857142856,
    0.8064516129032258,
    0.6594594594594595,
    0.49130434782608695,
    0.39245283018867927,
    0.432,
    0.4075471698113208,
    0.46808510638297873,
    0.3814814814814815
  ],
  "num_prompts": 50,
  "total_tokens_generated": 6488,
  "draft_k": 5,
  "max_new_tokens": 128,
  "target_model": "Qwen/Qwen2.5-7B-Instruct",
  "draft_model": "Qwen/Qwen2.5-0.5B-Instruct",
  "adapter_path": "results/exp2/code_with_checkpoints/checkpoints/step_468",
  "domain": "code",
  "seed": 42
}