{
  "alpha": 0.54720908230842,
  "alpha_std": 0.15481163561344147,
  "mean_accepted_length": 2.7360454115421002,
  "per_position_alpha": [
    0.6707663197729423,
    0.8970380818053597,
    0.8852201257861635,
    0.91651865008881,
    0.9069767441860465
  ],
  "per_prompt_alpha": [
    0.5948717948717949,
    0.7294117647058823,
    0.595,
    0.8620689655172413,
    0.8689655172413793,
    0.6205128205128205,
    0.49777777777777776,
    0.605,
    0.6210526315789474,
    0.43673469387755104,
    0.8266666666666667,
    0.4153846153846154,
    0.4448979591836735,
    0.5609756097560976,
    0.7142857142857143,
    0.6263157894736842,
    0.6263157894736842,
    0.9071428571428571,
    0.58,
    0.5666666666666667,
    0.5348837209302325,
    0.49130434782608695,
    0.424,
    0.6914285714285714,
    0.49333333333333335,
    0.8258064516129032,
    0.5609756097560976,
    0.59,
    0.6432432432432432,
    0.3849056603773585,
    0.6051282051282051,
    1.0,
    0.5302325581395348,
    0.5181818181818182,
    0.30625,
    0.48695652173913045,
    0.4625,
    0.6153846153846154,
    0.41509433962264153,
    0.5666666666666667,
    0.46122448979591835,
    0.46122448979591835,
    0.8064516129032258,
    0.6594594594594595,
    0.4625,
    0.4235294117647059,
    0.3781818181818182,
    0.5658536585365853,
    0.3389830508474576,
    0.4
  ],
  "num_prompts": 50,
  "total_tokens_generated": 6480,
  "draft_k": 5,
  "max_new_tokens": 128,
  "target_model": "Qwen/Qwen2.5-7B-Instruct",
  "draft_model": "Qwen/Qwen2.5-0.5B-Instruct",
  "adapter_path": "results/exp2/code_with_checkpoints/checkpoints/step_624",
  "domain": "code",
  "seed": 42
}