{
  "alpha": 0.5425891181988743,
  "alpha_std": 0.13788184523582458,
  "mean_accepted_length": 2.7129455909943716,
  "per_position_alpha": [
    0.6660412757973734,
    0.8950704225352113,
    0.8851298190401259,
    0.9191111111111111,
    0.9032882011605415
  ],
  "per_prompt_alpha": [
    0.6857142857142857,
    0.7575757575757576,
    0.631578947368421,
    0.8620689655172413,
    0.8689655172413793,
    0.5155555555555555,
    0.6205128205128205,
    0.654054054054054,
    0.5948717948717949,
    0.45416666666666666,
    0.6555555555555556,
    0.375,
    0.5523809523809524,
    0.48936170212765956,
    0.6378378378378379,
    0.7393939393939394,
    0.6263157894736842,
    0.5428571428571428,
    0.4075471698113208,
    0.5534883720930233,
    0.5272727272727272,
    0.6263157894736842,
    0.4037735849056604,
    0.68,
    0.5609756097560976,
    0.8258064516129032,
    0.5523809523809524,
    0.5658536585365853,
    0.6432432432432432,
    0.5043478260869565,
    0.7085714285714285,
    0.9071428571428571,
    0.631578947368421,
    0.5111111111111111,
    0.34576271186440677,
    0.5441860465116279,
    0.4530612244897959,
    0.5756097560975609,
    0.4666666666666667,
    0.5209302325581395,
    0.475,
    0.452,
    0.5902439024390244,
    0.6594594594594595,
    0.4851063829787234,
    0.4075471698113208,
    0.33,
    0.38113207547169814,
    0.3413793103448276,
    0.4530612244897959
  ],
  "num_prompts": 50,
  "total_tokens_generated": 6496,
  "draft_k": 5,
  "max_new_tokens": 128,
  "target_model": "Qwen/Qwen2.5-7B-Instruct",
  "draft_model": "Qwen/Qwen2.5-0.5B-Instruct",
  "adapter_path": "results/exp2/code_with_checkpoints/checkpoints/step_156",
  "domain": "code",
  "seed": 42
}