{
  "num_prompts": 50,
  "avg_seq_len": 88.6,
  "kl_mean": 0.42482420802116394,
  "kl_std": 0.2204034924507141,
  "kl_per_prompt": [
    0.25390625,
    0.4453125,
    0.1884765625,
    0.2431640625,
    0.197265625,
    0.55078125,
    0.318359375,
    0.302734375,
    0.1240234375,
    0.1328125,
    0.201171875,
    0.265625,
    0.482421875,
    0.19140625,
    0.26171875,
    0.1640625,
    0.765625,
    0.2373046875,
    0.55078125,
    0.2333984375,
    0.259765625,
    0.49609375,
    0.81640625,
    0.26171875,
    0.76171875,
    0.181640625,
    0.3828125,
    0.34375,
    0.2578125,
    0.51953125,
    0.177734375,
    0.27734375,
    0.57421875,
    0.3828125,
    0.640625,
    0.62109375,
    0.64453125,
    0.201171875,
    0.6015625,
    0.71484375,
    0.5546875,
    0.43359375,
    0.5078125,
    0.44140625,
    0.51171875,
    0.298828125,
    0.72265625,
    0.96875,
    0.6640625,
    0.91015625
  ],
  "js_mean": 0.08765625208616257,
  "js_std": 0.04022834077477455,
  "js_per_prompt": [
    0.05224609375,
    0.08349609375,
    0.045166015625,
    0.05224609375,
    0.04296875,
    0.126953125,
    0.06640625,
    0.0556640625,
    0.027099609375,
    0.032958984375,
    0.0390625,
    0.060546875,
    0.0849609375,
    0.04833984375,
    0.061279296875,
    0.036376953125,
    0.134765625,
    0.045654296875,
    0.11083984375,
    0.046875,
    0.05859375,
    0.11474609375,
    0.169921875,
    0.06005859375,
    0.1435546875,
    0.038818359375,
    0.09326171875,
    0.07861328125,
    0.05810546875,
    0.09765625,
    0.04296875,
    0.0693359375,
    0.12109375,
    0.08740234375,
    0.11474609375,
    0.125,
    0.1328125,
    0.047607421875,
    0.130859375,
    0.138671875,
    0.1171875,
    0.09423828125,
    0.11279296875,
    0.10009765625,
    0.11376953125,
    0.0634765625,
    0.1513671875,
    0.1630859375,
    0.1279296875,
    0.1611328125
  ],
  "tv_mean": 0.24269531667232513,
  "tv_std": 0.07831615209579468,
  "tv_per_prompt": [
    0.1923828125,
    0.2451171875,
    0.1640625,
    0.1982421875,
    0.158203125,
    0.33203125,
    0.21484375,
    0.19140625,
    0.1015625,
    0.12890625,
    0.13671875,
    0.1865234375,
    0.2294921875,
    0.16796875,
    0.2177734375,
    0.142578125,
    0.3359375,
    0.1435546875,
    0.3046875,
    0.1708984375,
    0.1767578125,
    0.314453125,
    0.40625,
    0.1904296875,
    0.345703125,
    0.140625,
    0.265625,
    0.228515625,
    0.1787109375,
    0.2490234375,
    0.1455078125,
    0.203125,
    0.322265625,
    0.23046875,
    0.275390625,
    0.326171875,
    0.3359375,
    0.1689453125,
    0.326171875,
    0.32421875,
    0.306640625,
    0.2578125,
    0.30078125,
    0.27734375,
    0.296875,
    0.185546875,
    0.357421875,
    0.357421875,
    0.306640625,
    0.37109375
  ],
  "target_model": "Qwen/Qwen2.5-7B-Instruct",
  "draft_model": "Qwen/Qwen2.5-0.5B-Instruct",
  "adapter_path": null,
  "domain": "code",
  "divergence_types": [
    "kl",
    "js",
    "tv"
  ],
  "max_seq_len": 512,
  "seed": 42
}