{
  "num_prompts": 50,
  "avg_seq_len": 88.6,
  "kl_mean": 0.6280078291893005,
  "kl_std": 0.18812227249145508,
  "kl_per_prompt": [
    0.77734375,
    0.87890625,
    0.546875,
    0.69921875,
    0.5,
    0.71484375,
    0.8671875,
    0.486328125,
    0.52734375,
    0.63671875,
    0.578125,
    0.515625,
    0.765625,
    0.515625,
    0.6328125,
    0.5703125,
    0.98046875,
    0.59765625,
    0.703125,
    0.58984375,
    0.388671875,
    0.921875,
    0.91796875,
    0.35546875,
    0.84765625,
    0.27734375,
    0.5546875,
    0.63671875,
    0.33984375,
    0.68359375,
    0.25,
    0.5859375,
    0.67578125,
    0.400390625,
    0.8828125,
    0.89453125,
    0.84375,
    0.435546875,
    0.68359375,
    0.58203125,
    0.6015625,
    0.4921875,
    0.61328125,
    0.466796875,
    0.51953125,
    0.30078125,
    0.72265625,
    0.9453125,
    0.5859375,
    0.91015625
  ],
  "js_mean": 0.09562988579273224,
  "js_std": 0.03450365737080574,
  "js_per_prompt": [
    0.0751953125,
    0.10107421875,
    0.05712890625,
    0.07275390625,
    0.05615234375,
    0.134765625,
    0.09814453125,
    0.0634765625,
    0.044677734375,
    0.06103515625,
    0.058349609375,
    0.095703125,
    0.09228515625,
    0.06396484375,
    0.07275390625,
    0.058349609375,
    0.1279296875,
    0.0625,
    0.1103515625,
    0.0634765625,
    0.05712890625,
    0.1435546875,
    0.162109375,
    0.05859375,
    0.1494140625,
    0.04052734375,
    0.0986328125,
    0.10693359375,
    0.06640625,
    0.1103515625,
    0.040771484375,
    0.08984375,
    0.12890625,
    0.08544921875,
    0.14453125,
    0.126953125,
    0.1455078125,
    0.08056640625,
    0.12109375,
    0.10888671875,
    0.11279296875,
    0.09375,
    0.1142578125,
    0.0947265625,
    0.10400390625,
    0.058349609375,
    0.140625,
    0.1611328125,
    0.1083984375,
    0.1572265625
  ],
  "tv_mean": 0.2544238269329071,
  "tv_std": 0.07397501915693283,
  "tv_per_prompt": [
    0.2197265625,
    0.27734375,
    0.1630859375,
    0.2099609375,
    0.1748046875,
    0.33203125,
    0.2578125,
    0.185546875,
    0.11767578125,
    0.18359375,
    0.1630859375,
    0.2421875,
    0.23828125,
    0.1806640625,
    0.220703125,
    0.1748046875,
    0.330078125,
    0.1611328125,
    0.29296875,
    0.1923828125,
    0.169921875,
    0.35546875,
    0.392578125,
    0.1845703125,
    0.361328125,
    0.1376953125,
    0.27734375,
    0.28125,
    0.1943359375,
    0.2734375,
    0.1357421875,
    0.234375,
    0.345703125,
    0.2314453125,
    0.33203125,
    0.3203125,
    0.373046875,
    0.22265625,
    0.3203125,
    0.2890625,
    0.3125,
    0.26171875,
    0.302734375,
    0.263671875,
    0.283203125,
    0.177734375,
    0.353515625,
    0.361328125,
    0.28515625,
    0.369140625
  ],
  "target_model": "Qwen/Qwen2.5-7B-Instruct",
  "draft_model": "Qwen/Qwen2.5-0.5B-Instruct",
  "adapter_path": "results/exp2/code_with_checkpoints/checkpoints/step_468",
  "domain": "code",
  "divergence_types": [
    "kl",
    "js",
    "tv"
  ],
  "max_seq_len": 512,
  "seed": 42
}