{
  "num_prompts": 50,
  "avg_seq_len": 88.6,
  "kl_mean": 0.6270117163658142,
  "kl_std": 0.18780145049095154,
  "kl_per_prompt": [
    0.77734375,
    0.87890625,
    0.546875,
    0.69140625,
    0.49609375,
    0.70703125,
    0.859375,
    0.490234375,
    0.53125,
    0.6328125,
    0.5703125,
    0.52734375,
    0.765625,
    0.51171875,
    0.62890625,
    0.5625,
    0.9765625,
    0.59375,
    0.7265625,
    0.5859375,
    0.38671875,
    0.921875,
    0.91015625,
    0.35546875,
    0.85546875,
    0.27734375,
    0.5546875,
    0.6328125,
    0.337890625,
    0.67578125,
    0.2490234375,
    0.58203125,
    0.6796875,
    0.404296875,
    0.875,
    0.89453125,
    0.8359375,
    0.435546875,
    0.68359375,
    0.578125,
    0.6015625,
    0.490234375,
    0.61328125,
    0.46875,
    0.51953125,
    0.298828125,
    0.72265625,
    0.94921875,
    0.5859375,
    0.9140625
  ],
  "js_mean": 0.09539062529802322,
  "js_std": 0.0343954972922802,
  "js_per_prompt": [
    0.07568359375,
    0.1015625,
    0.056640625,
    0.07177734375,
    0.055419921875,
    0.1328125,
    0.09716796875,
    0.06298828125,
    0.045654296875,
    0.06103515625,
    0.057861328125,
    0.09716796875,
    0.0927734375,
    0.0634765625,
    0.07275390625,
    0.057373046875,
    0.1279296875,
    0.0625,
    0.11181640625,
    0.0625,
    0.05712890625,
    0.142578125,
    0.1611328125,
    0.05859375,
    0.1494140625,
    0.0400390625,
    0.0986328125,
    0.107421875,
    0.06640625,
    0.109375,
    0.04052734375,
    0.08935546875,
    0.1298828125,
    0.0859375,
    0.142578125,
    0.1259765625,
    0.14453125,
    0.0810546875,
    0.12060546875,
    0.10791015625,
    0.1123046875,
    0.09326171875,
    0.1142578125,
    0.09521484375,
    0.103515625,
    0.05810546875,
    0.140625,
    0.1611328125,
    0.10791015625,
    0.1572265625
  ],
  "tv_mean": 0.2535449266433716,
  "tv_std": 0.0737377479672432,
  "tv_per_prompt": [
    0.220703125,
    0.27734375,
    0.162109375,
    0.20703125,
    0.171875,
    0.328125,
    0.255859375,
    0.1875,
    0.11865234375,
    0.181640625,
    0.1611328125,
    0.244140625,
    0.2373046875,
    0.1796875,
    0.220703125,
    0.1708984375,
    0.328125,
    0.1611328125,
    0.291015625,
    0.1923828125,
    0.169921875,
    0.3515625,
    0.39453125,
    0.185546875,
    0.361328125,
    0.13671875,
    0.27734375,
    0.28125,
    0.1953125,
    0.271484375,
    0.1357421875,
    0.2333984375,
    0.345703125,
    0.232421875,
    0.328125,
    0.318359375,
    0.37109375,
    0.220703125,
    0.3203125,
    0.287109375,
    0.310546875,
    0.26171875,
    0.302734375,
    0.263671875,
    0.28125,
    0.1767578125,
    0.353515625,
    0.361328125,
    0.283203125,
    0.3671875
  ],
  "target_model": "Qwen/Qwen2.5-7B-Instruct",
  "draft_model": "Qwen/Qwen2.5-0.5B-Instruct",
  "adapter_path": "results/exp2/code_with_checkpoints/checkpoints/step_624",
  "domain": "code",
  "divergence_types": [
    "kl",
    "js",
    "tv"
  ],
  "max_seq_len": 512,
  "seed": 42
}