{
  "num_prompts": 50,
  "avg_seq_len": 88.6,
  "kl_mean": 0.6174023151397705,
  "kl_std": 0.18501128256320953,
  "kl_per_prompt": [
    0.78515625,
    0.88671875,
    0.546875,
    0.71484375,
    0.4921875,
    0.69140625,
    0.87890625,
    0.498046875,
    0.53515625,
    0.63671875,
    0.609375,
    0.51171875,
    0.76953125,
    0.5234375,
    0.64453125,
    0.58984375,
    1.0,
    0.59765625,
    0.66796875,
    0.56640625,
    0.38671875,
    0.90234375,
    0.8828125,
    0.359375,
    0.82421875,
    0.2890625,
    0.53125,
    0.609375,
    0.318359375,
    0.6171875,
    0.2490234375,
    0.55859375,
    0.6484375,
    0.3828125,
    0.8046875,
    0.890625,
    0.80859375,
    0.4140625,
    0.66796875,
    0.5546875,
    0.59375,
    0.4765625,
    0.59765625,
    0.458984375,
    0.5078125,
    0.294921875,
    0.69140625,
    0.9375,
    0.57421875,
    0.890625
  ],
  "js_mean": 0.09322265535593033,
  "js_std": 0.03249795734882355,
  "js_per_prompt": [
    0.07763671875,
    0.10302734375,
    0.055908203125,
    0.07373046875,
    0.0537109375,
    0.1259765625,
    0.09912109375,
    0.06494140625,
    0.046875,
    0.0634765625,
    0.0634765625,
    0.0927734375,
    0.09423828125,
    0.0634765625,
    0.0751953125,
    0.060302734375,
    0.12890625,
    0.06298828125,
    0.10693359375,
    0.05859375,
    0.056640625,
    0.1396484375,
    0.154296875,
    0.05859375,
    0.14453125,
    0.041748046875,
    0.09326171875,
    0.103515625,
    0.062255859375,
    0.10107421875,
    0.039794921875,
    0.08544921875,
    0.12255859375,
    0.08056640625,
    0.1337890625,
    0.125,
    0.1376953125,
    0.07470703125,
    0.1181640625,
    0.103515625,
    0.10986328125,
    0.08935546875,
    0.10986328125,
    0.0927734375,
    0.099609375,
    0.056884765625,
    0.134765625,
    0.1591796875,
    0.1064453125,
    0.154296875
  ],
  "tv_mean": 0.25150391459465027,
  "tv_std": 0.0699542909860611,
  "tv_per_prompt": [
    0.2265625,
    0.279296875,
    0.1650390625,
    0.21484375,
    0.169921875,
    0.318359375,
    0.259765625,
    0.193359375,
    0.1259765625,
    0.1923828125,
    0.1708984375,
    0.236328125,
    0.24609375,
    0.1826171875,
    0.2294921875,
    0.1826171875,
    0.330078125,
    0.1689453125,
    0.283203125,
    0.1875,
    0.169921875,
    0.3515625,
    0.380859375,
    0.1875,
    0.353515625,
    0.140625,
    0.267578125,
    0.271484375,
    0.1875,
    0.26171875,
    0.1337890625,
    0.2265625,
    0.33203125,
    0.220703125,
    0.31640625,
    0.31640625,
    0.36328125,
    0.2109375,
    0.3203125,
    0.279296875,
    0.306640625,
    0.25390625,
    0.296875,
    0.259765625,
    0.27734375,
    0.173828125,
    0.345703125,
    0.359375,
    0.283203125,
    0.36328125
  ],
  "target_model": "Qwen/Qwen2.5-7B-Instruct",
  "draft_model": "Qwen/Qwen2.5-0.5B-Instruct",
  "adapter_path": "results/exp2/code_with_checkpoints/checkpoints/step_156",
  "domain": "code",
  "divergence_types": [
    "kl",
    "js",
    "tv"
  ],
  "max_seq_len": 512,
  "seed": 42
}