{
  "num_prompts": 50,
  "avg_seq_len": 88.6,
  "kl_mean": 0.6322851777076721,
  "kl_std": 0.1884632110595703,
  "kl_per_prompt": [
    0.76953125,
    0.88671875,
    0.55078125,
    0.69140625,
    0.4921875,
    0.7109375,
    0.8671875,
    0.494140625,
    0.52734375,
    0.640625,
    0.5703125,
    0.53515625,
    0.7734375,
    0.5234375,
    0.6328125,
    0.5703125,
    1.0,
    0.6015625,
    0.69921875,
    0.59375,
    0.388671875,
    0.91796875,
    0.91015625,
    0.357421875,
    0.859375,
    0.27734375,
    0.54296875,
    0.64453125,
    0.34765625,
    0.67578125,
    0.2490234375,
    0.6015625,
    0.6953125,
    0.404296875,
    0.83984375,
    0.92578125,
    0.8359375,
    0.44921875,
    0.70703125,
    0.58203125,
    0.62109375,
    0.494140625,
    0.625,
    0.478515625,
    0.515625,
    0.306640625,
    0.7578125,
    0.94921875,
    0.59765625,
    0.92578125
  ],
  "js_mean": 0.09590332210063934,
  "js_std": 0.034659288823604584,
  "js_per_prompt": [
    0.07470703125,
    0.1025390625,
    0.057373046875,
    0.0712890625,
    0.054443359375,
    0.1328125,
    0.09814453125,
    0.0634765625,
    0.04541015625,
    0.062255859375,
    0.05712890625,
    0.09716796875,
    0.09423828125,
    0.06396484375,
    0.07275390625,
    0.057373046875,
    0.130859375,
    0.0625,
    0.111328125,
    0.06494140625,
    0.05712890625,
    0.142578125,
    0.1591796875,
    0.058349609375,
    0.150390625,
    0.0400390625,
    0.0966796875,
    0.10888671875,
    0.06640625,
    0.107421875,
    0.040283203125,
    0.09130859375,
    0.1318359375,
    0.08447265625,
    0.140625,
    0.1298828125,
    0.14453125,
    0.0830078125,
    0.12451171875,
    0.10791015625,
    0.11474609375,
    0.0927734375,
    0.115234375,
    0.09619140625,
    0.103515625,
    0.058837890625,
    0.1455078125,
    0.1591796875,
    0.10986328125,
    0.1591796875
  ],
  "tv_mean": 0.2548242211341858,
  "tv_std": 0.07411441206932068,
  "tv_per_prompt": [
    0.2197265625,
    0.279296875,
    0.1640625,
    0.205078125,
    0.1728515625,
    0.33203125,
    0.2578125,
    0.1875,
    0.1201171875,
    0.185546875,
    0.1591796875,
    0.244140625,
    0.244140625,
    0.18359375,
    0.22265625,
    0.173828125,
    0.3359375,
    0.1591796875,
    0.294921875,
    0.193359375,
    0.1708984375,
    0.349609375,
    0.390625,
    0.1865234375,
    0.361328125,
    0.13671875,
    0.2734375,
    0.28125,
    0.1943359375,
    0.267578125,
    0.1357421875,
    0.236328125,
    0.349609375,
    0.228515625,
    0.328125,
    0.32421875,
    0.369140625,
    0.2265625,
    0.32421875,
    0.28515625,
    0.31640625,
    0.2578125,
    0.3046875,
    0.265625,
    0.28125,
    0.1796875,
    0.36328125,
    0.359375,
    0.287109375,
    0.37109375
  ],
  "target_model": "Qwen/Qwen2.5-7B-Instruct",
  "draft_model": "Qwen/Qwen2.5-0.5B-Instruct",
  "adapter_path": "results/exp2/code_with_checkpoints/checkpoints/step_312",
  "domain": "code",
  "divergence_types": [
    "kl",
    "js",
    "tv"
  ],
  "max_seq_len": 512,
  "seed": 42
}