{
  "alpha": 0.5409345794392524,
  "alpha_std": 0.14108620584011078,
  "mean_accepted_length": 2.7046728971962617,
  "per_position_alpha": [
    0.6700934579439253,
    0.8744769874476988,
    0.8995215311004785,
    0.9140070921985816,
    0.9127061105722599
  ],
  "per_prompt_alpha": [
    0.6648648648648648,
    0.5155555555555555,
    0.5571428571428572,
    0.7636363636363637,
    0.7575757575757576,
    0.5476190476190477,
    0.585,
    0.4765957446808511,
    0.5707317073170731,
    0.4530612244897959,
    0.8533333333333334,
    0.5395348837209303,
    0.5363636363636364,
    0.6210526315789474,
    0.5272727272727272,
    0.585,
    0.5609756097560976,
    0.8266666666666667,
    0.31746031746031744,
    0.3678571428571429,
    0.43529411764705883,
    0.8620689655172413,
    0.6648648648648648,
    0.711764705882353,
    0.6324324324324324,
    0.7515151515151515,
    0.6157894736842106,
    0.5255813953488372,
    0.31746031746031744,
    0.5666666666666667,
    0.68,
    0.9071428571428571,
    0.4782608695652174,
    0.5302325581395348,
    0.3890909090909091,
    0.37857142857142856,
    0.605,
    0.41923076923076924,
    0.6611111111111111,
    0.5707317073170731,
    0.5318181818181819,
    0.37454545454545457,
    0.6486486486486487,
    0.5853658536585366,
    0.6256410256410256,
    0.4075471698113208,
    0.432,
    0.5658536585365853,
    0.39285714285714285,
    0.4723404255319149
  ],
  "num_prompts": 50,
  "total_tokens_generated": 6494,
  "draft_k": 5,
  "max_new_tokens": 128,
  "target_model": "meta-llama/Llama-3.1-8B-Instruct",
  "draft_model": "meta-llama/Llama-3.2-1B-Instruct",
  "adapter_path": "results/exp4_llama/code_lam_0.05/final",
  "domain": "code",
  "seed": 42
}