{
  "num_prompts": 50,
  "avg_seq_len": 88.72,
  "kl_mean": 0.5948827862739563,
  "kl_std": 0.15843060612678528,
  "kl_per_prompt": [
    0.765625,
    1.0234375,
    0.671875,
    0.734375,
    0.51171875,
    0.95703125,
    0.73828125,
    0.55859375,
    0.4609375,
    0.58984375,
    0.494140625,
    0.72265625,
    0.5625,
    0.6484375,
    0.52734375,
    0.54296875,
    0.54296875,
    0.59375,
    0.73828125,
    0.83203125,
    0.41015625,
    0.7265625,
    0.80859375,
    0.318359375,
    0.83984375,
    0.33203125,
    0.65234375,
    0.6015625,
    0.396484375,
    0.671875,
    0.294921875,
    0.5859375,
    0.6484375,
    0.369140625,
    0.7421875,
    0.6171875,
    0.69921875,
    0.4609375,
    0.609375,
    0.51171875,
    0.52734375,
    0.4375,
    0.5234375,
    0.462890625,
    0.51171875,
    0.353515625,
    0.546875,
    0.69921875,
    0.50390625,
    0.6640625
  ],
  "js_mean": 0.09305664151906967,
  "js_std": 0.02251456305384636,
  "js_per_prompt": [
    0.11181640625,
    0.146484375,
    0.09130859375,
    0.10498046875,
    0.0771484375,
    0.1494140625,
    0.1083984375,
    0.0849609375,
    0.0625,
    0.08642578125,
    0.0712890625,
    0.107421875,
    0.0966796875,
    0.09814453125,
    0.07470703125,
    0.07861328125,
    0.0966796875,
    0.078125,
    0.11279296875,
    0.09814453125,
    0.06884765625,
    0.11181640625,
    0.1279296875,
    0.049560546875,
    0.1279296875,
    0.058349609375,
    0.1025390625,
    0.0927734375,
    0.0634765625,
    0.1083984375,
    0.0517578125,
    0.0859375,
    0.10302734375,
    0.0654296875,
    0.11328125,
    0.10107421875,
    0.11572265625,
    0.07568359375,
    0.10205078125,
    0.08642578125,
    0.0869140625,
    0.07568359375,
    0.09033203125,
    0.0830078125,
    0.08837890625,
    0.05859375,
    0.09423828125,
    0.1220703125,
    0.08740234375,
    0.1181640625
  ],
  "tv_mean": 0.24519531428813934,
  "tv_std": 0.04945540800690651,
  "tv_per_prompt": [
    0.267578125,
    0.326171875,
    0.2255859375,
    0.2451171875,
    0.19140625,
    0.353515625,
    0.251953125,
    0.224609375,
    0.1630859375,
    0.21875,
    0.1767578125,
    0.25,
    0.25,
    0.244140625,
    0.2099609375,
    0.205078125,
    0.287109375,
    0.1806640625,
    0.2890625,
    0.236328125,
    0.1884765625,
    0.294921875,
    0.341796875,
    0.1630859375,
    0.306640625,
    0.1767578125,
    0.2890625,
    0.23828125,
    0.1806640625,
    0.267578125,
    0.1630859375,
    0.228515625,
    0.287109375,
    0.18359375,
    0.275390625,
    0.28125,
    0.31640625,
    0.2099609375,
    0.287109375,
    0.2421875,
    0.2578125,
    0.2236328125,
    0.267578125,
    0.2421875,
    0.25390625,
    0.1708984375,
    0.263671875,
    0.30859375,
    0.248046875,
    0.3046875
  ],
  "target_model": "meta-llama/Llama-3.1-8B-Instruct",
  "draft_model": "meta-llama/Llama-3.2-1B-Instruct",
  "adapter_path": "results/exp4_llama/code_lam_0.05/final",
  "domain": "code",
  "divergence_types": [
    "kl",
    "js",
    "tv"
  ],
  "max_seq_len": 512,
  "seed": 42
}