{
  "num_prompts": 50,
  "avg_seq_len": 52.88,
  "kl_mean": 0.41843751072883606,
  "kl_std": 0.14889651536941528,
  "kl_per_prompt": [
    0.25390625,
    0.45703125,
    0.28125,
    0.40625,
    0.26953125,
    0.62890625,
    0.337890625,
    0.33203125,
    0.31640625,
    0.341796875,
    0.357421875,
    0.466796875,
    0.65625,
    0.396484375,
    0.47265625,
    0.3203125,
    0.32421875,
    0.71484375,
    0.28515625,
    0.4140625,
    0.287109375,
    0.64453125,
    0.27734375,
    0.373046875,
    0.2265625,
    0.427734375,
    0.40625,
    0.37890625,
    0.365234375,
    0.326171875,
    0.88671875,
    0.458984375,
    0.310546875,
    0.5,
    0.31640625,
    0.53515625,
    0.306640625,
    0.72265625,
    0.8203125,
    0.337890625,
    0.3125,
    0.423828125,
    0.4296875,
    0.263671875,
    0.439453125,
    0.302734375,
    0.53125,
    0.349609375,
    0.416015625,
    0.51171875
  ],
  "js_mean": 0.0814208984375,
  "js_std": 0.023118803277611732,
  "js_per_prompt": [
    0.0546875,
    0.06689453125,
    0.057373046875,
    0.08935546875,
    0.054443359375,
    0.12353515625,
    0.061279296875,
    0.049560546875,
    0.0615234375,
    0.0654296875,
    0.07763671875,
    0.091796875,
    0.109375,
    0.07763671875,
    0.0947265625,
    0.06396484375,
    0.057373046875,
    0.1259765625,
    0.057373046875,
    0.08837890625,
    0.0615234375,
    0.1259765625,
    0.0625,
    0.0830078125,
    0.04638671875,
    0.07470703125,
    0.08203125,
    0.0751953125,
    0.07421875,
    0.07421875,
    0.1396484375,
    0.09521484375,
    0.06494140625,
    0.09619140625,
    0.07177734375,
    0.10498046875,
    0.0673828125,
    0.1201171875,
    0.1376953125,
    0.07177734375,
    0.06787109375,
    0.08544921875,
    0.08935546875,
    0.062255859375,
    0.09814453125,
    0.0634765625,
    0.0908203125,
    0.07421875,
    0.08447265625,
    0.09716796875
  ],
  "tv_mean": 0.24482421576976776,
  "tv_std": 0.048516321927309036,
  "tv_per_prompt": [
    0.177734375,
    0.205078125,
    0.201171875,
    0.2890625,
    0.181640625,
    0.3515625,
    0.1943359375,
    0.1455078125,
    0.2265625,
    0.193359375,
    0.2421875,
    0.255859375,
    0.291015625,
    0.240234375,
    0.275390625,
    0.2099609375,
    0.1865234375,
    0.31640625,
    0.20703125,
    0.26171875,
    0.2080078125,
    0.333984375,
    0.220703125,
    0.2578125,
    0.1796875,
    0.2236328125,
    0.271484375,
    0.251953125,
    0.193359375,
    0.2451171875,
    0.34375,
    0.28515625,
    0.228515625,
    0.265625,
    0.2255859375,
    0.29296875,
    0.2021484375,
    0.328125,
    0.361328125,
    0.2255859375,
    0.2265625,
    0.255859375,
    0.25,
    0.2080078125,
    0.279296875,
    0.2197265625,
    0.248046875,
    0.2421875,
    0.2451171875,
    0.26953125
  ],
  "target_model": "Qwen/Qwen2.5-7B-Instruct",
  "draft_model": "Qwen/Qwen2.5-0.5B-Instruct",
  "adapter_path": "results/exp4/medical_lam_1.0/final",
  "domain": "medical",
  "divergence_types": [
    "kl",
    "js",
    "tv"
  ],
  "max_seq_len": 512,
  "seed": 42
}